file,model,term,p_value,p_display,sig,highlight,significant_0_05,Sum Sq,Mean Sq,NumDF,DenDF,F value,statistic,parameter,estimate,conf_low,conf_high,method,Df,Estimate,Std. Error,t value,x,contrast,Sex,SE,df,lower.CL,upper.CL,t.ratio,p.value,Group,emmean,fix,Chisq
main_manuscript/cortisol/auc_predictors/01_aucg_predictor_model_anova.csv,aucg_predictor_model,medication:Group:AUCg,0.00838428626133011,0.008 **,**,significant,TRUE,0.639450096978039,0.21315003232601296,3,177.25736050699612,4.0290970364397065,NA,NA,NA,NA,NA,NA,NA,NA,NA,NA,NA,NA,NA,NA,NA,NA,NA,NA,NA,NA,NA,NA,NA
main_manuscript/cortisol/auc_predictors/01_aucg_predictor_model_anova.csv,aucg_predictor_model,Group:AUCg,0.03145260172324291,0.031 *,*,significant,TRUE,0.24841889144126633,0.24841889144126633,1,194.48120651771745,4.695771369955792,NA,NA,NA,NA,NA,NA,NA,NA,NA,NA,NA,NA,NA,NA,NA,NA,NA,NA,NA,NA,NA,NA,NA
main_manuscript/cortisol/auc_predictors/01_aucg_predictor_model_anova.csv,aucg_predictor_model,AUCg,0.0594075383344213,0.059 .,.,trend,FALSE,0.1902285253918091,0.1902285253918091,1,194.48120652559123,3.5958201813929325,NA,NA,NA,NA,NA,NA,NA,NA,NA,NA,NA,NA,NA,NA,NA,NA,NA,NA,NA,NA,NA,NA,NA
main_manuscript/cortisol/auc_predictors/01_aucg_predictor_model_anova.csv,aucg_predictor_model,medication:AUCg,0.14915867485890572,0.149,NA,NA,FALSE,0.28544758631260864,0.0951491954375362,3,177.25736052725645,1.7985704115242276,NA,NA,NA,NA,NA,NA,NA,NA,NA,NA,NA,NA,NA,NA,NA,NA,NA,NA,NA,NA,NA,NA,NA
main_manuscript/cortisol/auc_predictors/01_aucg_predictor_model_anova.csv,aucg_predictor_model,medication:Group,0.19442625629768912,0.194,NA,NA,FALSE,0.25179118869015854,0.08393039623005284,3,172.3511200735073,1.5865055568018624,NA,NA,NA,NA,NA,NA,NA,NA,NA,NA,NA,NA,NA,NA,NA,NA,NA,NA,NA,NA,NA,NA,NA
main_manuscript/cortisol/auc_predictors/01_aucg_predictor_model_anova.csv,aucg_predictor_model,medication,0.25606644916115473,0.256,NA,NA,FALSE,0.21618626383465825,0.07206208794488607,3,172.35112009609438,1.362163269740044,NA,NA,NA,NA,NA,NA,NA,NA,NA,NA,NA,NA,NA,NA,NA,NA,NA,NA,NA,NA,NA,NA,NA
main_manuscript/cortisol/auc_predictors/01_aucg_predictor_model_anova.csv,aucg_predictor_model,Group,0.8490915603143235,0.849,NA,NA,FALSE,0.00192223379890132,0.00192223379890132,1,144.905977701921,0.03633528185748422,NA,NA,NA,NA,NA,NA,NA,NA,NA,NA,NA,NA,NA,NA,NA,NA,NA,NA,NA,NA,NA,NA,NA
main_manuscript/cortisol/auc_predictors/02_auci_predictor_model_anova.csv,auci_predictor_model,Group:AUCi,0.00254486585110624,0.003 **,**,significant,TRUE,0.5055376334804497,0.5055376334804497,1,201.53081744409545,9.340588055337244,NA,NA,NA,NA,NA,NA,NA,NA,NA,NA,NA,NA,NA,NA,NA,NA,NA,NA,NA,NA,NA,NA,NA
main_manuscript/cortisol/auc_predictors/02_auci_predictor_model_anova.csv,auci_predictor_model,medication:AUCi,0.14074246528930737,0.141,NA,NA,FALSE,0.29960940266767505,0.09986980088922502,3,173.95696495237897,1.845248716406153,NA,NA,NA,NA,NA,NA,NA,NA,NA,NA,NA,NA,NA,NA,NA,NA,NA,NA,NA,NA,NA,NA,NA
main_manuscript/cortisol/auc_predictors/02_auci_predictor_model_anova.csv,auci_predictor_model,medication:Group:AUCi,0.32684148236102706,0.327,NA,NA,FALSE,0.1882368840994459,0.06274562803314863,3,173.956964945218,1.159322323238527,NA,NA,NA,NA,NA,NA,NA,NA,NA,NA,NA,NA,NA,NA,NA,NA,NA,NA,NA,NA,NA,NA,NA
main_manuscript/cortisol/auc_predictors/02_auci_predictor_model_anova.csv,auci_predictor_model,Group,0.49826912066417495,0.498,NA,NA,FALSE,0.0250446364909562,0.0250446364909562,1,81.74397836115241,0.46273831454871395,NA,NA,NA,NA,NA,NA,NA,NA,NA,NA,NA,NA,NA,NA,NA,NA,NA,NA,NA,NA,NA,NA,NA
main_manuscript/cortisol/auc_predictors/02_auci_predictor_model_anova.csv,auci_predictor_model,AUCi,0.5263558832613459,0.526,NA,NA,FALSE,0.02180174340122486,0.02180174340122486,1,201.53081744362467,0.402820859442275,NA,NA,NA,NA,NA,NA,NA,NA,NA,NA,NA,NA,NA,NA,NA,NA,NA,NA,NA,NA,NA,NA,NA
main_manuscript/cortisol/auc_predictors/02_auci_predictor_model_anova.csv,auci_predictor_model,medication,0.731575250042128,0.732,NA,NA,FALSE,0.0698640774754756,0.02328802582515853,3,167.03297441774754,0.4302822212409498,NA,NA,NA,NA,NA,NA,NA,NA,NA,NA,NA,NA,NA,NA,NA,NA,NA,NA,NA,NA,NA,NA,NA
main_manuscript/cortisol/auc_predictors/02_auci_predictor_model_anova.csv,auci_predictor_model,medication:Group,0.7641022549731851,0.764,NA,NA,FALSE,0.06247643887889757,0.02082547962629919,3,167.03297440562213,0.38478287937707406,NA,NA,NA,NA,NA,NA,NA,NA,NA,NA,NA,NA,NA,NA,NA,NA,NA,NA,NA,NA,NA,NA,NA
main_manuscript/cortisol/auc_summary/01_aucg_model_anova.csv,aucg_model,medication,0.00160395816274072,0.002 **,**,significant,TRUE,155.81564480207018,51.93854826735673,3,173.19575654889363,5.303310494082532,NA,NA,NA,NA,NA,NA,NA,NA,NA,NA,NA,NA,NA,NA,NA,NA,NA,NA,NA,NA,NA,NA,NA
main_manuscript/cortisol/auc_summary/01_aucg_model_anova.csv,aucg_model,Group:medication,0.13726928513845324,0.137,NA,NA,FALSE,54.801865715708495,18.26728857190283,3,173.19575655139042,1.865225471515407,NA,NA,NA,NA,NA,NA,NA,NA,NA,NA,NA,NA,NA,NA,NA,NA,NA,NA,NA,NA,NA,NA,NA
main_manuscript/cortisol/auc_summary/01_aucg_model_anova.csv,aucg_model,Group,0.905756968159764,0.906,NA,NA,FALSE,0.13835363179346588,0.13835363179346588,1,64.72326005617026,0.01412693061053205,NA,NA,NA,NA,NA,NA,NA,NA,NA,NA,NA,NA,NA,NA,NA,NA,NA,NA,NA,NA,NA,NA,NA
main_manuscript/cortisol/auc_summary/02_auci_model_anova.csv,auci_model,medication:Group,0.06391364829648971,0.064 .,.,trend,FALSE,87.48844303232369,29.162814344107897,3,174.26852436797287,2.465679666754603,NA,NA,NA,NA,NA,NA,NA,NA,NA,NA,NA,NA,NA,NA,NA,NA,NA,NA,NA,NA,NA,NA,NA
main_manuscript/cortisol/auc_summary/02_auci_model_anova.csv,auci_model,medication,0.07560501857578354,0.076 .,.,trend,FALSE,82.83963938278092,27.61321312759364,3,174.2685243724713,2.334662812000687,NA,NA,NA,NA,NA,NA,NA,NA,NA,NA,NA,NA,NA,NA,NA,NA,NA,NA,NA,NA,NA,NA,NA
main_manuscript/cortisol/auc_summary/02_auci_model_anova.csv,auci_model,Group,0.1901544590214517,0.190,NA,NA,FALSE,20.72517759792232,20.72517759792232,1,66.02514190615774,1.7522879784543062,NA,NA,NA,NA,NA,NA,NA,NA,NA,NA,NA,NA,NA,NA,NA,NA,NA,NA,NA,NA,NA,NA,NA
main_manuscript/cortisol/rank_correlations/01_spearman_auci_eye_rate_asd.csv,NA,spearman_auci_eye_rate_asd,0.0968948634106694,0.097 .,.,trend,FALSE,NA,NA,NA,NA,NA,4650.000000000001,NA,0.28953399541634833,NA,NA,Spearman's rank correlation rho,NA,NA,NA,NA,NA,NA,NA,NA,NA,NA,NA,NA,NA,NA,NA,NA,NA
main_manuscript/cortisol/rank_correlations/02_spearman_auci_eye_rate_ctrl.csv,NA,spearman_auci_eye_rate_ctrl,0.2627130556162649,0.263,NA,NA,FALSE,NA,NA,NA,NA,NA,11692,NA,-0.1834008097165992,NA,NA,Spearman's rank correlation rho,NA,NA,NA,NA,NA,NA,NA,NA,NA,NA,NA,NA,NA,NA,NA,NA,NA
main_manuscript/cortisol/rank_correlations/03_spearman_t2t3_eye_rate_asd.csv,NA,spearman_t2t3_eye_rate_asd,0.9340082334037156,0.934,NA,NA,FALSE,NA,NA,NA,NA,NA,6641.999999999999,NA,-0.01482047364400305,NA,NA,Spearman's rank correlation rho,NA,NA,NA,NA,NA,NA,NA,NA,NA,NA,NA,NA,NA,NA,NA,NA,NA
main_manuscript/cortisol/rank_correlations/04_spearman_t2t3_eye_rate_ctrl.csv,NA,spearman_t2t3_eye_rate_ctrl,0.3471526759101045,0.347,NA,NA,FALSE,NA,NA,NA,NA,NA,11404,NA,-0.154251012145749,NA,NA,Spearman's rank correlation rho,NA,NA,NA,NA,NA,NA,NA,NA,NA,NA,NA,NA,NA,NA,NA,NA,NA
main_manuscript/cortisol/rank_correlations/05_kendall_auci_eye_rate_ctrl.csv,NA,kendall_auci_eye_rate_ctrl,0.33548409759252984,0.335,NA,NA,FALSE,NA,NA,NA,NA,NA,330,NA,-0.10931174089068828,NA,NA,Kendall's rank correlation tau,NA,NA,NA,NA,NA,NA,NA,NA,NA,NA,NA,NA,NA,NA,NA,NA,NA
main_manuscript/cortisol/rank_correlations/06_kendall_auci_eye_rate_asd.csv,NA,kendall_auci_eye_rate_asd,0.08551642258795011,0.086 .,.,trend,FALSE,NA,NA,NA,NA,NA,339,NA,0.20855614973262035,NA,NA,Kendall's rank correlation tau,NA,NA,NA,NA,NA,NA,NA,NA,NA,NA,NA,NA,NA,NA,NA,NA,NA
main_manuscript/cortisol/rank_correlations/07_kendall_t2t3_eye_rate_ctrl.csv,NA,kendall_t2t3_eye_rate_ctrl,0.3731365436413909,0.373,NA,NA,FALSE,NA,NA,NA,NA,NA,333,NA,-0.10121457489878544,NA,NA,Kendall's rank correlation tau,NA,NA,NA,NA,NA,NA,NA,NA,NA,NA,NA,NA,NA,NA,NA,NA,NA
main_manuscript/cortisol/rank_correlations/08_kendall_t2t3_eye_rate_asd.csv,NA,kendall_t2t3_eye_rate_asd,1,1,NA,NA,FALSE,NA,NA,NA,NA,NA,280,NA,-0.0017825311942959,NA,NA,Kendall's rank correlation tau,NA,NA,NA,NA,NA,NA,NA,NA,NA,NA,NA,NA,NA,NA,NA,NA,NA
main_manuscript/cortisol/raw_cortisol/01_raw_cortisol_model_anova.csv,raw_cortisol_model,timepoint,2.770722907702979e-27,<0.001 ***,***,significant,TRUE,32.680402740419794,16.340201370209897,2,476.38693637941833,69.71735714599845,NA,NA,NA,NA,NA,NA,NA,NA,NA,NA,NA,NA,NA,NA,NA,NA,NA,NA,NA,NA,NA,NA,NA
main_manuscript/cortisol/raw_cortisol/01_raw_cortisol_model_anova.csv,raw_cortisol_model,medication:timepoint,6.127836483753379e-11,<0.001 ***,***,significant,TRUE,14.746138017639726,2.457689669606621,6,476.4608761699486,10.486016944832471,NA,NA,NA,NA,NA,NA,NA,NA,NA,NA,NA,NA,NA,NA,NA,NA,NA,NA,NA,NA,NA,NA,NA
main_manuscript/cortisol/raw_cortisol/01_raw_cortisol_model_anova.csv,raw_cortisol_model,medication,4.3939862600323744e-5,<0.001 ***,***,significant,TRUE,5.699081534255153,1.8996938447517175,3,173.92701970351723,8.105263285437049,NA,NA,NA,NA,NA,NA,NA,NA,NA,NA,NA,NA,NA,NA,NA,NA,NA,NA,NA,NA,NA,NA,NA
main_manuscript/cortisol/raw_cortisol/01_raw_cortisol_model_anova.csv,raw_cortisol_model,Group:medication,0.1319585221102784,0.132,NA,NA,FALSE,1.3334651945091105,0.4444883981697035,3,173.92701990029437,1.896461108425858,NA,NA,NA,NA,NA,NA,NA,NA,NA,NA,NA,NA,NA,NA,NA,NA,NA,NA,NA,NA,NA,NA,NA
main_manuscript/cortisol/raw_cortisol/01_raw_cortisol_model_anova.csv,raw_cortisol_model,Group:timepoint,0.16340029542268844,0.163,NA,NA,FALSE,0.8524126632956869,0.42620633164784344,2,476.38693632992346,1.8184585592409304,NA,NA,NA,NA,NA,NA,NA,NA,NA,NA,NA,NA,NA,NA,NA,NA,NA,NA,NA,NA,NA,NA,NA
main_manuscript/cortisol/raw_cortisol/01_raw_cortisol_model_anova.csv,raw_cortisol_model,Group,0.4290088765086737,0.429,NA,NA,FALSE,0.1484733144673642,0.1484733144673642,1,64.34354957573606,0.6334785512645371,NA,NA,NA,NA,NA,NA,NA,NA,NA,NA,NA,NA,NA,NA,NA,NA,NA,NA,NA,NA,NA,NA,NA
main_manuscript/cortisol/raw_cortisol/01_raw_cortisol_model_anova.csv,raw_cortisol_model,Group:medication:timepoint,0.6257674406369325,0.626,NA,NA,FALSE,1.026335153793689,0.1710558589656148,6,476.46087617104826,0.7298295866269436,NA,NA,NA,NA,NA,NA,NA,NA,NA,NA,NA,NA,NA,NA,NA,NA,NA,NA,NA,NA,NA,NA,NA
main_manuscript/cortisol/t2t3/01_t2t3_summary_model_anova.csv,t2t3_summary_model,medication,5.014579337827539e-7,<0.001 ***,***,significant,TRUE,252.20881602924615,84.06960534308206,3,185.03289315992103,11.64576628406698,NA,NA,NA,NA,NA,NA,NA,NA,NA,NA,NA,NA,NA,NA,NA,NA,NA,NA,NA,NA,NA,NA,NA
main_manuscript/cortisol/t2t3/01_t2t3_summary_model_anova.csv,t2t3_summary_model,Group,0.26911056204631245,0.269,NA,NA,FALSE,8.960897410769956,8.960897410769956,1,68.5357873872566,1.2413108936988149,NA,NA,NA,NA,NA,NA,NA,NA,NA,NA,NA,NA,NA,NA,NA,NA,NA,NA,NA,NA,NA,NA,NA
main_manuscript/cortisol/t2t3/01_t2t3_summary_model_anova.csv,t2t3_summary_model,Group:medication,0.671944033490742,0.672,NA,NA,FALSE,11.16903589307697,3.7230119643589896,3,185.03289174622853,0.5157313042302475,NA,NA,NA,NA,NA,NA,NA,NA,NA,NA,NA,NA,NA,NA,NA,NA,NA,NA,NA,NA,NA,NA,NA
main_manuscript/cortisol/t2t3/02_t2t3_predictor_model_anova.csv,t2t3_predictor_model,Group:T2T3,0.01376798400083686,0.014 *,*,significant,TRUE,0.33099093788625406,0.33099093788625406,1,174.15676682502095,6.192601267011304,NA,NA,NA,NA,NA,NA,NA,NA,NA,NA,NA,NA,NA,NA,NA,NA,NA,NA,NA,NA,NA,NA,NA
main_manuscript/cortisol/t2t3/02_t2t3_predictor_model_anova.csv,t2t3_predictor_model,medication:Group:T2T3,0.0818806046343931,0.082 .,.,trend,FALSE,0.3643681195455829,0.12145603984852764,3,174.07369955259696,2.2723547389404324,NA,NA,NA,NA,NA,NA,NA,NA,NA,NA,NA,NA,NA,NA,NA,NA,NA,NA,NA,NA,NA,NA,NA
main_manuscript/cortisol/t2t3/02_t2t3_predictor_model_anova.csv,t2t3_predictor_model,medication:T2T3,0.09501473486009628,0.095 .,.,trend,FALSE,0.34566444200687046,0.11522148066895682,3,174.07369954659654,2.1557106419109995,NA,NA,NA,NA,NA,NA,NA,NA,NA,NA,NA,NA,NA,NA,NA,NA,NA,NA,NA,NA,NA,NA,NA
main_manuscript/cortisol/t2t3/02_t2t3_predictor_model_anova.csv,t2t3_predictor_model,T2T3,0.17654121804828887,0.177,NA,NA,FALSE,0.09842261697342686,0.09842261697342686,1,174.15676681371087,1.8414160413710936,NA,NA,NA,NA,NA,NA,NA,NA,NA,NA,NA,NA,NA,NA,NA,NA,NA,NA,NA,NA,NA,NA,NA
main_manuscript/cortisol/t2t3/02_t2t3_predictor_model_anova.csv,t2t3_predictor_model,Group,0.22835883843505717,0.228,NA,NA,FALSE,0.07882646674325684,0.07882646674325684,1,75.86136155410237,1.474786231144696,NA,NA,NA,NA,NA,NA,NA,NA,NA,NA,NA,NA,NA,NA,NA,NA,NA,NA,NA,NA,NA,NA,NA
main_manuscript/cortisol/t2t3/02_t2t3_predictor_model_anova.csv,t2t3_predictor_model,medication:Group,0.7209080920242736,0.721,NA,NA,FALSE,0.07141158378392634,0.02380386126130878,3,166.27038069640503,0.4453530430407105,NA,NA,NA,NA,NA,NA,NA,NA,NA,NA,NA,NA,NA,NA,NA,NA,NA,NA,NA,NA,NA,NA,NA
main_manuscript/cortisol/t2t3/02_t2t3_predictor_model_anova.csv,t2t3_predictor_model,medication,0.7306820463969484,0.731,NA,NA,FALSE,0.0691970952764259,0.0230656984254753,3,166.2703807052869,0.4315425497938714,NA,NA,NA,NA,NA,NA,NA,NA,NA,NA,NA,NA,NA,NA,NA,NA,NA,NA,NA,NA,NA,NA,NA
main_manuscript/eye_tracking/group_aoi_medication/01_main_model_anova.csv,main_group_fix_medication,fix,9.82099449249924e-67,<0.001 ***,***,significant,TRUE,39.964819049701006,13.321606349900335,3,891.7508163516508,123.14437687514572,NA,NA,NA,NA,NA,NA,NA,NA,NA,NA,NA,NA,NA,NA,NA,NA,NA,NA,NA,NA,NA,NA,NA
main_manuscript/eye_tracking/group_aoi_medication/01_main_model_anova.csv,main_group_fix_medication,Group:fix,0.00144996820199501,0.001 **,**,significant,TRUE,1.6881466335756454,0.5627155445252151,3,891.7508163244818,5.201719167225982,NA,NA,NA,NA,NA,NA,NA,NA,NA,NA,NA,NA,NA,NA,NA,NA,NA,NA,NA,NA,NA,NA,NA
main_manuscript/eye_tracking/group_aoi_medication/01_main_model_anova.csv,main_group_fix_medication,medication,0.26506022915255145,0.265,NA,NA,FALSE,0.4298257527380871,0.1432752509126957,3,922.03845079085,1.3244304802180304,NA,NA,NA,NA,NA,NA,NA,NA,NA,NA,NA,NA,NA,NA,NA,NA,NA,NA,NA,NA,NA,NA,NA
main_manuscript/eye_tracking/group_aoi_medication/01_main_model_anova.csv,main_group_fix_medication,Sex,0.3273652639295875,0.327,NA,NA,FALSE,0.24415722425021064,0.12207861212510532,2,106.32103974693383,1.128489629934244,NA,NA,NA,NA,NA,NA,NA,NA,NA,NA,NA,NA,NA,NA,NA,NA,NA,NA,NA,NA,NA,NA,NA
main_manuscript/eye_tracking/group_aoi_medication/01_main_model_anova.csv,main_group_fix_medication,Group,0.6088960184300842,0.609,NA,NA,FALSE,0.02858987369233878,0.02858987369233878,1,66.52212227830316,0.2642836072699687,NA,NA,NA,NA,NA,NA,NA,NA,NA,NA,NA,NA,NA,NA,NA,NA,NA,NA,NA,NA,NA,NA,NA
main_manuscript/eye_tracking/group_aoi_medication/01_main_model_anova.csv,main_group_fix_medication,fix:medication,0.8491758130463534,0.849,NA,NA,FALSE,0.5214741954438662,0.05794157727154069,9,891.7508163093456,0.5356095384338064,NA,NA,NA,NA,NA,NA,NA,NA,NA,NA,NA,NA,NA,NA,NA,NA,NA,NA,NA,NA,NA,NA,NA
main_manuscript/eye_tracking/group_aoi_medication/01_main_model_anova.csv,main_group_fix_medication,Group:medication,0.8929561519555378,0.893,NA,NA,FALSE,0.06653202104678584,0.02217734034892861,3,922.92341470055,0.2050064148635703,NA,NA,NA,NA,NA,NA,NA,NA,NA,NA,NA,NA,NA,NA,NA,NA,NA,NA,NA,NA,NA,NA,NA
main_manuscript/eye_tracking/group_aoi_medication/01_main_model_anova.csv,main_group_fix_medication,Group:fix:medication,0.91504540835592,0.915,NA,NA,FALSE,0.4259524593779467,0.04732805104199408,9,891.7508163062206,0.4374985419325992,NA,NA,NA,NA,NA,NA,NA,NA,NA,NA,NA,NA,NA,NA,NA,NA,NA,NA,NA,NA,NA,NA,NA
main_manuscript/eye_tracking/group_aoi_medication/01_main_model_anova.csv,main_group_fix_medication,session,0.9246805217163264,0.925,NA,NA,FALSE,0.05120447609176412,0.01706815869725471,3,916.7520624365984,0.15777735146747185,NA,NA,NA,NA,NA,NA,NA,NA,NA,NA,NA,NA,NA,NA,NA,NA,NA,NA,NA,NA,NA,NA,NA
main_manuscript/eye_tracking/group_aoi_medication/02_eyes_only_model_anova.csv,eyes_only_group_medication,Group,0.22124666407356872,0.221,NA,NA,FALSE,0.08453517097468086,0.08453517097468086,1,67.28013204313164,1.5244199490749597,NA,NA,NA,NA,NA,NA,NA,NA,NA,NA,NA,NA,NA,NA,NA,NA,NA,NA,NA,NA,NA,NA,NA
main_manuscript/eye_tracking/group_aoi_medication/02_eyes_only_model_anova.csv,eyes_only_group_medication,Sex,0.42175778941231384,0.422,NA,NA,FALSE,0.09675491895771691,0.04837745947885846,2,82.7946265110415,0.8723891306403756,NA,NA,NA,NA,NA,NA,NA,NA,NA,NA,NA,NA,NA,NA,NA,NA,NA,NA,NA,NA,NA,NA,NA
main_manuscript/eye_tracking/group_aoi_medication/02_eyes_only_model_anova.csv,eyes_only_group_medication,Group:medication,0.4617236083305246,0.462,NA,NA,FALSE,0.14350576348164262,0.04783525449388087,3,171.09774347862898,0.8626115660355168,NA,NA,NA,NA,NA,NA,NA,NA,NA,NA,NA,NA,NA,NA,NA,NA,NA,NA,NA,NA,NA,NA,NA
main_manuscript/eye_tracking/group_aoi_medication/02_eyes_only_model_anova.csv,eyes_only_group_medication,session,0.5272052127461229,0.527,NA,NA,FALSE,0.12378203732483706,0.04126067910827902,3,170.66568529788847,0.7440524650252346,NA,NA,NA,NA,NA,NA,NA,NA,NA,NA,NA,NA,NA,NA,NA,NA,NA,NA,NA,NA,NA,NA,NA
main_manuscript/eye_tracking/group_aoi_medication/02_eyes_only_model_anova.csv,eyes_only_group_medication,medication,0.941648916312409,0.942,NA,NA,FALSE,0.02176460692205636,0.00725486897401878,3,170.96025253319107,0.13082681284493589,NA,NA,NA,NA,NA,NA,NA,NA,NA,NA,NA,NA,NA,NA,NA,NA,NA,NA,NA,NA,NA,NA,NA
main_manuscript/eye_tracking/timecourse_questions/01_question_type_model_anova.csv,question_type_model,Group:medication,7.673380887707961e-5,<0.001 ***,***,significant,TRUE,2.1997995226960847,0.7332665075653616,3,2892.8397899853717,7.246148050544607,NA,NA,NA,NA,NA,NA,NA,NA,NA,NA,NA,NA,NA,NA,NA,NA,NA,NA,NA,NA,NA,NA,NA
main_manuscript/eye_tracking/timecourse_questions/01_question_type_model_anova.csv,question_type_model,q_type,0.00479362828669392,0.005 **,**,significant,TRUE,0.8738471887558857,0.8738471887558857,1,55.570404060979854,8.635367956871978,NA,NA,NA,NA,NA,NA,NA,NA,NA,NA,NA,NA,NA,NA,NA,NA,NA,NA,NA,NA,NA,NA,NA
main_manuscript/eye_tracking/timecourse_questions/01_question_type_model_anova.csv,question_type_model,Group:q_type,0.06445743823470448,0.064 .,.,trend,FALSE,0.36013544089228605,0.36013544089228605,1,55.57047926768022,3.55886256365125,NA,NA,NA,NA,NA,NA,NA,NA,NA,NA,NA,NA,NA,NA,NA,NA,NA,NA,NA,NA,NA,NA,NA
main_manuscript/eye_tracking/timecourse_questions/01_question_type_model_anova.csv,question_type_model,session,0.109649038615244,0.110,NA,NA,FALSE,0.611811113769742,0.20393703792324733,3,2889.5160939147686,2.015308151313125,NA,NA,NA,NA,NA,NA,NA,NA,NA,NA,NA,NA,NA,NA,NA,NA,NA,NA,NA,NA,NA,NA,NA
main_manuscript/eye_tracking/timecourse_questions/01_question_type_model_anova.csv,question_type_model,Group,0.1955926345960142,0.196,NA,NA,FALSE,0.17285129211847458,0.17285129211847458,1,68.61959033942173,1.7081184541989405,NA,NA,NA,NA,NA,NA,NA,NA,NA,NA,NA,NA,NA,NA,NA,NA,NA,NA,NA,NA,NA,NA,NA
main_manuscript/eye_tracking/timecourse_questions/01_question_type_model_anova.csv,question_type_model,medication,0.21319005098794488,0.213,NA,NA,FALSE,0.4546283025035616,0.1515427675011872,3,2892.4213284556313,1.4975473691671104,NA,NA,NA,NA,NA,NA,NA,NA,NA,NA,NA,NA,NA,NA,NA,NA,NA,NA,NA,NA,NA,NA,NA
main_manuscript/eye_tracking/timecourse_questions/01_question_type_model_anova.csv,question_type_model,Sex,0.38763946524112974,0.388,NA,NA,FALSE,0.19438985094485203,0.09719492547242602,2,70.78438565810977,0.9604813699636616,NA,NA,NA,NA,NA,NA,NA,NA,NA,NA,NA,NA,NA,NA,NA,NA,NA,NA,NA,NA,NA,NA,NA
main_manuscript/eye_tracking/timecourse_questions/01_question_type_model_anova.csv,question_type_model,Group:q_type:medication,0.6724527179389348,0.672,NA,NA,FALSE,0.15612549212058882,0.05204183070686294,3,2945.4014890768863,0.5142779688320803,NA,NA,NA,NA,NA,NA,NA,NA,NA,NA,NA,NA,NA,NA,NA,NA,NA,NA,NA,NA,NA,NA,NA
main_manuscript/eye_tracking/timecourse_questions/01_question_type_model_anova.csv,question_type_model,q_type:medication,0.7726511994080911,0.773,NA,NA,FALSE,0.11317048595092152,0.03772349531697384,3,2945.400233015123,0.37278401403933326,NA,NA,NA,NA,NA,NA,NA,NA,NA,NA,NA,NA,NA,NA,NA,NA,NA,NA,NA,NA,NA,NA,NA
main_manuscript/eye_tracking/timecourse_questions/02_label_timecourse_model_anova.csv,label_timecourse_model,label,9.4101407522065e-6,<0.001 ***,***,significant,TRUE,4.780123397659711,0.39834361647164257,12,2871.0007303793514,3.79237907389398,NA,NA,NA,NA,NA,NA,NA,NA,NA,NA,NA,NA,NA,NA,NA,NA,NA,NA,NA,NA,NA,NA,NA
main_manuscript/eye_tracking/timecourse_questions/02_label_timecourse_model_anova.csv,label_timecourse_model,Group:medication,5.317003316896693e-5,<0.001 ***,***,significant,TRUE,2.3643976907949176,0.7881325635983059,3,2888.1344480942907,7.503314520561436,NA,NA,NA,NA,NA,NA,NA,NA,NA,NA,NA,NA,NA,NA,NA,NA,NA,NA,NA,NA,NA,NA,NA
main_manuscript/eye_tracking/timecourse_questions/02_label_timecourse_model_anova.csv,label_timecourse_model,Group,0.08775980643904017,0.088 .,.,trend,FALSE,0.31481798974922287,0.31481798974922287,1,70.88744901916252,2.997184106991494,NA,NA,NA,NA,NA,NA,NA,NA,NA,NA,NA,NA,NA,NA,NA,NA,NA,NA,NA,NA,NA,NA,NA
main_manuscript/eye_tracking/timecourse_questions/02_label_timecourse_model_anova.csv,label_timecourse_model,medication,0.2617421788837209,0.262,NA,NA,FALSE,0.4200992994292894,0.14003309980976314,3,2888.134448567167,1.3331670834214508,NA,NA,NA,NA,NA,NA,NA,NA,NA,NA,NA,NA,NA,NA,NA,NA,NA,NA,NA,NA,NA,NA,NA
main_manuscript/eye_tracking/timecourse_questions/02_label_timecourse_model_anova.csv,label_timecourse_model,Group:label,0.5454287160356287,0.545,NA,NA,FALSE,1.135424584579117,0.09461871538159312,12,2871.0007303202565,0.9008052881335143,NA,NA,NA,NA,NA,NA,NA,NA,NA,NA,NA,NA,NA,NA,NA,NA,NA,NA,NA,NA,NA,NA,NA
main_manuscript/eye_tracking/timecourse_questions/02_label_timecourse_model_anova.csv,label_timecourse_model,label:medication,0.9936570334128524,0.994,NA,NA,FALSE,1.91999396100113,0.05333316558336472,36,2870.9868310899437,0.5077515309380476,NA,NA,NA,NA,NA,NA,NA,NA,NA,NA,NA,NA,NA,NA,NA,NA,NA,NA,NA,NA,NA,NA,NA
main_manuscript/eye_tracking/timecourse_questions/02_label_timecourse_model_anova.csv,label_timecourse_model,Group:label:medication,0.9999995588317222,1.000,NA,NA,FALSE,0.8712003564713126,0.0242000099019809,36,2870.986831072073,0.23039307609146245,NA,NA,NA,NA,NA,NA,NA,NA,NA,NA,NA,NA,NA,NA,NA,NA,NA,NA,NA,NA,NA,NA,NA
main_manuscript/social_traits_mediation/aq_sias/anova_aq_scaled_sqrt_rate_all.csv,AQ_scaled_sqrt_rate_all,fix,3.752325971194397e-64,<0.001 ***,***,significant,TRUE,38.17804226116286,12.726014087054285,3,852.2754544724049,118.51974262187828,NA,NA,NA,NA,NA,NA,NA,NA,NA,NA,NA,NA,NA,NA,NA,NA,NA,NA,NA,NA,NA,NA,NA
main_manuscript/social_traits_mediation/aq_sias/anova_aq_scaled_sqrt_rate_all.csv,AQ_scaled_sqrt_rate_all,AQ_scaled:fix,2.915399044081784e-5,<0.001 ***,***,significant,TRUE,2.5765883491838,0.8588627830612666,3,852.2754544779791,7.998749278415535,NA,NA,NA,NA,NA,NA,NA,NA,NA,NA,NA,NA,NA,NA,NA,NA,NA,NA,NA,NA,NA,NA,NA
main_manuscript/social_traits_mediation/aq_sias/anova_aq_scaled_sqrt_rate_all.csv,AQ_scaled_sqrt_rate_all,Sex,0.2249335232758745,0.225,NA,NA,FALSE,0.1615692782418175,0.1615692782418175,1,57.63499731075504,1.5047248212857616,NA,NA,NA,NA,NA,NA,NA,NA,NA,NA,NA,NA,NA,NA,NA,NA,NA,NA,NA,NA,NA,NA,NA
main_manuscript/social_traits_mediation/aq_sias/anova_aq_scaled_sqrt_rate_all.csv,AQ_scaled_sqrt_rate_all,medication,0.2923853068516422,0.292,NA,NA,FALSE,0.40091323899496045,0.13363774633165348,3,864.7925605598823,1.2445932553153134,NA,NA,NA,NA,NA,NA,NA,NA,NA,NA,NA,NA,NA,NA,NA,NA,NA,NA,NA,NA,NA,NA,NA
main_manuscript/social_traits_mediation/aq_sias/anova_aq_scaled_sqrt_rate_all.csv,AQ_scaled_sqrt_rate_all,AQ_scaled,0.5697102381519926,0.570,NA,NA,FALSE,0.03510288226991965,0.03510288226991965,1,57.41818474122127,0.3269196893431998,NA,NA,NA,NA,NA,NA,NA,NA,NA,NA,NA,NA,NA,NA,NA,NA,NA,NA,NA,NA,NA,NA,NA
main_manuscript/social_traits_mediation/aq_sias/anova_aq_scaled_sqrt_rate_all.csv,AQ_scaled_sqrt_rate_all,fix:medication,0.8392914040901152,0.839,NA,NA,FALSE,0.5300614388439525,0.05889571542710583,9,852.2754544772015,0.5485067819509002,NA,NA,NA,NA,NA,NA,NA,NA,NA,NA,NA,NA,NA,NA,NA,NA,NA,NA,NA,NA,NA,NA,NA
main_manuscript/social_traits_mediation/aq_sias/anova_aq_scaled_sqrt_rate_all.csv,AQ_scaled_sqrt_rate_all,AQ_scaled:medication,0.9086669158533546,0.909,NA,NA,FALSE,0.05861514772298144,0.01953838257432715,3,864.0867785139246,0.1819646008653021,NA,NA,NA,NA,NA,NA,NA,NA,NA,NA,NA,NA,NA,NA,NA,NA,NA,NA,NA,NA,NA,NA,NA
main_manuscript/social_traits_mediation/aq_sias/anova_aq_scaled_sqrt_rate_all.csv,AQ_scaled_sqrt_rate_all,session,0.9392971986319744,0.939,NA,NA,FALSE,0.04342543234518477,0.01447514411506159,3,865.0625867434971,0.13480971678924225,NA,NA,NA,NA,NA,NA,NA,NA,NA,NA,NA,NA,NA,NA,NA,NA,NA,NA,NA,NA,NA,NA,NA
main_manuscript/social_traits_mediation/aq_sias/anova_aq_scaled_sqrt_rate_all.csv,AQ_scaled_sqrt_rate_all,AQ_scaled:fix:medication,0.994379383683914,0.994,NA,NA,FALSE,0.19153084745592175,0.02128120527288019,9,852.2754544784982,0.198195833697128,NA,NA,NA,NA,NA,NA,NA,NA,NA,NA,NA,NA,NA,NA,NA,NA,NA,NA,NA,NA,NA,NA,NA
main_manuscript/social_traits_mediation/aq_sias/anova_iri_sqrt_rate_all.csv,IRI_sqrt_rate_all,fix,0.06841215091060031,0.068 .,.,trend,FALSE,0.7835120063436485,0.26117066878121614,3,862.6454488697311,2.379085083161369,NA,NA,NA,NA,NA,NA,NA,NA,NA,NA,NA,NA,NA,NA,NA,NA,NA,NA,NA,NA,NA,NA,NA
main_manuscript/social_traits_mediation/aq_sias/anova_iri_sqrt_rate_all.csv,IRI_sqrt_rate_all,Sex,0.28497458105151535,0.285,NA,NA,FALSE,0.27927254571371135,0.13963627285685568,2,95.56967403251802,1.2719903631302756,NA,NA,NA,NA,NA,NA,NA,NA,NA,NA,NA,NA,NA,NA,NA,NA,NA,NA,NA,NA,NA,NA,NA
main_manuscript/social_traits_mediation/aq_sias/anova_iri_sqrt_rate_all.csv,IRI_sqrt_rate_all,IRI,0.6906763772993553,0.691,NA,NA,FALSE,0.01755582916302595,0.01755582916302595,1,58.85964545782419,0.15992152365039364,NA,NA,NA,NA,NA,NA,NA,NA,NA,NA,NA,NA,NA,NA,NA,NA,NA,NA,NA,NA,NA,NA,NA
main_manuscript/social_traits_mediation/aq_sias/anova_iri_sqrt_rate_all.csv,IRI_sqrt_rate_all,IRI:fix,0.7566467222975595,0.757,NA,NA,FALSE,0.1300811543503924,0.04336038478346413,3,862.6454488756809,0.394983269445516,NA,NA,NA,NA,NA,NA,NA,NA,NA,NA,NA,NA,NA,NA,NA,NA,NA,NA,NA,NA,NA,NA,NA
main_manuscript/social_traits_mediation/aq_sias/anova_iri_sqrt_rate_all.csv,IRI_sqrt_rate_all,fix:medication,0.7911311571036244,0.791,NA,NA,FALSE,0.6004602167601312,0.0667178018622368,9,862.6454488615065,0.6077532669824036,NA,NA,NA,NA,NA,NA,NA,NA,NA,NA,NA,NA,NA,NA,NA,NA,NA,NA,NA,NA,NA,NA,NA
main_manuscript/social_traits_mediation/aq_sias/anova_iri_sqrt_rate_all.csv,IRI_sqrt_rate_all,IRI:fix:medication,0.7986278883155382,0.799,NA,NA,FALSE,0.5916767937745825,0.06574186597495361,9,862.6454488615242,0.5988631625828844,NA,NA,NA,NA,NA,NA,NA,NA,NA,NA,NA,NA,NA,NA,NA,NA,NA,NA,NA,NA,NA,NA,NA
main_manuscript/social_traits_mediation/aq_sias/anova_iri_sqrt_rate_all.csv,IRI_sqrt_rate_all,IRI:medication,0.8840071241542139,0.884,NA,NA,FALSE,0.0717612670139814,0.0239204223379938,3,872.7377783112922,0.21789858804900383,NA,NA,NA,NA,NA,NA,NA,NA,NA,NA,NA,NA,NA,NA,NA,NA,NA,NA,NA,NA,NA,NA,NA
main_manuscript/social_traits_mediation/aq_sias/anova_iri_sqrt_rate_all.csv,IRI_sqrt_rate_all,medication,0.928377085746866,0.928,NA,NA,FALSE,0.05007839503198279,0.01669279834399426,3,873.8687305841318,0.15205990673357658,NA,NA,NA,NA,NA,NA,NA,NA,NA,NA,NA,NA,NA,NA,NA,NA,NA,NA,NA,NA,NA,NA,NA
main_manuscript/social_traits_mediation/aq_sias/anova_iri_sqrt_rate_all.csv,IRI_sqrt_rate_all,session,0.9315081399651496,0.932,NA,NA,FALSE,0.04846907095011228,0.01615635698337076,3,876.5402849861689,0.1471732950592799,NA,NA,NA,NA,NA,NA,NA,NA,NA,NA,NA,NA,NA,NA,NA,NA,NA,NA,NA,NA,NA,NA,NA
main_manuscript/social_traits_mediation/aq_sias/anova_sias_sqrt_rate_all.csv,SIAS_sqrt_rate_all,fix,8.35167102561212e-8,<0.001 ***,***,significant,TRUE,3.917922160402871,1.3059740534676236,3,859.6710544932661,12.16970601811593,NA,NA,NA,NA,NA,NA,NA,NA,NA,NA,NA,NA,NA,NA,NA,NA,NA,NA,NA,NA,NA,NA,NA
main_manuscript/social_traits_mediation/aq_sias/anova_sias_sqrt_rate_all.csv,SIAS_sqrt_rate_all,SIAS:fix,2.250281067218263e-5,<0.001 ***,***,significant,TRUE,2.6342359931734465,0.8780786643911488,3,859.6710545070226,8.182367159628319,NA,NA,NA,NA,NA,NA,NA,NA,NA,NA,NA,NA,NA,NA,NA,NA,NA,NA,NA,NA,NA,NA,NA
main_manuscript/social_traits_mediation/aq_sias/anova_sias_sqrt_rate_all.csv,SIAS_sqrt_rate_all,Sex,0.1907785279481519,0.191,NA,NA,FALSE,0.1880293233461653,0.1880293233461653,1,58.248042195076046,1.7521493492403613,NA,NA,NA,NA,NA,NA,NA,NA,NA,NA,NA,NA,NA,NA,NA,NA,NA,NA,NA,NA,NA,NA,NA
main_manuscript/social_traits_mediation/aq_sias/anova_sias_sqrt_rate_all.csv,SIAS_sqrt_rate_all,medication,0.8260522971029316,0.826,NA,NA,FALSE,0.0962988431707689,0.0320996143902563,3,877.4910526307863,0.29911993227359107,NA,NA,NA,NA,NA,NA,NA,NA,NA,NA,NA,NA,NA,NA,NA,NA,NA,NA,NA,NA,NA,NA,NA
main_manuscript/social_traits_mediation/aq_sias/anova_sias_sqrt_rate_all.csv,SIAS_sqrt_rate_all,session,0.940377901440866,0.940,NA,NA,FALSE,0.04284033313409887,0.01428011104469962,3,873.4789761642058,0.1330690704448617,NA,NA,NA,NA,NA,NA,NA,NA,NA,NA,NA,NA,NA,NA,NA,NA,NA,NA,NA,NA,NA,NA,NA
main_manuscript/social_traits_mediation/aq_sias/anova_sias_sqrt_rate_all.csv,SIAS_sqrt_rate_all,SIAS,0.9444705023020766,0.944,NA,NA,FALSE,5.250203379837669e-4,5.250203379837669e-4,1,59.74408673500884,0.00489239671326495,NA,NA,NA,NA,NA,NA,NA,NA,NA,NA,NA,NA,NA,NA,NA,NA,NA,NA,NA,NA,NA,NA,NA
main_manuscript/social_traits_mediation/aq_sias/anova_sias_sqrt_rate_all.csv,SIAS_sqrt_rate_all,fix:medication,0.9741194245792444,0.974,NA,NA,FALSE,0.29199755442266384,0.03244417271362931,9,859.6710545062934,0.3023306955275859,NA,NA,NA,NA,NA,NA,NA,NA,NA,NA,NA,NA,NA,NA,NA,NA,NA,NA,NA,NA,NA,NA,NA
main_manuscript/social_traits_mediation/aq_sias/anova_sias_sqrt_rate_all.csv,SIAS_sqrt_rate_all,SIAS:fix:medication,0.9843486196416124,0.984,NA,NA,FALSE,0.2528788143261929,0.02809764603624365,9,859.6710545064813,0.2618276306135225,NA,NA,NA,NA,NA,NA,NA,NA,NA,NA,NA,NA,NA,NA,NA,NA,NA,NA,NA,NA,NA,NA,NA
main_manuscript/social_traits_mediation/aq_sias/anova_sias_sqrt_rate_all.csv,SIAS_sqrt_rate_all,SIAS:medication,0.9914878645026248,0.991,NA,NA,FALSE,0.0110363190245904,0.0036787730081968,3,880.8094596212484,0.03428060909653052,NA,NA,NA,NA,NA,NA,NA,NA,NA,NA,NA,NA,NA,NA,NA,NA,NA,NA,NA,NA,NA,NA,NA
main_manuscript/social_traits_mediation/aq_sias/anova_soz_scales_sqrt_rate_all.csv,Soz_Scales_sqrt_rate_all,fix,1.2400737391636032e-13,<0.001 ***,***,significant,TRUE,7.190445568517129,2.3968151895057095,3,837.2522055864371,21.855023861328142,NA,NA,NA,NA,NA,NA,NA,NA,NA,NA,NA,NA,NA,NA,NA,NA,NA,NA,NA,NA,NA,NA,NA
main_manuscript/social_traits_mediation/aq_sias/anova_soz_scales_sqrt_rate_all.csv,Soz_Scales_sqrt_rate_all,Soz_Scales:fix,5.294453967145082e-4,<0.001 ***,***,significant,TRUE,1.9504792748826776,0.6501597582942259,3,837.2522055777106,5.928390763463908,NA,NA,NA,NA,NA,NA,NA,NA,NA,NA,NA,NA,NA,NA,NA,NA,NA,NA,NA,NA,NA,NA,NA
main_manuscript/social_traits_mediation/aq_sias/anova_soz_scales_sqrt_rate_all.csv,Soz_Scales_sqrt_rate_all,Sex,0.15491237758737278,0.155,NA,NA,FALSE,0.2279159780241794,0.2279159780241794,1,56.726675361475586,2.078219947831533,NA,NA,NA,NA,NA,NA,NA,NA,NA,NA,NA,NA,NA,NA,NA,NA,NA,NA,NA,NA,NA,NA,NA
main_manuscript/social_traits_mediation/aq_sias/anova_soz_scales_sqrt_rate_all.csv,Soz_Scales_sqrt_rate_all,medication,0.6272612011937413,0.627,NA,NA,FALSE,0.1913140281447953,0.06377134271493178,3,848.2273045625077,0.5814900634834484,NA,NA,NA,NA,NA,NA,NA,NA,NA,NA,NA,NA,NA,NA,NA,NA,NA,NA,NA,NA,NA,NA,NA
main_manuscript/social_traits_mediation/aq_sias/anova_soz_scales_sqrt_rate_all.csv,Soz_Scales_sqrt_rate_all,Soz_Scales,0.7593509083969405,0.759,NA,NA,FALSE,0.01039201622870776,0.01039201622870776,1,56.209823719312496,0.094758145575903,NA,NA,NA,NA,NA,NA,NA,NA,NA,NA,NA,NA,NA,NA,NA,NA,NA,NA,NA,NA,NA,NA,NA
main_manuscript/social_traits_mediation/aq_sias/anova_soz_scales_sqrt_rate_all.csv,Soz_Scales_sqrt_rate_all,Soz_Scales:medication,0.946473918525166,0.946,NA,NA,FALSE,0.04050461074165136,0.01350153691388378,3,847.8189996640863,0.12311187475342476,NA,NA,NA,NA,NA,NA,NA,NA,NA,NA,NA,NA,NA,NA,NA,NA,NA,NA,NA,NA,NA,NA,NA
main_manuscript/social_traits_mediation/aq_sias/anova_soz_scales_sqrt_rate_all.csv,Soz_Scales_sqrt_rate_all,session,0.946976032192722,0.947,NA,NA,FALSE,0.04023124205908696,0.01341041401969565,3,850.010754418315,0.12228098339579543,NA,NA,NA,NA,NA,NA,NA,NA,NA,NA,NA,NA,NA,NA,NA,NA,NA,NA,NA,NA,NA,NA,NA
main_manuscript/social_traits_mediation/aq_sias/anova_soz_scales_sqrt_rate_all.csv,Soz_Scales_sqrt_rate_all,fix:medication,0.9869563723610816,0.987,NA,NA,FALSE,0.2456051521336468,0.02728946134818298,9,837.2522055889825,0.24883513403064172,NA,NA,NA,NA,NA,NA,NA,NA,NA,NA,NA,NA,NA,NA,NA,NA,NA,NA,NA,NA,NA,NA,NA
main_manuscript/social_traits_mediation/aq_sias/anova_soz_scales_sqrt_rate_all.csv,Soz_Scales_sqrt_rate_all,Soz_Scales:fix:medication,0.9949013005109324,0.995,NA,NA,FALSE,0.19065004306961503,0.02118333811884611,9,837.252205584274,0.19315730394108513,NA,NA,NA,NA,NA,NA,NA,NA,NA,NA,NA,NA,NA,NA,NA,NA,NA,NA,NA,NA,NA,NA,NA
main_manuscript/social_traits_mediation/mediation/01_group_mediator_model_anova.csv,group_mediator_model,Group,2.6637384119924294e-39,<0.001 ***,***,significant,TRUE,39335.757916374416,39335.757916374416,NA,NA,253.47360832152705,NA,NA,NA,NA,NA,NA,1,NA,NA,NA,NA,NA,NA,NA,NA,NA,NA,NA,NA,NA,NA,NA,NA
main_manuscript/social_traits_mediation/mediation/01_group_mediator_model_anova.csv,group_mediator_model,Residuals,NA,NA,NA,NA,FALSE,36779.271372328454,155.18679903936058,NA,NA,NA,NA,NA,NA,NA,NA,NA,237,NA,NA,NA,NA,NA,NA,NA,NA,NA,NA,NA,NA,NA,NA,NA,NA
main_manuscript/social_traits_mediation/mediation/01_group_mediator_model_coefficients.csv,group_mediator_model,(Intercept),1.106370341718554e-62,<0.001 ***,***,significant,TRUE,NA,NA,NA,NA,NA,NA,NA,NA,NA,NA,NA,NA,25.559055118110265,1.1054154420499684,23.12167366751415,NA,NA,NA,NA,NA,NA,NA,NA,NA,NA,NA,NA,NA
main_manuscript/social_traits_mediation/mediation/01_group_mediator_model_coefficients.csv,group_mediator_model,GroupASD,2.6637384119924294e-39,<0.001 ***,***,significant,TRUE,NA,NA,NA,NA,NA,NA,NA,NA,NA,NA,NA,NA,25.708802024746895,1.6147878249221523,15.920854509778271,NA,NA,NA,NA,NA,NA,NA,NA,NA,NA,NA,NA,NA
main_manuscript/social_traits_mediation/mediation/02_group_outcome_model_anova.csv,group_outcome_model,Group,0.08646881451888437,0.086 .,.,trend,FALSE,0.5109696075895762,0.5109696075895762,NA,NA,2.9635947750904452,NA,NA,NA,NA,NA,NA,1,NA,NA,NA,NA,NA,NA,NA,NA,NA,NA,NA,NA,NA,NA,NA,NA
main_manuscript/social_traits_mediation/mediation/02_group_outcome_model_anova.csv,group_outcome_model,SIAS,0.6292272781387944,0.629,NA,NA,FALSE,0.04029696158120465,0.04029696158120465,NA,NA,0.23372009415088893,NA,NA,NA,NA,NA,NA,1,NA,NA,NA,NA,NA,NA,NA,NA,NA,NA,NA,NA,NA,NA,NA,NA
main_manuscript/social_traits_mediation/mediation/02_group_outcome_model_anova.csv,group_outcome_model,Residuals,NA,NA,NA,NA,FALSE,40.69005263631555,0.17241547727252354,NA,NA,NA,NA,NA,NA,NA,NA,NA,236,NA,NA,NA,NA,NA,NA,NA,NA,NA,NA,NA,NA,NA,NA,NA,NA
main_manuscript/social_traits_mediation/mediation/02_group_outcome_model_coefficients.csv,group_outcome_model,(Intercept),1.1890577660770594e-37,<0.001 ***,***,significant,TRUE,NA,NA,NA,NA,NA,NA,NA,NA,NA,NA,NA,NA,1.0266324639923086,0.06648313942059624,15.441997368648051,NA,NA,NA,NA,NA,NA,NA,NA,NA,NA,NA,NA,NA
main_manuscript/social_traits_mediation/mediation/02_group_outcome_model_coefficients.csv,group_outcome_model,GroupASD,0.39666817842356994,0.397,NA,NA,FALSE,NA,NA,NA,NA,NA,NA,NA,NA,NA,NA,NA,NA,-0.06574840492566142,0.07743010564105482,-0.8491323159295865,NA,NA,NA,NA,NA,NA,NA,NA,NA,NA,NA,NA,NA
main_manuscript/social_traits_mediation/mediation/02_group_outcome_model_coefficients.csv,group_outcome_model,SIAS,0.6292272781387944,0.629,NA,NA,FALSE,NA,NA,NA,NA,NA,NA,NA,NA,NA,NA,NA,NA,-0.00104672980353058,0.00216514289266439,-0.48344606126318673,NA,NA,NA,NA,NA,NA,NA,NA,NA,NA,NA,NA,NA
sensitivity_analyses/sex_interaction/01_omnibus/01_full_interaction_binary_subset_anova.csv,full_interaction_binary_subset,fix,3.2978145572109544e-66,<0.001 ***,***,significant,TRUE,38.53607317492776,12.84535772497592,3,859.005464165395,122.84703798887188,NA,NA,NA,NA,NA,NA,NA,NA,NA,NA,NA,NA,NA,NA,NA,NA,NA,NA,NA,NA,NA,NA,NA
sensitivity_analyses/sex_interaction/01_omnibus/01_full_interaction_binary_subset_anova.csv,full_interaction_binary_subset,fix:Sex,9.638025881632656e-8,<0.001 ***,***,significant,TRUE,3.785532066538476,1.261844022179492,3,859.0054640951607,12.067690433199324,NA,NA,NA,NA,NA,NA,NA,NA,NA,NA,NA,NA,NA,NA,NA,NA,NA,NA,NA,NA,NA,NA,NA
sensitivity_analyses/sex_interaction/01_omnibus/01_full_interaction_binary_subset_anova.csv,full_interaction_binary_subset,Group:fix:Sex,0.01832521390577374,0.018 *,*,significant,TRUE,1.054149755006479,0.3513832516688263,3,859.0054640920079,3.3604662937866565,NA,NA,NA,NA,NA,NA,NA,NA,NA,NA,NA,NA,NA,NA,NA,NA,NA,NA,NA,NA,NA,NA,NA
sensitivity_analyses/sex_interaction/01_omnibus/01_full_interaction_binary_subset_anova.csv,full_interaction_binary_subset,Group:fix,0.0243178517308588,0.024 *,*,significant,TRUE,0.9886861507039688,0.3295620502346563,3,859.0054640791786,3.15177845348353,NA,NA,NA,NA,NA,NA,NA,NA,NA,NA,NA,NA,NA,NA,NA,NA,NA,NA,NA,NA,NA,NA,NA
sensitivity_analyses/sex_interaction/01_omnibus/01_full_interaction_binary_subset_anova.csv,full_interaction_binary_subset,Group:Sex,0.0485607409009761,0.049 *,*,significant,TRUE,0.4223940806642848,0.4223940806642848,1,65.6013162737391,4.039580896431382,NA,NA,NA,NA,NA,NA,NA,NA,NA,NA,NA,NA,NA,NA,NA,NA,NA,NA,NA,NA,NA,NA,NA
sensitivity_analyses/sex_interaction/01_omnibus/01_full_interaction_binary_subset_anova.csv,full_interaction_binary_subset,Sex,0.1433921045633931,0.143,NA,NA,FALSE,0.22935246507355309,0.22935246507355309,1,65.55206010212623,2.193420502019145,NA,NA,NA,NA,NA,NA,NA,NA,NA,NA,NA,NA,NA,NA,NA,NA,NA,NA,NA,NA,NA,NA,NA
sensitivity_analyses/sex_interaction/01_omnibus/01_full_interaction_binary_subset_anova.csv,full_interaction_binary_subset,medication,0.1960264985634768,0.196,NA,NA,FALSE,0.4913392442515422,0.16377974808384738,3,884.4596207226143,1.5663134780235932,NA,NA,NA,NA,NA,NA,NA,NA,NA,NA,NA,NA,NA,NA,NA,NA,NA,NA,NA,NA,NA,NA,NA
sensitivity_analyses/sex_interaction/01_omnibus/01_full_interaction_binary_subset_anova.csv,full_interaction_binary_subset,Group:medication:Sex,0.3931344426602816,0.393,NA,NA,FALSE,0.31302166578429624,0.10434055526143209,3,884.3562117938156,0.9978646317539718,NA,NA,NA,NA,NA,NA,NA,NA,NA,NA,NA,NA,NA,NA,NA,NA,NA,NA,NA,NA,NA,NA,NA
sensitivity_analyses/sex_interaction/01_omnibus/01_full_interaction_binary_subset_anova.csv,full_interaction_binary_subset,fix:medication:Sex,0.414805329943971,0.415,NA,NA,FALSE,0.968152664804904,0.107572518311656,9,859.0054640930225,1.028773625968863,NA,NA,NA,NA,NA,NA,NA,NA,NA,NA,NA,NA,NA,NA,NA,NA,NA,NA,NA,NA,NA,NA,NA
sensitivity_analyses/sex_interaction/01_omnibus/01_full_interaction_binary_subset_anova.csv,full_interaction_binary_subset,Group,0.6008039138812995,0.601,NA,NA,FALSE,0.02890792017031442,0.02890792017031442,1,65.55191775371075,0.2764619283772067,NA,NA,NA,NA,NA,NA,NA,NA,NA,NA,NA,NA,NA,NA,NA,NA,NA,NA,NA,NA,NA,NA,NA
sensitivity_analyses/sex_interaction/01_omnibus/01_full_interaction_binary_subset_anova.csv,full_interaction_binary_subset,fix:medication,0.8232477286515069,0.823,NA,NA,FALSE,0.5353431821179069,0.05948257579087854,9,859.0054641043296,0.5688637408400166,NA,NA,NA,NA,NA,NA,NA,NA,NA,NA,NA,NA,NA,NA,NA,NA,NA,NA,NA,NA,NA,NA,NA
sensitivity_analyses/sex_interaction/01_omnibus/01_full_interaction_binary_subset_anova.csv,full_interaction_binary_subset,session,0.8360074764924805,0.836,NA,NA,FALSE,0.08950955242428067,0.02983651747476022,3,883.3943481227366,0.2853426019075214,NA,NA,NA,NA,NA,NA,NA,NA,NA,NA,NA,NA,NA,NA,NA,NA,NA,NA,NA,NA,NA,NA,NA
sensitivity_analyses/sex_interaction/01_omnibus/01_full_interaction_binary_subset_anova.csv,full_interaction_binary_subset,Group:fix:medication,0.8553527648458654,0.855,NA,NA,FALSE,0.49626048205955536,0.05514005356217282,9,859.005464091138,0.5273338742049998,NA,NA,NA,NA,NA,NA,NA,NA,NA,NA,NA,NA,NA,NA,NA,NA,NA,NA,NA,NA,NA,NA,NA
sensitivity_analyses/sex_interaction/01_omnibus/01_full_interaction_binary_subset_anova.csv,full_interaction_binary_subset,Group:medication,0.8557164038759587,0.856,NA,NA,FALSE,0.080904034539248465,0.02696801151308282,3,885.0933070937568,0.257909542557191,NA,NA,NA,NA,NA,NA,NA,NA,NA,NA,NA,NA,NA,NA,NA,NA,NA,NA,NA,NA,NA,NA,NA
sensitivity_analyses/sex_interaction/01_omnibus/01_full_interaction_binary_subset_anova.csv,full_interaction_binary_subset,medication:Sex,0.9063629716658296,0.906,NA,NA,FALSE,0.05815264132884754,0.01938421377628251,3,883.7796003464995,0.1853816216833973,NA,NA,NA,NA,NA,NA,NA,NA,NA,NA,NA,NA,NA,NA,NA,NA,NA,NA,NA,NA,NA,NA,NA
sensitivity_analyses/sex_interaction/01_omnibus/01_full_interaction_binary_subset_anova.csv,full_interaction_binary_subset,Group:fix:medication:Sex,0.9662249541670946,0.966,NA,NA,FALSE,0.30779198956959997,0.03419910995217777,9,859.00546409179594,0.3270644110838622,NA,NA,NA,NA,NA,NA,NA,NA,NA,NA,NA,NA,NA,NA,NA,NA,NA,NA,NA,NA,NA,NA,NA
sensitivity_analyses/sex_interaction/01_omnibus/test_model_anova.csv,test_model,cyl,6.112687142581003e-10,<0.001 ***,***,significant,TRUE,817.7129523546139,817.7129523546139,NA,NA,79.561027529334865,NA,NA,NA,NA,NA,NA,1,NA,NA,NA,NA,NA,NA,NA,NA,NA,NA,NA,NA,NA,NA,NA,NA
sensitivity_analyses/sex_interaction/01_omnibus/test_model_anova.csv,test_model,Residuals,NA,NA,NA,NA,FALSE,308.3342351453854,10.277807838179513,NA,NA,NA,NA,NA,NA,NA,NA,NA,30,NA,NA,NA,NA,NA,NA,NA,NA,NA,NA,NA,NA,NA,NA,NA,NA
sensitivity_analyses/sex_interaction/01_omnibus/test_write.csv,NA,NA,NA,NA,NA,NA,FALSE,NA,NA,NA,NA,NA,NA,NA,NA,NA,NA,NA,NA,NA,NA,NA,1,NA,NA,NA,NA,NA,NA,NA,NA,NA,NA,NA,NA
sensitivity_analyses/sex_interaction/01_omnibus/test_write.csv,NA,NA,NA,NA,NA,NA,FALSE,NA,NA,NA,NA,NA,NA,NA,NA,NA,NA,NA,NA,NA,NA,NA,2,NA,NA,NA,NA,NA,NA,NA,NA,NA,NA,NA,NA
sensitivity_analyses/sex_interaction/02_group_contrasts/01_group_within_sex_contrasts.csv,NA,NA,NA,NA,NA,NA,FALSE,NA,NA,NA,NA,NA,NA,NA,-0.08254515552974087,NA,NA,NA,NA,NA,NA,NA,NA,ASD - CTRL,f,0.04589536341729518,62.85170780093765,-0.17426395602455508,0.00917364496507332,-1.7985510819298711,0.07689173618137181,NA,NA,NA,NA
sensitivity_analyses/sex_interaction/02_group_contrasts/01_group_within_sex_contrasts.csv,NA,NA,NA,NA,NA,NA,FALSE,NA,NA,NA,NA,NA,NA,NA,0.04834666783267868,NA,NA,NA,NA,NA,NA,NA,NA,ASD - CTRL,m,0.04621010538039307,62.85270376613664,-0.04400109462357944,0.1406944302889368,1.0462358273087202,0.2994591091332753,NA,NA,NA,NA
sensitivity_analyses/sex_interaction/02_group_contrasts/01_group_within_sex_emmeans.csv,NA,NA,NA,NA,NA,NA,FALSE,NA,NA,NA,NA,NA,NA,NA,NA,NA,NA,NA,NA,NA,NA,NA,NA,NA,f,0.030826530445199,65.99426831769426,0.7269593750654086,0.8500538823073982,NA,NA,ASD,0.7885066286864034,NA,NA
sensitivity_analyses/sex_interaction/02_group_contrasts/01_group_within_sex_emmeans.csv,NA,NA,NA,NA,NA,NA,FALSE,NA,NA,NA,NA,NA,NA,NA,NA,NA,NA,NA,NA,NA,NA,NA,NA,NA,f,0.03400494494361406,60.358560143668285,0.803040076852667,0.9390634915796215,NA,NA,CTRL,0.8710517842161443,NA,NA
sensitivity_analyses/sex_interaction/02_group_contrasts/01_group_within_sex_emmeans.csv,NA,NA,NA,NA,NA,NA,FALSE,NA,NA,NA,NA,NA,NA,NA,NA,NA,NA,NA,NA,NA,NA,NA,NA,NA,m,0.03647960292643782,59.71149416456949,0.829139123089004,0.9750937681591084,NA,NA,ASD,0.9021164456240562,NA,NA
sensitivity_analyses/sex_interaction/02_group_contrasts/01_group_within_sex_emmeans.csv,NA,NA,NA,NA,NA,NA,FALSE,NA,NA,NA,NA,NA,NA,NA,NA,NA,NA,NA,NA,NA,NA,NA,NA,NA,m,0.02841832754908576,68.5469933297491,0.7970700806731557,0.9104694749095992,NA,NA,CTRL,0.8537697777913774,NA,NA
sensitivity_analyses/sex_interaction/02_group_contrasts/02_group_within_fix_contrasts.csv,NA,NA,NA,NA,NA,NA,FALSE,NA,NA,NA,NA,NA,NA,NA,-0.08725697921473612,NA,NA,NA,NA,NA,NA,NA,NA,ASD - CTRL,NA,0.04864475585385831,283.15302455150874,-0.183008215075174,0.00849425664570179,-1.793759217887312,0.07391850246654866,NA,NA,Eyes,NA
sensitivity_analyses/sex_interaction/02_group_contrasts/02_group_within_fix_contrasts.csv,NA,NA,NA,NA,NA,NA,FALSE,NA,NA,NA,NA,NA,NA,NA,-0.00297788908091616,NA,NA,NA,NA,NA,NA,NA,NA,ASD - CTRL,NA,0.04864475585385831,283.15302455150874,-0.09872912494135408,0.09277334677952176,-0.06121706294225271,0.951229527552428,NA,NA,Mouth,NA
sensitivity_analyses/sex_interaction/02_group_contrasts/02_group_within_fix_contrasts.csv,NA,NA,NA,NA,NA,NA,FALSE,NA,NA,NA,NA,NA,NA,NA,-0.05904231375512053,NA,NA,NA,NA,NA,NA,NA,NA,ASD - CTRL,NA,0.04864475585385829,283.15302455150294,-0.1547935496155584,0.03670892210531734,-1.213744682623123,0.22585665747231215,NA,NA,Face,NA
sensitivity_analyses/sex_interaction/02_group_contrasts/02_group_within_fix_contrasts.csv,NA,NA,NA,NA,NA,NA,FALSE,NA,NA,NA,NA,NA,NA,NA,0.08088020665664844,NA,NA,NA,NA,NA,NA,NA,NA,ASD - CTRL,NA,0.04864475585385831,283.15302455150874,-0.01487102920378948,0.17663144251708637,1.6626706257840809,0.0974848849394838,NA,NA,Background,NA
sensitivity_analyses/sex_interaction/02_group_contrasts/02_group_within_fix_emmeans.csv,NA,NA,NA,NA,NA,NA,FALSE,NA,NA,NA,NA,NA,NA,NA,NA,NA,NA,NA,NA,NA,NA,NA,NA,NA,NA,0.03562187887533581,278.3708967738317,0.8501102687377412,0.99035520936852,NA,NA,ASD,0.9202327390531306,Eyes,NA
sensitivity_analyses/sex_interaction/02_group_contrasts/02_group_within_fix_emmeans.csv,NA,NA,NA,NA,NA,NA,FALSE,NA,NA,NA,NA,NA,NA,NA,NA,NA,NA,NA,NA,NA,NA,NA,NA,NA,NA,0.03317198357585228,286.95436374625524,0.9421984494746254,1.0727809870611065,NA,NA,CTRL,1.007489718267866,Eyes,NA
sensitivity_analyses/sex_interaction/02_group_contrasts/02_group_within_fix_emmeans.csv,NA,NA,NA,NA,NA,NA,FALSE,NA,NA,NA,NA,NA,NA,NA,NA,NA,NA,NA,NA,NA,NA,NA,NA,NA,NA,0.03562187887533581,278.3708967738317,0.5345129480757276,0.6747578887065064,NA,NA,ASD,0.604635418391117,Mouth,NA
sensitivity_analyses/sex_interaction/02_group_contrasts/02_group_within_fix_emmeans.csv,NA,NA,NA,NA,NA,NA,FALSE,NA,NA,NA,NA,NA,NA,NA,NA,NA,NA,NA,NA,NA,NA,NA,NA,NA,NA,0.0331719835758523,286.95436374625524,0.5423220386787926,0.6729045762652739,NA,NA,CTRL,0.6076133074720332,Mouth,NA
sensitivity_analyses/sex_interaction/02_group_contrasts/02_group_within_fix_emmeans.csv,NA,NA,NA,NA,NA,NA,FALSE,NA,NA,NA,NA,NA,NA,NA,NA,NA,NA,NA,NA,NA,NA,NA,NA,NA,NA,0.03562187887533581,278.3708967738317,0.626066627864951,0.7663115684957299,NA,NA,ASD,0.6961890981803405,Face,NA
sensitivity_analyses/sex_interaction/02_group_contrasts/02_group_within_fix_emmeans.csv,NA,NA,NA,NA,NA,NA,FALSE,NA,NA,NA,NA,NA,NA,NA,NA,NA,NA,NA,NA,NA,NA,NA,NA,NA,NA,0.0331719835758523,286.95436374625524,0.6899401431422205,0.8205226807287018,NA,NA,CTRL,0.7552314119354612,Face,NA
sensitivity_analyses/sex_interaction/02_group_contrasts/02_group_within_fix_emmeans.csv,NA,NA,NA,NA,NA,NA,FALSE,NA,NA,NA,NA,NA,NA,NA,NA,NA,NA,NA,NA,NA,NA,NA,NA,NA,NA,0.0356218788753358,278.3708967738317,1.0900664226809416,1.2303113633117206,NA,NA,ASD,1.160188892996331,Background,NA
sensitivity_analyses/sex_interaction/02_group_contrasts/02_group_within_fix_emmeans.csv,NA,NA,NA,NA,NA,NA,FALSE,NA,NA,NA,NA,NA,NA,NA,NA,NA,NA,NA,NA,NA,NA,NA,NA,NA,NA,0.03317198357585228,286.95436374625524,1.0140174175464425,1.1445999551329231,NA,NA,CTRL,1.0793086863396828,Background,NA
sensitivity_analyses/sex_interaction/02_group_contrasts/03_group_within_fix_by_sex_contrasts.csv,NA,NA,NA,NA,NA,NA,FALSE,NA,NA,NA,NA,NA,NA,NA,-0.2084108319565857,NA,NA,NA,NA,NA,NA,NA,NA,ASD - CTRL,f,0.06855436717564592,282.5929480695655,-0.3433528438305799,-0.07346882008259148,-3.0400810414106494,0.00258682122312853,NA,NA,Eyes,NA
sensitivity_analyses/sex_interaction/02_group_contrasts/03_group_within_fix_by_sex_contrasts.csv,NA,NA,NA,NA,NA,NA,FALSE,NA,NA,NA,NA,NA,NA,NA,-0.03412099356578822,NA,NA,NA,NA,NA,NA,NA,NA,ASD - CTRL,f,0.06855436717564593,282.5929480695655,-0.16906300543978248,0.100821018308206,-0.4977216619674344,0.6190673114751126,NA,NA,Mouth,NA
sensitivity_analyses/sex_interaction/02_group_contrasts/03_group_within_fix_by_sex_contrasts.csv,NA,NA,NA,NA,NA,NA,FALSE,NA,NA,NA,NA,NA,NA,NA,-0.19460273645533768,NA,NA,NA,NA,NA,NA,NA,NA,ASD - CTRL,f,0.06855436717564593,282.5929480695598,-0.3295447483293319,-0.05966072458134344,-2.8386628667541793,0.00485882839462307,NA,NA,Face,NA
sensitivity_analyses/sex_interaction/02_group_contrasts/03_group_within_fix_by_sex_contrasts.csv,NA,NA,NA,NA,NA,NA,FALSE,NA,NA,NA,NA,NA,NA,NA,0.10695393985874813,NA,NA,NA,NA,NA,NA,NA,NA,ASD - CTRL,f,0.06855436717564595,282.5929480695655,-0.02798807201524614,0.2418959517327424,1.5601331361533404,0.1198475818146824,NA,NA,Background,NA
sensitivity_analyses/sex_interaction/02_group_contrasts/03_group_within_fix_by_sex_contrasts.csv,NA,NA,NA,NA,NA,NA,FALSE,NA,NA,NA,NA,NA,NA,NA,0.03389687352711353,NA,NA,NA,NA,NA,NA,NA,NA,ASD - CTRL,m,0.06907298691491871,283.2282706748275,-0.10206467471352366,0.16985842176775073,0.4907399410549064,0.6239903857124971,NA,NA,Eyes,NA
sensitivity_analyses/sex_interaction/02_group_contrasts/03_group_within_fix_by_sex_contrasts.csv,NA,NA,NA,NA,NA,NA,FALSE,NA,NA,NA,NA,NA,NA,NA,0.02816521540395589,NA,NA,NA,NA,NA,NA,NA,NA,ASD - CTRL,m,0.0690729869149187,283.2282706748275,-0.10779633283668127,0.16412676364459303,0.40776020644146543,0.683757781469474,NA,NA,Mouth,NA
sensitivity_analyses/sex_interaction/02_group_contrasts/03_group_within_fix_by_sex_contrasts.csv,NA,NA,NA,NA,NA,NA,FALSE,NA,NA,NA,NA,NA,NA,NA,0.07651810894509654,NA,NA,NA,NA,NA,NA,NA,NA,ASD - CTRL,m,0.06907298691491869,283.2282706748275,-0.05944343929554059,0.2124796571857337,1.107786304932035,0.2688939908077168,NA,NA,Face,NA
sensitivity_analyses/sex_interaction/02_group_contrasts/03_group_within_fix_by_sex_contrasts.csv,NA,NA,NA,NA,NA,NA,FALSE,NA,NA,NA,NA,NA,NA,NA,0.05480647345454876,NA,NA,NA,NA,NA,NA,NA,NA,ASD - CTRL,m,0.06907298691491871,283.2282706748275,-0.08115507478608844,0.19076802169518595,0.7934574122595442,0.4281755893649535,NA,NA,Background,NA
sensitivity_analyses/sex_interaction/02_group_contrasts/03_group_within_fix_by_sex_emmeans.csv,NA,NA,NA,NA,NA,NA,FALSE,NA,NA,NA,NA,NA,NA,NA,NA,NA,NA,NA,NA,NA,NA,NA,NA,NA,f,0.04625572964578132,298.61905703417403,0.7010923789705167,0.8831493682641666,NA,NA,ASD,0.7921208736173416,Eyes,NA
sensitivity_analyses/sex_interaction/02_group_contrasts/03_group_within_fix_by_sex_emmeans.csv,NA,NA,NA,NA,NA,NA,FALSE,NA,NA,NA,NA,NA,NA,NA,NA,NA,NA,NA,NA,NA,NA,NA,NA,NA,f,0.05059975899637344,269.7144378680639,0.900910980681498,1.100152430466356,NA,NA,CTRL,1.0005317055739271,Eyes,NA
sensitivity_analyses/sex_interaction/02_group_contrasts/03_group_within_fix_by_sex_emmeans.csv,NA,NA,NA,NA,NA,NA,FALSE,NA,NA,NA,NA,NA,NA,NA,NA,NA,NA,NA,NA,NA,NA,NA,NA,NA,f,0.04625572964578133,298.61905703417403,0.4749035073517612,0.6569604966454111,NA,NA,ASD,0.5659320019985862,Mouth,NA
sensitivity_analyses/sex_interaction/02_group_contrasts/03_group_within_fix_by_sex_emmeans.csv,NA,NA,NA,NA,NA,NA,FALSE,NA,NA,NA,NA,NA,NA,NA,NA,NA,NA,NA,NA,NA,NA,NA,NA,NA,f,0.05059975899637345,269.7144378680639,0.5004322706719453,0.6996737204568033,NA,NA,CTRL,0.6000529955643743,Mouth,NA
sensitivity_analyses/sex_interaction/02_group_contrasts/03_group_within_fix_by_sex_emmeans.csv,NA,NA,NA,NA,NA,NA,FALSE,NA,NA,NA,NA,NA,NA,NA,NA,NA,NA,NA,NA,NA,NA,NA,NA,NA,f,0.04625572964578131,298.61905703417403,0.4539793062042208,0.6360362954978707,NA,NA,ASD,0.5450078008510457,Face,NA
sensitivity_analyses/sex_interaction/02_group_contrasts/03_group_within_fix_by_sex_emmeans.csv,NA,NA,NA,NA,NA,NA,FALSE,NA,NA,NA,NA,NA,NA,NA,NA,NA,NA,NA,NA,NA,NA,NA,NA,NA,f,0.05059975899637346,269.7144378680639,0.6399898124139544,0.8392312621988124,NA,NA,CTRL,0.7396105373063834,Face,NA
sensitivity_analyses/sex_interaction/02_group_contrasts/03_group_within_fix_by_sex_emmeans.csv,NA,NA,NA,NA,NA,NA,FALSE,NA,NA,NA,NA,NA,NA,NA,NA,NA,NA,NA,NA,NA,NA,NA,NA,NA,f,0.04625572964578131,298.61905703417403,1.1599373436318157,1.3419943329254655,NA,NA,ASD,1.2509658382786406,Background,NA
sensitivity_analyses/sex_interaction/02_group_contrasts/03_group_within_fix_by_sex_emmeans.csv,NA,NA,NA,NA,NA,NA,FALSE,NA,NA,NA,NA,NA,NA,NA,NA,NA,NA,NA,NA,NA,NA,NA,NA,NA,f,0.05059975899637344,269.7144378680639,1.0443911735274638,1.2436326233123218,NA,NA,CTRL,1.1440118984198928,Background,NA
sensitivity_analyses/sex_interaction/02_group_contrasts/03_group_within_fix_by_sex_emmeans.csv,NA,NA,NA,NA,NA,NA,FALSE,NA,NA,NA,NA,NA,NA,NA,NA,NA,NA,NA,NA,NA,NA,NA,NA,NA,m,0.05415858167640073,265.2941638001321,0.941709267343827,1.1549799416340123,NA,NA,ASD,1.0483446044889198,Eyes,NA
sensitivity_analyses/sex_interaction/02_group_contrasts/03_group_within_fix_by_sex_emmeans.csv,NA,NA,NA,NA,NA,NA,FALSE,NA,NA,NA,NA,NA,NA,NA,NA,NA,NA,NA,NA,NA,NA,NA,NA,NA,m,0.04290587935516328,313.9366903296904,0.9300283009344812,1.0988671609891312,NA,NA,CTRL,1.0144477309618063,Eyes,NA
sensitivity_analyses/sex_interaction/02_group_contrasts/03_group_within_fix_by_sex_emmeans.csv,NA,NA,NA,NA,NA,NA,FALSE,NA,NA,NA,NA,NA,NA,NA,NA,NA,NA,NA,NA,NA,NA,NA,NA,NA,m,0.05415858167640073,265.2941638001321,0.5367034976385551,0.7499741719287406,NA,NA,ASD,0.6433388347836478,Mouth,NA
sensitivity_analyses/sex_interaction/02_group_contrasts/03_group_within_fix_by_sex_emmeans.csv,NA,NA,NA,NA,NA,NA,FALSE,NA,NA,NA,NA,NA,NA,NA,NA,NA,NA,NA,NA,NA,NA,NA,NA,NA,m,0.0429058793551632,313.9366903296833,0.530754189352367,0.6995930494070165,NA,NA,CTRL,0.6151736193796917,Mouth,NA
sensitivity_analyses/sex_interaction/02_group_contrasts/03_group_within_fix_by_sex_emmeans.csv,NA,NA,NA,NA,NA,NA,FALSE,NA,NA,NA,NA,NA,NA,NA,NA,NA,NA,NA,NA,NA,NA,NA,NA,NA,m,0.05415858167640075,265.2941638001321,0.7407350583645431,0.9540057326547288,NA,NA,ASD,0.8473703955096359,Face,NA
sensitivity_analyses/sex_interaction/02_group_contrasts/03_group_within_fix_by_sex_emmeans.csv,NA,NA,NA,NA,NA,NA,FALSE,NA,NA,NA,NA,NA,NA,NA,NA,NA,NA,NA,NA,NA,NA,NA,NA,NA,m,0.04290587935516325,313.9366903296904,0.6864328565372142,0.855271716591864,NA,NA,CTRL,0.7708522865645391,Face,NA
sensitivity_analyses/sex_interaction/02_group_contrasts/03_group_within_fix_by_sex_emmeans.csv,NA,NA,NA,NA,NA,NA,FALSE,NA,NA,NA,NA,NA,NA,NA,NA,NA,NA,NA,NA,NA,NA,NA,NA,NA,m,0.05415858167640075,265.2941638001321,0.962776610568929,1.1760472848591146,NA,NA,ASD,1.0694119477140218,Background,NA
sensitivity_analyses/sex_interaction/02_group_contrasts/03_group_within_fix_by_sex_emmeans.csv,NA,NA,NA,NA,NA,NA,FALSE,NA,NA,NA,NA,NA,NA,NA,NA,NA,NA,NA,NA,NA,NA,NA,NA,NA,m,0.04290587935516326,313.9366903296833,0.9301860442321486,1.0990249042867983,NA,NA,CTRL,1.0146054742594734,Background,NA
sensitivity_analyses/sex_interaction/03_sex_contrasts/01_sex_within_group_by_fix_contrasts.csv,NA,NA,NA,NA,NA,NA,FALSE,NA,NA,NA,NA,NA,NA,NA,-0.2562237308715774,NA,NA,NA,NA,NA,NA,NA,NA,f - m,NA,0.07120264019044228,279.09437872300845,-0.39638614422167434,-0.11606131752148048,-3.598514467810015,3.78528884996852e-4,ASD,NA,Eyes,NA
sensitivity_analyses/sex_interaction/03_sex_contrasts/01_sex_within_group_by_fix_contrasts.csv,NA,NA,NA,NA,NA,NA,FALSE,NA,NA,NA,NA,NA,NA,NA,-0.0139160253878783,NA,NA,NA,NA,NA,NA,NA,NA,f - m,NA,0.06633986893290747,287.39325280453494,-0.14448965208144637,0.11665760130568972,-0.20976865965701888,0.8339968608231787,CTRL,NA,Eyes,NA
sensitivity_analyses/sex_interaction/03_sex_contrasts/01_sex_within_group_by_fix_contrasts.csv,NA,NA,NA,NA,NA,NA,FALSE,NA,NA,NA,NA,NA,NA,NA,-0.07740683278506177,NA,NA,NA,NA,NA,NA,NA,NA,f - m,NA,0.07120264019044228,279.09437872300845,-0.2175692461351587,0.06275558056503516,-1.0871343053856632,0.27791543735079727,ASD,NA,Mouth,NA
sensitivity_analyses/sex_interaction/03_sex_contrasts/01_sex_within_group_by_fix_contrasts.csv,NA,NA,NA,NA,NA,NA,FALSE,NA,NA,NA,NA,NA,NA,NA,-0.01512062381531764,NA,NA,NA,NA,NA,NA,NA,NA,f - m,NA,0.06633986893290741,287.39325280453494,-0.14569425050888557,0.11545300287825028,-0.2279266458999163,0.8198653424137139,CTRL,NA,Mouth,NA
sensitivity_analyses/sex_interaction/03_sex_contrasts/01_sex_within_group_by_fix_contrasts.csv,NA,NA,NA,NA,NA,NA,FALSE,NA,NA,NA,NA,NA,NA,NA,-0.30236259465859056,NA,NA,NA,NA,NA,NA,NA,NA,f - m,NA,0.07120264019044228,279.09437872300845,-0.4425250080086875,-0.16220018130849362,-4.246508189160905,2.9603884690294134e-5,ASD,NA,Face,NA
sensitivity_analyses/sex_interaction/03_sex_contrasts/01_sex_within_group_by_fix_contrasts.csv,NA,NA,NA,NA,NA,NA,FALSE,NA,NA,NA,NA,NA,NA,NA,-0.03124174925815616,NA,NA,NA,NA,NA,NA,NA,NA,f - m,NA,0.06633986893290746,287.39325280453494,-0.16181537595172418,0.09933187743541184,-0.4709347449834786,0.6380445831031921,CTRL,NA,Face,NA
sensitivity_analyses/sex_interaction/03_sex_contrasts/01_sex_within_group_by_fix_contrasts.csv,NA,NA,NA,NA,NA,NA,FALSE,NA,NA,NA,NA,NA,NA,NA,0.18155389056461835,NA,NA,NA,NA,NA,NA,NA,NA,f - m,NA,0.0712026401904423,279.09437872300845,0.04139147721452138,0.3217163039147153,2.5498196426287683,0.01131267850498319,ASD,NA,Background,NA
sensitivity_analyses/sex_interaction/03_sex_contrasts/01_sex_within_group_by_fix_contrasts.csv,NA,NA,NA,NA,NA,NA,FALSE,NA,NA,NA,NA,NA,NA,NA,0.129406424160419,NA,NA,NA,NA,NA,NA,NA,NA,f - m,NA,0.06633986893290746,287.39325280453494,-0.001167202533149,0.259980050853987,1.9506584236892843,0.05206946626287828,CTRL,NA,Background,NA
sensitivity_analyses/sex_interaction/03_sex_contrasts/01_sex_within_group_by_fix_emmeans.csv,NA,NA,NA,NA,NA,NA,FALSE,NA,NA,NA,NA,NA,NA,NA,NA,NA,NA,NA,NA,NA,NA,NA,NA,NA,f,0.04625572964578132,298.61905703417403,0.7010923789705167,0.8831493682641666,NA,NA,ASD,0.7921208736173416,Eyes,NA
sensitivity_analyses/sex_interaction/03_sex_contrasts/01_sex_within_group_by_fix_emmeans.csv,NA,NA,NA,NA,NA,NA,FALSE,NA,NA,NA,NA,NA,NA,NA,NA,NA,NA,NA,NA,NA,NA,NA,NA,NA,m,0.05415858167640073,265.2941638001321,0.941709267343827,1.1549799416340123,NA,NA,ASD,1.0483446044889198,Eyes,NA
sensitivity_analyses/sex_interaction/03_sex_contrasts/01_sex_within_group_by_fix_emmeans.csv,NA,NA,NA,NA,NA,NA,FALSE,NA,NA,NA,NA,NA,NA,NA,NA,NA,NA,NA,NA,NA,NA,NA,NA,NA,f,0.05059975899637344,269.7144378680639,0.900910980681498,1.100152430466356,NA,NA,CTRL,1.0005317055739271,Eyes,NA
sensitivity_analyses/sex_interaction/03_sex_contrasts/01_sex_within_group_by_fix_emmeans.csv,NA,NA,NA,NA,NA,NA,FALSE,NA,NA,NA,NA,NA,NA,NA,NA,NA,NA,NA,NA,NA,NA,NA,NA,NA,m,0.04290587935516328,313.9366903296904,0.9300283009344812,1.0988671609891312,NA,NA,CTRL,1.0144477309618063,Eyes,NA
sensitivity_analyses/sex_interaction/03_sex_contrasts/01_sex_within_group_by_fix_emmeans.csv,NA,NA,NA,NA,NA,NA,FALSE,NA,NA,NA,NA,NA,NA,NA,NA,NA,NA,NA,NA,NA,NA,NA,NA,NA,f,0.04625572964578133,298.61905703417403,0.4749035073517612,0.6569604966454111,NA,NA,ASD,0.5659320019985862,Mouth,NA
sensitivity_analyses/sex_interaction/03_sex_contrasts/01_sex_within_group_by_fix_emmeans.csv,NA,NA,NA,NA,NA,NA,FALSE,NA,NA,NA,NA,NA,NA,NA,NA,NA,NA,NA,NA,NA,NA,NA,NA,NA,m,0.05415858167640073,265.2941638001321,0.5367034976385551,0.7499741719287406,NA,NA,ASD,0.6433388347836478,Mouth,NA
sensitivity_analyses/sex_interaction/03_sex_contrasts/01_sex_within_group_by_fix_emmeans.csv,NA,NA,NA,NA,NA,NA,FALSE,NA,NA,NA,NA,NA,NA,NA,NA,NA,NA,NA,NA,NA,NA,NA,NA,NA,f,0.05059975899637345,269.7144378680639,0.5004322706719453,0.6996737204568033,NA,NA,CTRL,0.6000529955643743,Mouth,NA
sensitivity_analyses/sex_interaction/03_sex_contrasts/01_sex_within_group_by_fix_emmeans.csv,NA,NA,NA,NA,NA,NA,FALSE,NA,NA,NA,NA,NA,NA,NA,NA,NA,NA,NA,NA,NA,NA,NA,NA,NA,m,0.0429058793551632,313.9366903296833,0.530754189352367,0.6995930494070165,NA,NA,CTRL,0.6151736193796917,Mouth,NA
sensitivity_analyses/sex_interaction/03_sex_contrasts/01_sex_within_group_by_fix_emmeans.csv,NA,NA,NA,NA,NA,NA,FALSE,NA,NA,NA,NA,NA,NA,NA,NA,NA,NA,NA,NA,NA,NA,NA,NA,NA,f,0.04625572964578131,298.61905703417403,0.4539793062042208,0.6360362954978707,NA,NA,ASD,0.5450078008510457,Face,NA
sensitivity_analyses/sex_interaction/03_sex_contrasts/01_sex_within_group_by_fix_emmeans.csv,NA,NA,NA,NA,NA,NA,FALSE,NA,NA,NA,NA,NA,NA,NA,NA,NA,NA,NA,NA,NA,NA,NA,NA,NA,m,0.05415858167640075,265.2941638001321,0.7407350583645431,0.9540057326547288,NA,NA,ASD,0.8473703955096359,Face,NA
sensitivity_analyses/sex_interaction/03_sex_contrasts/01_sex_within_group_by_fix_emmeans.csv,NA,NA,NA,NA,NA,NA,FALSE,NA,NA,NA,NA,NA,NA,NA,NA,NA,NA,NA,NA,NA,NA,NA,NA,NA,f,0.05059975899637346,269.7144378680639,0.6399898124139544,0.8392312621988124,NA,NA,CTRL,0.7396105373063834,Face,NA
sensitivity_analyses/sex_interaction/03_sex_contrasts/01_sex_within_group_by_fix_emmeans.csv,NA,NA,NA,NA,NA,NA,FALSE,NA,NA,NA,NA,NA,NA,NA,NA,NA,NA,NA,NA,NA,NA,NA,NA,NA,m,0.04290587935516325,313.9366903296904,0.6864328565372142,0.855271716591864,NA,NA,CTRL,0.7708522865645391,Face,NA
sensitivity_analyses/sex_interaction/03_sex_contrasts/01_sex_within_group_by_fix_emmeans.csv,NA,NA,NA,NA,NA,NA,FALSE,NA,NA,NA,NA,NA,NA,NA,NA,NA,NA,NA,NA,NA,NA,NA,NA,NA,f,0.04625572964578131,298.61905703417403,1.1599373436318157,1.3419943329254655,NA,NA,ASD,1.2509658382786406,Background,NA
sensitivity_analyses/sex_interaction/03_sex_contrasts/01_sex_within_group_by_fix_emmeans.csv,NA,NA,NA,NA,NA,NA,FALSE,NA,NA,NA,NA,NA,NA,NA,NA,NA,NA,NA,NA,NA,NA,NA,NA,NA,m,0.05415858167640075,265.2941638001321,0.962776610568929,1.1760472848591146,NA,NA,ASD,1.0694119477140218,Background,NA
sensitivity_analyses/sex_interaction/03_sex_contrasts/01_sex_within_group_by_fix_emmeans.csv,NA,NA,NA,NA,NA,NA,FALSE,NA,NA,NA,NA,NA,NA,NA,NA,NA,NA,NA,NA,NA,NA,NA,NA,NA,f,0.05059975899637344,269.7144378680639,1.0443911735274638,1.2436326233123218,NA,NA,CTRL,1.1440118984198928,Background,NA
sensitivity_analyses/sex_interaction/03_sex_contrasts/01_sex_within_group_by_fix_emmeans.csv,NA,NA,NA,NA,NA,NA,FALSE,NA,NA,NA,NA,NA,NA,NA,NA,NA,NA,NA,NA,NA,NA,NA,NA,NA,m,0.04290587935516326,313.9366903296833,0.9301860442321486,1.0990249042867983,NA,NA,CTRL,1.0146054742594734,Background,NA
sensitivity_analyses/sex_interaction/04_fix_contrasts/01_fix_within_sex_contrasts.csv,NA,NA,NA,NA,NA,NA,FALSE,NA,NA,NA,NA,NA,NA,NA,0.3133337908141543,NA,NA,NA,NA,NA,NA,NA,NA,Eyes - Mouth,f,0.04157977774229264,856.3154063219207,0.2063039975384304,0.4203635840898782,7.535725485503223,7.831513215705854e-13,NA,NA,NA,NA
sensitivity_analyses/sex_interaction/04_fix_contrasts/01_fix_within_sex_contrasts.csv,NA,NA,NA,NA,NA,NA,FALSE,NA,NA,NA,NA,NA,NA,NA,0.25401712051692005,NA,NA,NA,NA,NA,NA,NA,NA,Eyes - Face,f,0.04157977774229263,856.3154063219207,0.14698732724119618,0.3610469137926439,6.109150512811615,9.105059373126778e-9,NA,NA,NA,NA
sensitivity_analyses/sex_interaction/04_fix_contrasts/01_fix_within_sex_contrasts.csv,NA,NA,NA,NA,NA,NA,FALSE,NA,NA,NA,NA,NA,NA,NA,-0.30116257875363195,NA,NA,NA,NA,NA,NA,NA,NA,Eyes - Background,f,0.04157977774229259,856.3154063219207,-0.4081923720293557,-0.1941327854779082,-7.243005978055203,5.911826583826496e-12,NA,NA,NA,NA
sensitivity_analyses/sex_interaction/04_fix_contrasts/01_fix_within_sex_contrasts.csv,NA,NA,NA,NA,NA,NA,FALSE,NA,NA,NA,NA,NA,NA,NA,-0.05931667029723417,NA,NA,NA,NA,NA,NA,NA,NA,Mouth - Face,f,0.04157977774229263,856.3154063219207,-0.16634646357295807,0.04771312297848971,-1.4265749726916062,0.483022055046779,NA,NA,NA,NA
sensitivity_analyses/sex_interaction/04_fix_contrasts/01_fix_within_sex_contrasts.csv,NA,NA,NA,NA,NA,NA,FALSE,NA,NA,NA,NA,NA,NA,NA,-0.6144963695677861,NA,NA,NA,NA,NA,NA,NA,NA,Mouth - Background,f,0.04157977774229264,856.3154063219207,-0.72152616284351,-0.5074665762920622,-14.778731463558412,1.4654943925052066e-14,NA,NA,NA,NA
sensitivity_analyses/sex_interaction/04_fix_contrasts/01_fix_within_sex_contrasts.csv,NA,NA,NA,NA,NA,NA,FALSE,NA,NA,NA,NA,NA,NA,NA,-0.5551796992705521,NA,NA,NA,NA,NA,NA,NA,NA,Face - Background,f,0.04157977774229266,856.3154063219207,-0.662209492546276,-0.4481499059948282,-13.352156490866806,1.4654943925052066e-14,NA,NA,NA,NA
sensitivity_analyses/sex_interaction/04_fix_contrasts/01_fix_within_sex_contrasts.csv,NA,NA,NA,NA,NA,NA,FALSE,NA,NA,NA,NA,NA,NA,NA,0.4021399406436923,NA,NA,NA,NA,NA,NA,NA,NA,Eyes - Mouth,m,0.04191820354039911,856.3154063219207,0.294239011321138,0.5100408699662465,9.593444057213132,5.2957638274619973e-14,NA,NA,NA,NA
sensitivity_analyses/sex_interaction/04_fix_contrasts/01_fix_within_sex_contrasts.csv,NA,NA,NA,NA,NA,NA,FALSE,NA,NA,NA,NA,NA,NA,NA,0.22228482668827457,NA,NA,NA,NA,NA,NA,NA,NA,Eyes - Face,m,0.04191820354039916,856.3154063219207,0.1143838973657201,0.330185756010829,5.302823306205021,8.679141565437476e-7,NA,NA,NA,NA
sensitivity_analyses/sex_interaction/04_fix_contrasts/01_fix_within_sex_contrasts.csv,NA,NA,NA,NA,NA,NA,FALSE,NA,NA,NA,NA,NA,NA,NA,-0.01061254326138547,NA,NA,NA,NA,NA,NA,NA,NA,Eyes - Background,m,0.04191820354039918,856.315406321867,-0.11851347258377733,0.09728838606100636,-0.25317266402310173,0.994305076997948,NA,NA,NA,NA
sensitivity_analyses/sex_interaction/04_fix_contrasts/01_fix_within_sex_contrasts.csv,NA,NA,NA,NA,NA,NA,FALSE,NA,NA,NA,NA,NA,NA,NA,-0.1798551139554178,NA,NA,NA,NA,NA,NA,NA,NA,Mouth - Face,m,0.04191820354039924,856.315406321867,-0.2877560432778098,-0.07195418463302582,-4.290620751008091,1.1661401456630748e-4,NA,NA,NA,NA
sensitivity_analyses/sex_interaction/04_fix_contrasts/01_fix_within_sex_contrasts.csv,NA,NA,NA,NA,NA,NA,FALSE,NA,NA,NA,NA,NA,NA,NA,-0.4127524839050779,NA,NA,NA,NA,NA,NA,NA,NA,Mouth - Background,m,0.04191820354039909,856.3154063219207,-0.5206534132276321,-0.30485155458252367,-9.84661672123624,5.306866057708248e-14,NA,NA,NA,NA
sensitivity_analyses/sex_interaction/04_fix_contrasts/01_fix_within_sex_contrasts.csv,NA,NA,NA,NA,NA,NA,FALSE,NA,NA,NA,NA,NA,NA,NA,-0.23289736994966032,NA,NA,NA,NA,NA,NA,NA,NA,Face - Background,m,0.04191820354039915,856.315406321867,-0.3407982992720521,-0.12499644062726854,-5.555995970228133,2.206045466301987e-7,NA,NA,NA,NA
sensitivity_analyses/sex_interaction/04_fix_contrasts/01_fix_within_sex_emmeans.csv,NA,NA,NA,NA,NA,NA,FALSE,NA,NA,NA,NA,NA,NA,NA,NA,NA,NA,NA,NA,NA,NA,NA,NA,NA,f,0.03427883826887987,282.21361220172787,0.8288516365294821,0.963800942661787,NA,NA,NA,0.8963262895956345,Eyes,NA
sensitivity_analyses/sex_interaction/04_fix_contrasts/01_fix_within_sex_emmeans.csv,NA,NA,NA,NA,NA,NA,FALSE,NA,NA,NA,NA,NA,NA,NA,NA,NA,NA,NA,NA,NA,NA,NA,NA,NA,f,0.03427883826887989,282.21361220172787,0.5155178457153277,0.6504671518476327,NA,NA,NA,0.5829924987814802,Mouth,NA
sensitivity_analyses/sex_interaction/04_fix_contrasts/01_fix_within_sex_emmeans.csv,NA,NA,NA,NA,NA,NA,FALSE,NA,NA,NA,NA,NA,NA,NA,NA,NA,NA,NA,NA,NA,NA,NA,NA,NA,f,0.03427883826887988,282.21361220172787,0.5748345160125621,0.7097838221448669,NA,NA,NA,0.6423091690787145,Face,NA
sensitivity_analyses/sex_interaction/04_fix_contrasts/01_fix_within_sex_emmeans.csv,NA,NA,NA,NA,NA,NA,FALSE,NA,NA,NA,NA,NA,NA,NA,NA,NA,NA,NA,NA,NA,NA,NA,NA,NA,f,0.03427883826887988,282.21361220172787,1.1300142152831143,1.2649635214154196,NA,NA,NA,1.197488868349267,Background,NA
sensitivity_analyses/sex_interaction/04_fix_contrasts/01_fix_within_sex_emmeans.csv,NA,NA,NA,NA,NA,NA,FALSE,NA,NA,NA,NA,NA,NA,NA,NA,NA,NA,NA,NA,NA,NA,NA,NA,NA,m,0.03455812271930385,282.41544057896033,0.9633719789764597,1.0994203564742655,NA,NA,NA,1.0313961677253627,Eyes,NA
sensitivity_analyses/sex_interaction/04_fix_contrasts/01_fix_within_sex_emmeans.csv,NA,NA,NA,NA,NA,NA,FALSE,NA,NA,NA,NA,NA,NA,NA,NA,NA,NA,NA,NA,NA,NA,NA,NA,NA,m,0.03455812271930387,282.41544057896033,0.5612320383327669,0.697280415830573,NA,NA,NA,0.62925622708167,Mouth,NA
sensitivity_analyses/sex_interaction/04_fix_contrasts/01_fix_within_sex_emmeans.csv,NA,NA,NA,NA,NA,NA,FALSE,NA,NA,NA,NA,NA,NA,NA,NA,NA,NA,NA,NA,NA,NA,NA,NA,NA,m,0.03455812271930388,282.41544057896033,0.7410871522881848,0.8771355297859909,NA,NA,NA,0.8091113410370878,Face,NA
sensitivity_analyses/sex_interaction/04_fix_contrasts/01_fix_within_sex_emmeans.csv,NA,NA,NA,NA,NA,NA,FALSE,NA,NA,NA,NA,NA,NA,NA,NA,NA,NA,NA,NA,NA,NA,NA,NA,NA,m,0.0345581227193039,282.41544057896033,0.9739845222378454,1.1100328997356514,NA,NA,NA,1.0420087109867484,Background,NA
sensitivity_analyses/sex_interaction/04_fix_contrasts/02_fix_within_group_by_sex_contrasts.csv,NA,NA,NA,NA,NA,NA,FALSE,NA,NA,NA,NA,NA,NA,NA,0.2261888716187555,NA,NA,NA,NA,NA,NA,NA,NA,Eyes - Mouth,f,0.05631619176932647,856.3154063219745,0.08122632755432596,0.37115141568318505,4.016409215758672,3.736397016661508e-4,ASD,NA,NA,NA
sensitivity_analyses/sex_interaction/04_fix_contrasts/02_fix_within_group_by_sex_contrasts.csv,NA,NA,NA,NA,NA,NA,FALSE,NA,NA,NA,NA,NA,NA,NA,0.24711307276629607,NA,NA,NA,NA,NA,NA,NA,NA,Eyes - Face,f,0.05631619176932645,856.3154063219745,0.10215052870186658,0.3920756168307256,4.387957796906472,7.582938159533814e-5,ASD,NA,NA,NA
sensitivity_analyses/sex_interaction/04_fix_contrasts/02_fix_within_group_by_sex_contrasts.csv,NA,NA,NA,NA,NA,NA,FALSE,NA,NA,NA,NA,NA,NA,NA,-0.4588449646612989,NA,NA,NA,NA,NA,NA,NA,NA,Eyes - Background,f,0.05631619176932636,856.3154063219745,-0.6038075087257282,-0.31388242059686966,-8.147656122430089,6.94999613415348e-14,ASD,NA,NA,NA
sensitivity_analyses/sex_interaction/04_fix_contrasts/02_fix_within_group_by_sex_contrasts.csv,NA,NA,NA,NA,NA,NA,FALSE,NA,NA,NA,NA,NA,NA,NA,0.02092420114754056,NA,NA,NA,NA,NA,NA,NA,NA,Mouth - Face,f,0.05631619176932637,856.3154063219745,-0.12403834291688871,0.16588674521196986,0.371548581147799,0.9824895124861792,ASD,NA,NA,NA
sensitivity_analyses/sex_interaction/04_fix_contrasts/02_fix_within_group_by_sex_contrasts.csv,NA,NA,NA,NA,NA,NA,FALSE,NA,NA,NA,NA,NA,NA,NA,-0.6850338362800544,NA,NA,NA,NA,NA,NA,NA,NA,Mouth - Background,f,0.05631619176932645,856.3154063219745,-0.8299963803444839,-0.540071292215625,-12.164065338188747,1.4654943925052066e-14,ASD,NA,NA,NA
sensitivity_analyses/sex_interaction/04_fix_contrasts/02_fix_within_group_by_sex_contrasts.csv,NA,NA,NA,NA,NA,NA,FALSE,NA,NA,NA,NA,NA,NA,NA,-0.7059580374275951,NA,NA,NA,NA,NA,NA,NA,NA,Face - Background,f,0.05631619176932646,856.3154063219745,-0.8509205814920247,-0.5609954933631656,-12.535613919336548,1.4654943925052066e-14,ASD,NA,NA,NA
sensitivity_analyses/sex_interaction/04_fix_contrasts/02_fix_within_group_by_sex_contrasts.csv,NA,NA,NA,NA,NA,NA,FALSE,NA,NA,NA,NA,NA,NA,NA,0.40047871000955304,NA,NA,NA,NA,NA,NA,NA,NA,Eyes - Mouth,f,0.06118821956058432,856.3154063219207,0.24297516270661249,0.5579822573124936,6.545029629649983,6.139108110758683e-10,CTRL,NA,NA,NA
sensitivity_analyses/sex_interaction/04_fix_contrasts/02_fix_within_group_by_sex_contrasts.csv,NA,NA,NA,NA,NA,NA,FALSE,NA,NA,NA,NA,NA,NA,NA,0.260921168267544,NA,NA,NA,NA,NA,NA,NA,NA,Eyes - Face,f,0.06118821956058433,856.3154063219207,0.1034176209646034,0.41842471557048466,4.264238609021757,1.3084200319268824e-4,CTRL,NA,NA,NA
sensitivity_analyses/sex_interaction/04_fix_contrasts/02_fix_within_group_by_sex_contrasts.csv,NA,NA,NA,NA,NA,NA,FALSE,NA,NA,NA,NA,NA,NA,NA,-0.1434801928459651,NA,NA,NA,NA,NA,NA,NA,NA,Eyes - Background,f,0.06118821956058425,856.315406321867,-0.30098374014866813,0.01402335445673791,-2.3448989670944935,0.08888660159806028,CTRL,NA,NA,NA
sensitivity_analyses/sex_interaction/04_fix_contrasts/02_fix_within_group_by_sex_contrasts.csv,NA,NA,NA,NA,NA,NA,FALSE,NA,NA,NA,NA,NA,NA,NA,-0.13955754174200893,NA,NA,NA,NA,NA,NA,NA,NA,Mouth - Face,f,0.06118821956058429,856.315406321867,-0.29706108904471207,0.01794600556069417,-2.2807910206282247,0.10330609109199972,CTRL,NA,NA,NA
sensitivity_analyses/sex_interaction/04_fix_contrasts/02_fix_within_group_by_sex_contrasts.csv,NA,NA,NA,NA,NA,NA,FALSE,NA,NA,NA,NA,NA,NA,NA,-0.5439589028555183,NA,NA,NA,NA,NA,NA,NA,NA,Mouth - Background,f,0.06118821956058432,856.3154063219207,-0.7014624501584589,-0.3864553555525777,-8.889928596744477,4.8627768478581856e-14,CTRL,NA,NA,NA
sensitivity_analyses/sex_interaction/04_fix_contrasts/02_fix_within_group_by_sex_contrasts.csv,NA,NA,NA,NA,NA,NA,FALSE,NA,NA,NA,NA,NA,NA,NA,-0.4044013611135092,NA,NA,NA,NA,NA,NA,NA,NA,Face - Background,f,0.06118821956058434,856.3154063219207,-0.5619049084164498,-0.24689781381056855,-6.6091375761162485,4.073579251695491e-10,CTRL,NA,NA,NA
sensitivity_analyses/sex_interaction/04_fix_contrasts/02_fix_within_group_by_sex_contrasts.csv,NA,NA,NA,NA,NA,NA,FALSE,NA,NA,NA,NA,NA,NA,NA,0.4050057697052713,NA,NA,NA,NA,NA,NA,NA,NA,Eyes - Mouth,m,0.06536850494499216,856.3154063219207,0.23674182143771427,0.5732697179728282,6.195732486861756,5.397916336136177e-9,ASD,NA,NA,NA
sensitivity_analyses/sex_interaction/04_fix_contrasts/02_fix_within_group_by_sex_contrasts.csv,NA,NA,NA,NA,NA,NA,FALSE,NA,NA,NA,NA,NA,NA,NA,0.2009742089792831,NA,NA,NA,NA,NA,NA,NA,NA,Eyes - Face,m,0.06536850494499215,856.3154063219207,0.03271026071172614,0.36923815724684006,3.07448073270765,0.01165971866610948,ASD,NA,NA,NA
sensitivity_analyses/sex_interaction/04_fix_contrasts/02_fix_within_group_by_sex_contrasts.csv,NA,NA,NA,NA,NA,NA,FALSE,NA,NA,NA,NA,NA,NA,NA,-0.02106734322510318,NA,NA,NA,NA,NA,NA,NA,NA,Eyes - Background,m,0.06536850494499219,856.315406321867,-0.18933129149240663,0.14719660504220028,-0.32228583540087724,0.9884254039597676,ASD,NA,NA,NA
sensitivity_analyses/sex_interaction/04_fix_contrasts/02_fix_within_group_by_sex_contrasts.csv,NA,NA,NA,NA,NA,NA,FALSE,NA,NA,NA,NA,NA,NA,NA,-0.2040315607259882,NA,NA,NA,NA,NA,NA,NA,NA,Mouth - Face,m,0.06536850494499218,856.315406321867,-0.3722955089932916,-0.03576761245868476,-3.1212517541541063,0.01003889258634327,ASD,NA,NA,NA
sensitivity_analyses/sex_interaction/04_fix_contrasts/02_fix_within_group_by_sex_contrasts.csv,NA,NA,NA,NA,NA,NA,FALSE,NA,NA,NA,NA,NA,NA,NA,-0.4260731129303744,NA,NA,NA,NA,NA,NA,NA,NA,Mouth - Background,m,0.06536850494499218,856.3154063219207,-0.5943370611979315,-0.2578091646628174,-6.518018322262631,7.289719938796678e-10,ASD,NA,NA,NA
sensitivity_analyses/sex_interaction/04_fix_contrasts/02_fix_within_group_by_sex_contrasts.csv,NA,NA,NA,NA,NA,NA,FALSE,NA,NA,NA,NA,NA,NA,NA,-0.22204155220438632,NA,NA,NA,NA,NA,NA,NA,NA,Face - Background,m,0.06536850494499219,856.3154063219207,-0.3903055004719434,-0.05377760393682929,-3.3967665681085264,0.00397087595954526,ASD,NA,NA,NA
sensitivity_analyses/sex_interaction/04_fix_contrasts/02_fix_within_group_by_sex_contrasts.csv,NA,NA,NA,NA,NA,NA,FALSE,NA,NA,NA,NA,NA,NA,NA,0.3992741115821135,NA,NA,NA,NA,NA,NA,NA,NA,Eyes - Mouth,m,0.05249287297789905,856.315406321867,0.26415310689357047,0.5343951162706566,7.60625374325042,4.89164264649844e-13,CTRL,NA,NA,NA
sensitivity_analyses/sex_interaction/04_fix_contrasts/02_fix_within_group_by_sex_contrasts.csv,NA,NA,NA,NA,NA,NA,FALSE,NA,NA,NA,NA,NA,NA,NA,0.24359544439726588,NA,NA,NA,NA,NA,NA,NA,NA,Eyes - Face,m,0.05249287297789917,856.3154063219207,0.10847443970851892,0.3787164490860129,4.64054319335552,2.3821109426780396e-5,CTRL,NA,NA,NA
sensitivity_analyses/sex_interaction/04_fix_contrasts/02_fix_within_group_by_sex_contrasts.csv,NA,NA,NA,NA,NA,NA,FALSE,NA,NA,NA,NA,NA,NA,NA,-1.577432976679026e-4,NA,NA,NA,NA,NA,NA,NA,NA,Eyes - Background,m,0.05249287297789928,856.315406321867,-0.13527874798621153,0.13496326139087572,-0.00300504218418976,0.9999999902448156,CTRL,NA,NA,NA
sensitivity_analyses/sex_interaction/04_fix_contrasts/02_fix_within_group_by_sex_contrasts.csv,NA,NA,NA,NA,NA,NA,FALSE,NA,NA,NA,NA,NA,NA,NA,-0.15567866718484752,NA,NA,NA,NA,NA,NA,NA,NA,Mouth - Face,m,0.05249287297789917,856.315406321867,-0.29079967187339084,-0.02055766249630419,-2.9657105498948817,0.01636851960714391,CTRL,NA,NA,NA
sensitivity_analyses/sex_interaction/04_fix_contrasts/02_fix_within_group_by_sex_contrasts.csv,NA,NA,NA,NA,NA,NA,FALSE,NA,NA,NA,NA,NA,NA,NA,-0.3994318548797814,NA,NA,NA,NA,NA,NA,NA,NA,Mouth - Background,m,0.05249287297789908,856.315406321867,-0.5345528595683244,-0.2643108501912383,-7.609258785434605,4.796163466380676e-13,CTRL,NA,NA,NA
sensitivity_analyses/sex_interaction/04_fix_contrasts/02_fix_within_group_by_sex_contrasts.csv,NA,NA,NA,NA,NA,NA,FALSE,NA,NA,NA,NA,NA,NA,NA,-0.24375318769493395,NA,NA,NA,NA,NA,NA,NA,NA,Face - Background,m,0.05249287297789903,856.315406321867,-0.3788741923834769,-0.108632183006391,-4.6435482355397255,2.3486877389511385e-5,CTRL,NA,NA,NA
sensitivity_analyses/sex_interaction/04_fix_contrasts/02_fix_within_group_by_sex_emmeans.csv,NA,NA,NA,NA,NA,NA,FALSE,NA,NA,NA,NA,NA,NA,NA,NA,NA,NA,NA,NA,NA,NA,NA,NA,NA,f,0.04625572964578132,298.61905703417403,0.7010923789705167,0.8831493682641666,NA,NA,ASD,0.7921208736173416,Eyes,NA
sensitivity_analyses/sex_interaction/04_fix_contrasts/02_fix_within_group_by_sex_emmeans.csv,NA,NA,NA,NA,NA,NA,FALSE,NA,NA,NA,NA,NA,NA,NA,NA,NA,NA,NA,NA,NA,NA,NA,NA,NA,f,0.04625572964578133,298.61905703417403,0.4749035073517612,0.6569604966454111,NA,NA,ASD,0.5659320019985862,Mouth,NA
sensitivity_analyses/sex_interaction/04_fix_contrasts/02_fix_within_group_by_sex_emmeans.csv,NA,NA,NA,NA,NA,NA,FALSE,NA,NA,NA,NA,NA,NA,NA,NA,NA,NA,NA,NA,NA,NA,NA,NA,NA,f,0.04625572964578131,298.61905703417403,0.4539793062042208,0.6360362954978707,NA,NA,ASD,0.5450078008510457,Face,NA
sensitivity_analyses/sex_interaction/04_fix_contrasts/02_fix_within_group_by_sex_emmeans.csv,NA,NA,NA,NA,NA,NA,FALSE,NA,NA,NA,NA,NA,NA,NA,NA,NA,NA,NA,NA,NA,NA,NA,NA,NA,f,0.04625572964578131,298.61905703417403,1.1599373436318157,1.3419943329254655,NA,NA,ASD,1.2509658382786406,Background,NA
sensitivity_analyses/sex_interaction/04_fix_contrasts/02_fix_within_group_by_sex_emmeans.csv,NA,NA,NA,NA,NA,NA,FALSE,NA,NA,NA,NA,NA,NA,NA,NA,NA,NA,NA,NA,NA,NA,NA,NA,NA,f,0.05059975899637344,269.7144378680639,0.900910980681498,1.100152430466356,NA,NA,CTRL,1.0005317055739271,Eyes,NA
sensitivity_analyses/sex_interaction/04_fix_contrasts/02_fix_within_group_by_sex_emmeans.csv,NA,NA,NA,NA,NA,NA,FALSE,NA,NA,NA,NA,NA,NA,NA,NA,NA,NA,NA,NA,NA,NA,NA,NA,NA,f,0.05059975899637345,269.7144378680639,0.5004322706719453,0.6996737204568033,NA,NA,CTRL,0.6000529955643743,Mouth,NA
sensitivity_analyses/sex_interaction/04_fix_contrasts/02_fix_within_group_by_sex_emmeans.csv,NA,NA,NA,NA,NA,NA,FALSE,NA,NA,NA,NA,NA,NA,NA,NA,NA,NA,NA,NA,NA,NA,NA,NA,NA,f,0.05059975899637346,269.7144378680639,0.6399898124139544,0.8392312621988124,NA,NA,CTRL,0.7396105373063834,Face,NA
sensitivity_analyses/sex_interaction/04_fix_contrasts/02_fix_within_group_by_sex_emmeans.csv,NA,NA,NA,NA,NA,NA,FALSE,NA,NA,NA,NA,NA,NA,NA,NA,NA,NA,NA,NA,NA,NA,NA,NA,NA,f,0.05059975899637344,269.7144378680639,1.0443911735274638,1.2436326233123218,NA,NA,CTRL,1.1440118984198928,Background,NA
sensitivity_analyses/sex_interaction/04_fix_contrasts/02_fix_within_group_by_sex_emmeans.csv,NA,NA,NA,NA,NA,NA,FALSE,NA,NA,NA,NA,NA,NA,NA,NA,NA,NA,NA,NA,NA,NA,NA,NA,NA,m,0.05415858167640073,265.2941638001321,0.941709267343827,1.1549799416340123,NA,NA,ASD,1.0483446044889198,Eyes,NA
sensitivity_analyses/sex_interaction/04_fix_contrasts/02_fix_within_group_by_sex_emmeans.csv,NA,NA,NA,NA,NA,NA,FALSE,NA,NA,NA,NA,NA,NA,NA,NA,NA,NA,NA,NA,NA,NA,NA,NA,NA,m,0.05415858167640073,265.2941638001321,0.5367034976385551,0.7499741719287406,NA,NA,ASD,0.6433388347836478,Mouth,NA
sensitivity_analyses/sex_interaction/04_fix_contrasts/02_fix_within_group_by_sex_emmeans.csv,NA,NA,NA,NA,NA,NA,FALSE,NA,NA,NA,NA,NA,NA,NA,NA,NA,NA,NA,NA,NA,NA,NA,NA,NA,m,0.05415858167640075,265.2941638001321,0.7407350583645431,0.9540057326547288,NA,NA,ASD,0.8473703955096359,Face,NA
sensitivity_analyses/sex_interaction/04_fix_contrasts/02_fix_within_group_by_sex_emmeans.csv,NA,NA,NA,NA,NA,NA,FALSE,NA,NA,NA,NA,NA,NA,NA,NA,NA,NA,NA,NA,NA,NA,NA,NA,NA,m,0.05415858167640075,265.2941638001321,0.962776610568929,1.1760472848591146,NA,NA,ASD,1.0694119477140218,Background,NA
sensitivity_analyses/sex_interaction/04_fix_contrasts/02_fix_within_group_by_sex_emmeans.csv,NA,NA,NA,NA,NA,NA,FALSE,NA,NA,NA,NA,NA,NA,NA,NA,NA,NA,NA,NA,NA,NA,NA,NA,NA,m,0.04290587935516328,313.9366903296904,0.9300283009344812,1.0988671609891312,NA,NA,CTRL,1.0144477309618063,Eyes,NA
sensitivity_analyses/sex_interaction/04_fix_contrasts/02_fix_within_group_by_sex_emmeans.csv,NA,NA,NA,NA,NA,NA,FALSE,NA,NA,NA,NA,NA,NA,NA,NA,NA,NA,NA,NA,NA,NA,NA,NA,NA,m,0.0429058793551632,313.9366903296833,0.530754189352367,0.6995930494070165,NA,NA,CTRL,0.6151736193796917,Mouth,NA
sensitivity_analyses/sex_interaction/04_fix_contrasts/02_fix_within_group_by_sex_emmeans.csv,NA,NA,NA,NA,NA,NA,FALSE,NA,NA,NA,NA,NA,NA,NA,NA,NA,NA,NA,NA,NA,NA,NA,NA,NA,m,0.04290587935516325,313.9366903296904,0.6864328565372142,0.855271716591864,NA,NA,CTRL,0.7708522865645391,Face,NA
sensitivity_analyses/sex_interaction/04_fix_contrasts/02_fix_within_group_by_sex_emmeans.csv,NA,NA,NA,NA,NA,NA,FALSE,NA,NA,NA,NA,NA,NA,NA,NA,NA,NA,NA,NA,NA,NA,NA,NA,NA,m,0.04290587935516326,313.9366903296833,0.9301860442321486,1.0990249042867983,NA,NA,CTRL,1.0146054742594734,Background,NA
supplementary/duration/01_duration_lmer_anova.csv,duration_lmer,fix,8.301842982146651e-68,<0.001 ***,***,significant,TRUE,10.916671004828247,3.6388903349427495,3,978.9999999856908,123.4309672265476,NA,NA,NA,NA,NA,NA,NA,NA,NA,NA,NA,NA,NA,NA,NA,NA,NA,NA,NA,NA,NA,NA,NA
supplementary/duration/01_duration_lmer_anova.csv,duration_lmer,Group:fix,1.748781570857006e-5,<0.001 ***,***,significant,TRUE,0.7383174911976272,0.24610583039920908,3,978.9999999765064,8.347896718559664,NA,NA,NA,NA,NA,NA,NA,NA,NA,NA,NA,NA,NA,NA,NA,NA,NA,NA,NA,NA,NA,NA,NA
supplementary/duration/01_duration_lmer_anova.csv,duration_lmer,fix:medication,0.772412968273041,0.772,NA,NA,FALSE,0.16705269213342985,0.01856141023704775,9,978.9999999753288,0.6296020511108894,NA,NA,NA,NA,NA,NA,NA,NA,NA,NA,NA,NA,NA,NA,NA,NA,NA,NA,NA,NA,NA,NA,NA
supplementary/duration/01_duration_lmer_anova.csv,duration_lmer,Sex,0.9545189558166192,0.955,NA,NA,FALSE,9.594423306834667e-5,9.594423306834667e-5,1,978.9999999754124,0.00325442329869544,NA,NA,NA,NA,NA,NA,NA,NA,NA,NA,NA,NA,NA,NA,NA,NA,NA,NA,NA,NA,NA,NA,NA
supplementary/duration/01_duration_lmer_anova.csv,duration_lmer,Group,0.9580677553995044,0.958,NA,NA,FALSE,8.154239819127473e-5,8.154239819127473e-5,1,978.999999978801,0.00276591382325339,NA,NA,NA,NA,NA,NA,NA,NA,NA,NA,NA,NA,NA,NA,NA,NA,NA,NA,NA,NA,NA,NA,NA
supplementary/duration/01_duration_lmer_anova.csv,duration_lmer,Group:fix:medication,0.968368457494247,0.968,NA,NA,FALSE,0.08512511403850798,0.00945834600427866,9,978.9999999730682,0.3208265949816909,NA,NA,NA,NA,NA,NA,NA,NA,NA,NA,NA,NA,NA,NA,NA,NA,NA,NA,NA,NA,NA,NA,NA
supplementary/duration/01_duration_lmer_anova.csv,duration_lmer,session,0.9996149893972822,1.000,NA,NA,FALSE,3.7804419981461355e-4,1.2601473327153784e-4,3,978.9999999774386,0.0042744130712436,NA,NA,NA,NA,NA,NA,NA,NA,NA,NA,NA,NA,NA,NA,NA,NA,NA,NA,NA,NA,NA,NA,NA
supplementary/duration/01_duration_lmer_anova.csv,duration_lmer,medication,0.9996327164419612,1.000,NA,NA,FALSE,3.6631987944747094e-4,1.2210662648249031e-4,3,978.999999990495,0.00414185029616773,NA,NA,NA,NA,NA,NA,NA,NA,NA,NA,NA,NA,NA,NA,NA,NA,NA,NA,NA,NA,NA,NA,NA
supplementary/duration/01_duration_lmer_anova.csv,duration_lmer,Group:medication,0.9997073831343746,1.000,NA,NA,FALSE,3.147071703294911e-4,1.0490239010983036e-4,3,978.9999999768686,0.00355828351057924,NA,NA,NA,NA,NA,NA,NA,NA,NA,NA,NA,NA,NA,NA,NA,NA,NA,NA,NA,NA,NA,NA,NA
supplementary/duration/02_duration_ctrl_lmer_anova.csv,duration_ctrl_lmer,fix,2.4584573139014337e-30,<0.001 ***,***,significant,TRUE,4.583044425319832,1.5276814751066108,3,510.99999998468473,54.00653292599887,NA,NA,NA,NA,NA,NA,NA,NA,NA,NA,NA,NA,NA,NA,NA,NA,NA,NA,NA,NA,NA,NA,NA
supplementary/duration/02_duration_ctrl_lmer_anova.csv,duration_ctrl_lmer,fix:medication,0.6811076970735618,0.681,NA,NA,FALSE,0.18595593562070167,0.02066177062452241,9,510.99999998353735,0.7304340687019416,NA,NA,NA,NA,NA,NA,NA,NA,NA,NA,NA,NA,NA,NA,NA,NA,NA,NA,NA,NA,NA,NA,NA
supplementary/duration/02_duration_ctrl_lmer_anova.csv,duration_ctrl_lmer,Sex,0.933058537277118,0.933,NA,NA,FALSE,1.9977707458618867e-4,1.9977707458618867e-4,1,510.9999999864915,0.0070625109568379,NA,NA,NA,NA,NA,NA,NA,NA,NA,NA,NA,NA,NA,NA,NA,NA,NA,NA,NA,NA,NA,NA,NA
supplementary/duration/02_duration_ctrl_lmer_anova.csv,duration_ctrl_lmer,session,0.9989196352739084,0.999,NA,NA,FALSE,7.231500124757965e-4,2.4105000415859884e-4,3,510.999999984884,0.00852158987232272,NA,NA,NA,NA,NA,NA,NA,NA,NA,NA,NA,NA,NA,NA,NA,NA,NA,NA,NA,NA,NA,NA,NA
supplementary/duration/02_duration_ctrl_lmer_anova.csv,duration_ctrl_lmer,medication,0.9990165590881804,0.999,NA,NA,FALSE,6.790121106255485e-4,2.2633737020851617e-4,3,510.9999999865646,0.00800146943962725,NA,NA,NA,NA,NA,NA,NA,NA,NA,NA,NA,NA,NA,NA,NA,NA,NA,NA,NA,NA,NA,NA,NA
supplementary/duration/03_duration_beta_glmmtmb_anova.csv,duration_beta_glmmtmb,fix,6.79424897354093e-72,<0.001 ***,***,significant,TRUE,NA,NA,NA,NA,NA,NA,NA,NA,NA,NA,NA,3,NA,NA,NA,NA,NA,NA,NA,NA,NA,NA,NA,NA,NA,NA,NA,333.1029465904684
supplementary/duration/03_duration_beta_glmmtmb_anova.csv,duration_beta_glmmtmb,Group:fix,1.4077386172433174e-7,<0.001 ***,***,significant,TRUE,NA,NA,NA,NA,NA,NA,NA,NA,NA,NA,NA,3,NA,NA,NA,NA,NA,NA,NA,NA,NA,NA,NA,NA,NA,NA,NA,34.702784752383955
supplementary/duration/03_duration_beta_glmmtmb_anova.csv,duration_beta_glmmtmb,Group,0.7836528909552319,0.784,NA,NA,FALSE,NA,NA,NA,NA,NA,NA,NA,NA,NA,NA,NA,1,NA,NA,NA,NA,NA,NA,NA,NA,NA,NA,NA,NA,NA,NA,NA,0.07538420129502348
supplementary/duration/03_duration_beta_glmmtmb_anova.csv,duration_beta_glmmtmb,fix:medication,0.793963151002562,0.794,NA,NA,FALSE,NA,NA,NA,NA,NA,NA,NA,NA,NA,NA,NA,9,NA,NA,NA,NA,NA,NA,NA,NA,NA,NA,NA,NA,NA,NA,NA,5.444548259901508
supplementary/duration/03_duration_beta_glmmtmb_anova.csv,duration_beta_glmmtmb,medication,0.9198791311512984,0.920,NA,NA,FALSE,NA,NA,NA,NA,NA,NA,NA,NA,NA,NA,NA,3,NA,NA,NA,NA,NA,NA,NA,NA,NA,NA,NA,NA,NA,NA,NA,0.4954990549022624
supplementary/duration/03_duration_beta_glmmtmb_anova.csv,duration_beta_glmmtmb,Sex,0.9373633960117282,0.937,NA,NA,FALSE,NA,NA,NA,NA,NA,NA,NA,NA,NA,NA,NA,1,NA,NA,NA,NA,NA,NA,NA,NA,NA,NA,NA,NA,NA,NA,NA,0.0061754684340886
supplementary/duration/03_duration_beta_glmmtmb_anova.csv,duration_beta_glmmtmb,Group:fix:medication,0.9409597893292386,0.941,NA,NA,FALSE,NA,NA,NA,NA,NA,NA,NA,NA,NA,NA,NA,9,NA,NA,NA,NA,NA,NA,NA,NA,NA,NA,NA,NA,NA,NA,NA,3.503483043280228
supplementary/duration/03_duration_beta_glmmtmb_anova.csv,duration_beta_glmmtmb,session,0.97856525606492,0.979,NA,NA,FALSE,NA,NA,NA,NA,NA,NA,NA,NA,NA,NA,NA,3,NA,NA,NA,NA,NA,NA,NA,NA,NA,NA,NA,NA,NA,NA,NA,0.19391712882541284
supplementary/duration/03_duration_beta_glmmtmb_anova.csv,duration_beta_glmmtmb,Group:medication,0.9993156862350674,0.999,NA,NA,FALSE,NA,NA,NA,NA,NA,NA,NA,NA,NA,NA,NA,3,NA,NA,NA,NA,NA,NA,NA,NA,NA,NA,NA,NA,NA,NA,NA,0.0188477941332761
supplementary/duration/04_duration_beta_filtered_glmmtmb_anova.csv,duration_beta_filtered_glmmtmb,fix,3.997823692591528e-79,<0.001 ***,***,significant,TRUE,NA,NA,NA,NA,NA,NA,NA,NA,NA,NA,NA,3,NA,NA,NA,NA,NA,NA,NA,NA,NA,NA,NA,NA,NA,NA,NA,366.49478093886074
supplementary/duration/04_duration_beta_filtered_glmmtmb_anova.csv,duration_beta_filtered_glmmtmb,Group:fix,7.86926477418074e-8,<0.001 ***,***,significant,TRUE,NA,NA,NA,NA,NA,NA,NA,NA,NA,NA,NA,3,NA,NA,NA,NA,NA,NA,NA,NA,NA,NA,NA,NA,NA,NA,NA,35.89808584488496
supplementary/duration/04_duration_beta_filtered_glmmtmb_anova.csv,duration_beta_filtered_glmmtmb,fix:medication,0.36367609110662025,0.364,NA,NA,FALSE,NA,NA,NA,NA,NA,NA,NA,NA,NA,NA,NA,9,NA,NA,NA,NA,NA,NA,NA,NA,NA,NA,NA,NA,NA,NA,NA,9.838995810367209
supplementary/duration/04_duration_beta_filtered_glmmtmb_anova.csv,duration_beta_filtered_glmmtmb,Group,0.5456680945273511,0.546,NA,NA,FALSE,NA,NA,NA,NA,NA,NA,NA,NA,NA,NA,NA,1,NA,NA,NA,NA,NA,NA,NA,NA,NA,NA,NA,NA,NA,NA,NA,0.3651350584339896
supplementary/duration/04_duration_beta_filtered_glmmtmb_anova.csv,duration_beta_filtered_glmmtmb,Group:fix:medication,0.6565102490643742,0.657,NA,NA,FALSE,NA,NA,NA,NA,NA,NA,NA,NA,NA,NA,NA,9,NA,NA,NA,NA,NA,NA,NA,NA,NA,NA,NA,NA,NA,NA,NA,6.813686075734551
supplementary/duration/04_duration_beta_filtered_glmmtmb_anova.csv,duration_beta_filtered_glmmtmb,Sex,0.7678877330967522,0.768,NA,NA,FALSE,NA,NA,NA,NA,NA,NA,NA,NA,NA,NA,NA,1,NA,NA,NA,NA,NA,NA,NA,NA,NA,NA,NA,NA,NA,NA,NA,0.0871070023866491
supplementary/duration/04_duration_beta_filtered_glmmtmb_anova.csv,duration_beta_filtered_glmmtmb,session,0.880255411928021,0.880,NA,NA,FALSE,NA,NA,NA,NA,NA,NA,NA,NA,NA,NA,NA,3,NA,NA,NA,NA,NA,NA,NA,NA,NA,NA,NA,NA,NA,NA,NA,0.6699191326023588
supplementary/duration/04_duration_beta_filtered_glmmtmb_anova.csv,duration_beta_filtered_glmmtmb,medication,0.9779072797440862,0.978,NA,NA,FALSE,NA,NA,NA,NA,NA,NA,NA,NA,NA,NA,NA,3,NA,NA,NA,NA,NA,NA,NA,NA,NA,NA,NA,NA,NA,NA,NA,0.19802636293243145
supplementary/duration/04_duration_beta_filtered_glmmtmb_anova.csv,duration_beta_filtered_glmmtmb,Group:medication,0.994244411561078,0.994,NA,NA,FALSE,NA,NA,NA,NA,NA,NA,NA,NA,NA,NA,NA,3,NA,NA,NA,NA,NA,NA,NA,NA,NA,NA,NA,NA,NA,NA,NA,0.07888916875743143
supplementary/experimenter/01_experimenter_model_anova.csv,experimenter_model,fix,4.804378870741427e-12,<0.001 ***,***,significant,TRUE,3.671409271192063,1.2238030903973545,3,56.1587027879532,31.373974302026824,NA,NA,NA,NA,NA,NA,NA,NA,NA,NA,NA,NA,NA,NA,NA,NA,NA,NA,NA,NA,NA,NA,NA
supplementary/experimenter/01_experimenter_model_anova.csv,experimenter_model,fix:Experimenter,0.00366131128658555,0.004 **,**,significant,TRUE,1.800120542543331,0.10000669680796284,18,56.865048187021266,2.563817300596021,NA,NA,NA,NA,NA,NA,NA,NA,NA,NA,NA,NA,NA,NA,NA,NA,NA,NA,NA,NA,NA,NA,NA
supplementary/experimenter/01_experimenter_model_anova.csv,experimenter_model,Group:Experimenter,0.2015025426373543,0.202,NA,NA,FALSE,0.3462906266214477,0.05771510443690795,6,57.194771124138846,1.479610745920256,NA,NA,NA,NA,NA,NA,NA,NA,NA,NA,NA,NA,NA,NA,NA,NA,NA,NA,NA,NA,NA,NA,NA
supplementary/experimenter/01_experimenter_model_anova.csv,experimenter_model,Experimenter,0.5564471871860153,0.556,NA,NA,FALSE,0.1927388345264313,0.03212313908773855,6,57.194771126830446,0.8235234476421464,NA,NA,NA,NA,NA,NA,NA,NA,NA,NA,NA,NA,NA,NA,NA,NA,NA,NA,NA,NA,NA,NA,NA
supplementary/experimenter/01_experimenter_model_anova.csv,experimenter_model,Group,0.5836371293200949,0.584,NA,NA,FALSE,0.01185333813123107,0.01185333813123107,1,56.4498006327096,0.3038775836084311,NA,NA,NA,NA,NA,NA,NA,NA,NA,NA,NA,NA,NA,NA,NA,NA,NA,NA,NA,NA,NA,NA,NA
supplementary/experimenter/01_experimenter_model_anova.csv,experimenter_model,Group:fix:Experimenter,0.6489710868609524,0.649,NA,NA,FALSE,0.5889431136947824,0.03271906187193235,18,56.865048168338646,0.83880079598682,NA,NA,NA,NA,NA,NA,NA,NA,NA,NA,NA,NA,NA,NA,NA,NA,NA,NA,NA,NA,NA,NA,NA
supplementary/experimenter/01_experimenter_model_anova.csv,experimenter_model,Group:fix,0.6845874608793636,0.685,NA,NA,FALSE,0.05837536018416566,0.01945845339472188,3,56.15870023221387,0.49884578781785266,NA,NA,NA,NA,NA,NA,NA,NA,NA,NA,NA,NA,NA,NA,NA,NA,NA,NA,NA,NA,NA,NA,NA
supplementary/menstrual_cycle/01_eyes_phase_model_anova.csv,eyes_phase_model,medication:phase,0.07780476099465213,0.078 .,.,trend,FALSE,0.7354573669124231,0.08171748521249146,9,42.54100471539139,1.9018054355841931,NA,NA,NA,NA,NA,NA,NA,NA,NA,NA,NA,NA,NA,NA,NA,NA,NA,NA,NA,NA,NA,NA,NA
supplementary/menstrual_cycle/01_eyes_phase_model_anova.csv,eyes_phase_model,Group,0.13071400988639711,0.131,NA,NA,FALSE,0.10409718399627754,0.10409718399627754,1,28.2807622100221,2.4226466323374587,NA,NA,NA,NA,NA,NA,NA,NA,NA,NA,NA,NA,NA,NA,NA,NA,NA,NA,NA,NA,NA,NA,NA
supplementary/menstrual_cycle/01_eyes_phase_model_anova.csv,eyes_phase_model,Group:medication,0.16051455310295695,0.161,NA,NA,FALSE,0.2336745794802816,0.0778915264934272,3,39.62766677327687,1.8127641603991256,NA,NA,NA,NA,NA,NA,NA,NA,NA,NA,NA,NA,NA,NA,NA,NA,NA,NA,NA,NA,NA,NA,NA
supplementary/menstrual_cycle/01_eyes_phase_model_anova.csv,eyes_phase_model,Group:medication:phase,0.22978409611044748,0.230,NA,NA,FALSE,0.421337490969918,0.06019107013855972,7,43.12813203455094,1.4008226521591975,NA,NA,NA,NA,NA,NA,NA,NA,NA,NA,NA,NA,NA,NA,NA,NA,NA,NA,NA,NA,NA,NA,NA
supplementary/menstrual_cycle/01_eyes_phase_model_anova.csv,eyes_phase_model,medication,0.45881679661734087,0.459,NA,NA,FALSE,0.1136115347812968,0.03787051159376559,3,40.466908656371345,0.8813578221367998,NA,NA,NA,NA,NA,NA,NA,NA,NA,NA,NA,NA,NA,NA,NA,NA,NA,NA,NA,NA,NA,NA,NA
supplementary/menstrual_cycle/01_eyes_phase_model_anova.csv,eyes_phase_model,phase,0.5619661071602606,0.562,NA,NA,FALSE,0.08923570764752951,0.02974523588250983,3,41.60941594369068,0.6922588371019018,NA,NA,NA,NA,NA,NA,NA,NA,NA,NA,NA,NA,NA,NA,NA,NA,NA,NA,NA,NA,NA,NA,NA
supplementary/menstrual_cycle/01_eyes_phase_model_anova.csv,eyes_phase_model,session,0.6929794807491874,0.693,NA,NA,FALSE,0.06282378179180088,0.02094126059726696,3,40.27586962820835,0.4873645233735056,NA,NA,NA,NA,NA,NA,NA,NA,NA,NA,NA,NA,NA,NA,NA,NA,NA,NA,NA,NA,NA,NA,NA
supplementary/menstrual_cycle/01_eyes_phase_model_anova.csv,eyes_phase_model,Group:phase,0.8769195738241738,0.877,NA,NA,FALSE,0.02928943357168285,0.00976314452389428,3,41.36277560992336,0.227216993715048,NA,NA,NA,NA,NA,NA,NA,NA,NA,NA,NA,NA,NA,NA,NA,NA,NA,NA,NA,NA,NA,NA,NA
supplementary/menstrual_cycle/02_full_phase_model_anova.csv,full_phase_model,fix,1.8586729897146232e-26,<0.001 ***,***,significant,TRUE,14.19415058408061,4.73138352802687,3,234.6927730181352,53.68161827331678,NA,NA,NA,NA,NA,NA,NA,NA,NA,NA,NA,NA,NA,NA,NA,NA,NA,NA,NA,NA,NA,NA,NA
supplementary/menstrual_cycle/02_full_phase_model_anova.csv,full_phase_model,Group:fix,0.03384704596218161,0.034 *,*,significant,TRUE,0.7777718357838187,0.25925727859460623,3,234.6927730242276,2.9414969599597325,NA,NA,NA,NA,NA,NA,NA,NA,NA,NA,NA,NA,NA,NA,NA,NA,NA,NA,NA,NA,NA,NA,NA
supplementary/menstrual_cycle/02_full_phase_model_anova.csv,full_phase_model,Group,0.1368281741620427,0.137,NA,NA,FALSE,0.20464553935428892,0.20464553935428892,1,33.94805685180858,2.321879775731335,NA,NA,NA,NA,NA,NA,NA,NA,NA,NA,NA,NA,NA,NA,NA,NA,NA,NA,NA,NA,NA,NA,NA
supplementary/menstrual_cycle/02_full_phase_model_anova.csv,full_phase_model,fix:medication:phase,0.1727193229556101,0.173,NA,NA,FALSE,3.0318792090889928,0.1122918225588516,27,234.69277303116195,1.2740473728480757,NA,NA,NA,NA,NA,NA,NA,NA,NA,NA,NA,NA,NA,NA,NA,NA,NA,NA,NA,NA,NA,NA,NA
supplementary/menstrual_cycle/02_full_phase_model_anova.csv,full_phase_model,medication,0.4755675055758636,0.476,NA,NA,FALSE,0.22085820320999583,0.07361940106999862,3,254.9646948870118,0.8352754669621935,NA,NA,NA,NA,NA,NA,NA,NA,NA,NA,NA,NA,NA,NA,NA,NA,NA,NA,NA,NA,NA,NA,NA
supplementary/menstrual_cycle/02_full_phase_model_anova.csv,full_phase_model,fix:medication,0.5750627699110015,0.575,NA,NA,FALSE,0.6705735973136743,0.07450817747929714,9,234.69277302494012,0.8453594002666215,NA,NA,NA,NA,NA,NA,NA,NA,NA,NA,NA,NA,NA,NA,NA,NA,NA,NA,NA,NA,NA,NA,NA
supplementary/menstrual_cycle/02_full_phase_model_anova.csv,full_phase_model,Group:fix:phase,0.6377759046055014,0.638,NA,NA,FALSE,0.6164140118597348,0.06849044576219275,9,234.69277303161977,0.7770830546701895,NA,NA,NA,NA,NA,NA,NA,NA,NA,NA,NA,NA,NA,NA,NA,NA,NA,NA,NA,NA,NA,NA,NA
supplementary/menstrual_cycle/02_full_phase_model_anova.csv,full_phase_model,Group:fix:medication:phase,0.6701282610010164,0.670,NA,NA,FALSE,1.5526572809665282,0.0739360609984061,21,234.69277303132205,0.8388682463888733,NA,NA,NA,NA,NA,NA,NA,NA,NA,NA,NA,NA,NA,NA,NA,NA,NA,NA,NA,NA,NA,NA,NA
supplementary/menstrual_cycle/02_full_phase_model_anova.csv,full_phase_model,Group:fix:medication,0.6916498007165708,0.692,NA,NA,FALSE,0.5700252449562665,0.06333613832847405,9,234.6927730308089,0.7186030006899544,NA,NA,NA,NA,NA,NA,NA,NA,NA,NA,NA,NA,NA,NA,NA,NA,NA,NA,NA,NA,NA,NA,NA
supplementary/menstrual_cycle/02_full_phase_model_anova.csv,full_phase_model,fix:phase,0.7011722126275742,0.701,NA,NA,FALSE,0.5617629469898447,0.06241810522109386,9,234.6927730305448,0.7081871249655017,NA,NA,NA,NA,NA,NA,NA,NA,NA,NA,NA,NA,NA,NA,NA,NA,NA,NA,NA,NA,NA,NA,NA
supplementary/menstrual_cycle/02_full_phase_model_anova.csv,full_phase_model,phase,0.832457524553793,0.832,NA,NA,FALSE,0.07673487139815899,0.025578290466053,3,251.850596747781,0.2902077197397042,NA,NA,NA,NA,NA,NA,NA,NA,NA,NA,NA,NA,NA,NA,NA,NA,NA,NA,NA,NA,NA,NA,NA
supplementary/menstrual_cycle/02_full_phase_model_anova.csv,full_phase_model,medication:phase,0.8750603210449789,0.875,NA,NA,FALSE,0.3951752840763174,0.0439083648973686,9,245.3899320803984,0.49817819026161536,NA,NA,NA,NA,NA,NA,NA,NA,NA,NA,NA,NA,NA,NA,NA,NA,NA,NA,NA,NA,NA,NA,NA
supplementary/menstrual_cycle/02_full_phase_model_anova.csv,full_phase_model,Group:phase,0.9784010625761448,0.978,NA,NA,FALSE,0.0171548206514953,0.00571827355049843,3,252.51825920607985,0.0648787349623874,NA,NA,NA,NA,NA,NA,NA,NA,NA,NA,NA,NA,NA,NA,NA,NA,NA,NA,NA,NA,NA,NA,NA
supplementary/menstrual_cycle/02_full_phase_model_anova.csv,full_phase_model,Group:medication:phase,0.9833351506160354,0.983,NA,NA,FALSE,0.12861779702155166,0.0183739710030788,7,242.559214657437,0.20846851490891577,NA,NA,NA,NA,NA,NA,NA,NA,NA,NA,NA,NA,NA,NA,NA,NA,NA,NA,NA,NA,NA,NA,NA
supplementary/menstrual_cycle/02_full_phase_model_anova.csv,full_phase_model,Group:medication,0.9866790104733014,0.987,NA,NA,FALSE,0.012292961106659,0.00409765370221966,3,252.4878098021025,0.04649140796889343,NA,NA,NA,NA,NA,NA,NA,NA,NA,NA,NA,NA,NA,NA,NA,NA,NA,NA,NA,NA,NA,NA,NA
supplementary/sex_stratified/01_male_stratified_model_anova.csv,male_stratified_model,fix,6.858053878055194e-19,<0.001 ***,***,significant,TRUE,40.13018659747289,13.376728865824298,3,464.999999954643,32.13139097169893,NA,NA,NA,NA,NA,NA,NA,NA,NA,NA,NA,NA,NA,NA,NA,NA,NA,NA,NA,NA,NA,NA,NA
supplementary/sex_stratified/01_male_stratified_model_anova.csv,male_stratified_model,Group,0.21291414886458865,0.213,NA,NA,FALSE,0.6476860054819936,0.6476860054819936,1,465.00000000245905,1.555765424999325,NA,NA,NA,NA,NA,NA,NA,NA,NA,NA,NA,NA,NA,NA,NA,NA,NA,NA,NA,NA,NA,NA,NA
supplementary/sex_stratified/01_male_stratified_model_anova.csv,male_stratified_model,medication,0.49189030022355185,0.492,NA,NA,FALSE,1.0045801987709368,0.33486006625697895,3,464.9999999982599,0.8043461011758332,NA,NA,NA,NA,NA,NA,NA,NA,NA,NA,NA,NA,NA,NA,NA,NA,NA,NA,NA,NA,NA,NA,NA
supplementary/sex_stratified/01_male_stratified_model_anova.csv,male_stratified_model,Group:medication,0.49829428284517985,0.498,NA,NA,FALSE,0.9902322427643622,0.33007741425478737,3,464.99999998942826,0.7928579965049961,NA,NA,NA,NA,NA,NA,NA,NA,NA,NA,NA,NA,NA,NA,NA,NA,NA,NA,NA,NA,NA,NA,NA
supplementary/sex_stratified/01_male_stratified_model_anova.csv,male_stratified_model,fix:medication,0.5778035483930881,0.578,NA,NA,FALSE,3.1541991496290187,0.3504665721810021,9,464.9999999827848,0.8418334980257521,NA,NA,NA,NA,NA,NA,NA,NA,NA,NA,NA,NA,NA,NA,NA,NA,NA,NA,NA,NA,NA,NA,NA
supplementary/sex_stratified/01_male_stratified_model_anova.csv,male_stratified_model,session,0.8370285284535236,0.837,NA,NA,FALSE,0.35458145884696846,0.11819381961565616,3,464.9999999904971,0.28390586866209033,NA,NA,NA,NA,NA,NA,NA,NA,NA,NA,NA,NA,NA,NA,NA,NA,NA,NA,NA,NA,NA,NA,NA
supplementary/sex_stratified/01_male_stratified_model_anova.csv,male_stratified_model,Group:fix:medication,0.9515779822105888,0.952,NA,NA,FALSE,1.365142386995417,0.1516824874439352,9,464.9999999900631,0.36434687108540453,NA,NA,NA,NA,NA,NA,NA,NA,NA,NA,NA,NA,NA,NA,NA,NA,NA,NA,NA,NA,NA,NA,NA
supplementary/sex_stratified/01_male_stratified_model_anova.csv,male_stratified_model,Group:fix,0.9558457612143368,0.956,NA,NA,FALSE,0.133941093649228,0.04464703121640933,3,464.9999999900992,0.10724379854967583,NA,NA,NA,NA,NA,NA,NA,NA,NA,NA,NA,NA,NA,NA,NA,NA,NA,NA,NA,NA,NA,NA,NA
supplementary/sex_stratified/02_female_stratified_model_anova.csv,female_stratified_model,fix,8.114691802507807e-48,<0.001 ***,***,significant,TRUE,93.13037127199988,31.043457090666628,3,424.30293421909465,96.98580985705564,NA,NA,NA,NA,NA,NA,NA,NA,NA,NA,NA,NA,NA,NA,NA,NA,NA,NA,NA,NA,NA,NA,NA
supplementary/sex_stratified/02_female_stratified_model_anova.csv,female_stratified_model,Group:fix,3.27726004607149e-4,<0.001 ***,***,significant,TRUE,6.085055281096725,2.028351760365575,3,424.30293422467815,6.336966194824512,NA,NA,NA,NA,NA,NA,NA,NA,NA,NA,NA,NA,NA,NA,NA,NA,NA,NA,NA,NA,NA,NA,NA
supplementary/sex_stratified/02_female_stratified_model_anova.csv,female_stratified_model,fix:medication,0.14281591103502894,0.143,NA,NA,FALSE,4.341621149483215,0.48240234994257947,9,424.3029342334208,1.5071189542286618,NA,NA,NA,NA,NA,NA,NA,NA,NA,NA,NA,NA,NA,NA,NA,NA,NA,NA,NA,NA,NA,NA,NA
supplementary/sex_stratified/02_female_stratified_model_anova.csv,female_stratified_model,Group,0.2146405867717519,0.215,NA,NA,FALSE,0.5120685873613262,0.5120685873613262,1,33.57388623646231,1.5998020614311097,NA,NA,NA,NA,NA,NA,NA,NA,NA,NA,NA,NA,NA,NA,NA,NA,NA,NA,NA,NA,NA,NA,NA
supplementary/sex_stratified/02_female_stratified_model_anova.csv,female_stratified_model,Group:fix:medication,0.43372547402078393,0.434,NA,NA,FALSE,2.900024938632394,0.32222499318137715,9,424.3029342329864,1.0066936755338354,NA,NA,NA,NA,NA,NA,NA,NA,NA,NA,NA,NA,NA,NA,NA,NA,NA,NA,NA,NA,NA,NA,NA
supplementary/sex_stratified/02_female_stratified_model_anova.csv,female_stratified_model,medication,0.43811255730184495,0.438,NA,NA,FALSE,0.8699243789026381,0.289974792967546,3,435.05354484813705,0.9059377649838152,NA,NA,NA,NA,NA,NA,NA,NA,NA,NA,NA,NA,NA,NA,NA,NA,NA,NA,NA,NA,NA,NA,NA
supplementary/sex_stratified/02_female_stratified_model_anova.csv,female_stratified_model,session,0.822036030067462,0.822,NA,NA,FALSE,0.29254258366134045,0.09751419455378016,3,433.79269812816494,0.3046533478450857,NA,NA,NA,NA,NA,NA,NA,NA,NA,NA,NA,NA,NA,NA,NA,NA,NA,NA,NA,NA,NA,NA,NA
supplementary/sex_stratified/02_female_stratified_model_anova.csv,female_stratified_model,Group:medication,0.9283910554583452,0.928,NA,NA,FALSE,0.14594873516461238,0.04864957838820412,3,435.5956283526785,0.1519907639604635,NA,NA,NA,NA,NA,NA,NA,NA,NA,NA,NA,NA,NA,NA,NA,NA,NA,NA,NA,NA,NA,NA,NA
