scenario_shift,simulation,converged,pdHess,p_group_fix_medication,p_medication,error,scenario_label
0,1,TRUE,TRUE,0.7317393474237976,0.9995377131653622,NA,Null baseline
0,2,TRUE,TRUE,0.5815481859481609,0.7007489220616684,NA,Null baseline
0,3,TRUE,TRUE,0.5825763784641438,0.9179828362290106,NA,Null baseline
0,4,TRUE,TRUE,0.6284703736570423,4.000077909490461e-4,NA,Null baseline
0,5,TRUE,TRUE,0.7994659403520226,0.35335979689836167,NA,Null baseline
0,6,TRUE,TRUE,0.9471133236943365,0.536047823833229,NA,Null baseline
0,7,TRUE,TRUE,0.9660444686618689,0.13381811661393803,NA,Null baseline
0,8,TRUE,TRUE,0.8248348780524396,0.907409208881371,NA,Null baseline
0,9,TRUE,TRUE,0.2441879314998376,0.21548593680931205,NA,Null baseline
0,10,TRUE,TRUE,0.6287204710901197,0.003630799809464005,NA,Null baseline
0,11,TRUE,TRUE,0.4723937892837071,0.5222674427327907,NA,Null baseline
0,12,TRUE,TRUE,0.24247997862245968,0.031627259014101225,NA,Null baseline
0,13,TRUE,TRUE,0.12994684894510233,0.2150207413835611,NA,Null baseline
0,14,TRUE,TRUE,0.3195505033236029,0.003361451802049703,NA,Null baseline
0,15,TRUE,TRUE,0.26696679907285104,0.42435909315658926,NA,Null baseline
0,16,TRUE,TRUE,0.6467191968983053,0.24390560544439052,NA,Null baseline
0,17,TRUE,TRUE,0.6390248661412814,0.28795443133871135,NA,Null baseline
0,18,TRUE,TRUE,0.6516728337004967,0.8421324360988813,NA,Null baseline
0,19,TRUE,TRUE,0.7376482119796701,0.501719453982968,NA,Null baseline
0,20,TRUE,TRUE,0.9911913800940259,0.9407621868120073,NA,Null baseline
0,21,TRUE,TRUE,0.63422979923994,0.2955636199958235,NA,Null baseline
0,22,TRUE,TRUE,0.5118147612438066,0.9735879107398845,NA,Null baseline
0,23,TRUE,TRUE,0.9511407079934601,0.37002936733025565,NA,Null baseline
0,24,TRUE,TRUE,0.227579283951385,0.9856458218887141,NA,Null baseline
0,25,TRUE,TRUE,0.6326531422773456,0.46321245499338937,NA,Null baseline
0,26,TRUE,TRUE,0.46966829810417243,0.7156882987378741,NA,Null baseline
0,27,TRUE,TRUE,0.6650185406270742,0.13631820822138316,NA,Null baseline
0,28,TRUE,TRUE,0.5905220021135227,0.19489231448447986,NA,Null baseline
0,29,TRUE,TRUE,0.3388266176287705,0.5692097580077944,NA,Null baseline
0,30,TRUE,TRUE,0.8345458394836743,0.30680672448358465,NA,Null baseline
0,31,TRUE,TRUE,0.3001004717426951,0.004168369447634058,NA,Null baseline
0,32,TRUE,TRUE,0.268231595775453,0.17394203131855002,NA,Null baseline
0,33,TRUE,TRUE,0.7416238523974727,0.9480474845745606,NA,Null baseline
0,34,TRUE,TRUE,0.912891902831731,0.21229153714516197,NA,Null baseline
0,35,TRUE,TRUE,0.7062374921721191,0.41099143395084126,NA,Null baseline
0,36,TRUE,TRUE,0.5838541148607435,0.04733627013341289,NA,Null baseline
0,37,TRUE,TRUE,0.22761077170339997,0.10532997764282943,NA,Null baseline
0,38,TRUE,TRUE,0.8980188195395064,0.910320844607473,NA,Null baseline
0,39,TRUE,TRUE,0.7929420604672534,0.5793745362229771,NA,Null baseline
0,40,TRUE,TRUE,0.048595031245233414,0.9695129876040951,NA,Null baseline
0,41,TRUE,TRUE,0.00551061566060786,0.9768377991888771,NA,Null baseline
0,42,TRUE,TRUE,0.04457318993269577,0.02584236931798703,NA,Null baseline
0,43,TRUE,TRUE,0.6275759601319512,0.16130853057041117,NA,Null baseline
0,44,TRUE,TRUE,0.8744116284167592,0.36019941267121874,NA,Null baseline
0,45,TRUE,TRUE,0.8705368024878702,0.030123489558878443,NA,Null baseline
0,46,TRUE,TRUE,0.32377229942265495,0.40743426543929134,NA,Null baseline
0,47,TRUE,TRUE,0.37916375189289153,0.39344131870344984,NA,Null baseline
0,48,TRUE,TRUE,0.10290181105643142,0.02209339023948492,NA,Null baseline
0,49,TRUE,TRUE,0.34199611933523766,0.6003225827536159,NA,Null baseline
0,50,TRUE,TRUE,0.6630203719823716,0.02850818468677181,NA,Null baseline
0,51,TRUE,TRUE,0.49597229400676757,0.5688715114715319,NA,Null baseline
0,52,TRUE,TRUE,0.9803265456044936,0.17921127869804307,NA,Null baseline
0,53,TRUE,TRUE,0.9651182122277694,0.7180718416876182,NA,Null baseline
0,54,TRUE,TRUE,0.0025498085974941104,0.9891660845787544,NA,Null baseline
0,55,TRUE,TRUE,0.927809069665785,0.4164929872041909,NA,Null baseline
0,56,TRUE,TRUE,0.022802896684248203,0.327225582384678,NA,Null baseline
0,57,TRUE,TRUE,0.2693382698689619,0.7922459897841646,NA,Null baseline
0,58,TRUE,TRUE,0.14356934523165296,0.7946794449832499,NA,Null baseline
0,59,TRUE,TRUE,0.6987082894915054,0.4468521731563847,NA,Null baseline
0,60,TRUE,TRUE,0.8666189325019509,0.7282195239731696,NA,Null baseline
0,61,TRUE,TRUE,0.11760550977836487,0.30644791915277675,NA,Null baseline
0,62,TRUE,TRUE,0.7682476888484202,0.27553534891971865,NA,Null baseline
0,63,TRUE,TRUE,0.7226186387014814,0.7241430195691642,NA,Null baseline
0,64,TRUE,TRUE,0.15947664325557973,0.42309777675456367,NA,Null baseline
0,65,TRUE,TRUE,0.22069501502636188,0.31651984597786564,NA,Null baseline
0,66,TRUE,TRUE,0.07016703930053944,0.29133028347267115,NA,Null baseline
0,67,TRUE,TRUE,0.2992213341937048,0.5474148670319339,NA,Null baseline
0,68,TRUE,TRUE,0.6909753148787798,0.10591751666832754,NA,Null baseline
0,69,TRUE,TRUE,0.6437186239515632,0.03708146605477467,NA,Null baseline
0,70,TRUE,TRUE,0.6877888894318169,0.8909757253434691,NA,Null baseline
0,71,TRUE,TRUE,0.17466239393758617,0.030064214814809375,NA,Null baseline
0,72,TRUE,TRUE,0.6854661263524515,0.6155394565715936,NA,Null baseline
0,73,TRUE,TRUE,0.7833372507800762,0.2673920857475899,NA,Null baseline
0,74,TRUE,TRUE,0.5595527867947303,0.05488686326941142,NA,Null baseline
0,75,TRUE,TRUE,0.1614700860112419,0.41250616138078455,NA,Null baseline
0,76,TRUE,TRUE,0.7885694643293172,0.002157675638182578,NA,Null baseline
0,77,TRUE,TRUE,0.6001909081750526,0.46201561072712816,NA,Null baseline
0,78,TRUE,TRUE,0.6568725135924003,0.4660779192611195,NA,Null baseline
0,79,TRUE,TRUE,0.1991577536907098,0.4594642782984582,NA,Null baseline
0,80,TRUE,TRUE,0.39385961637651984,0.2909539822969893,NA,Null baseline
0,81,TRUE,TRUE,0.5214450137326216,0.3616683378576397,NA,Null baseline
0,82,TRUE,TRUE,0.19152178010187407,0.06772682784049432,NA,Null baseline
0,83,TRUE,TRUE,0.08258533054517657,0.005681952405856406,NA,Null baseline
0,84,TRUE,TRUE,0.16313490856383758,0.8946966434978004,NA,Null baseline
0,85,TRUE,TRUE,0.48505798679927614,0.09740642917591237,NA,Null baseline
0,86,TRUE,TRUE,0.3121133487395633,0.3938510957857267,NA,Null baseline
0,87,TRUE,TRUE,0.17427653203096485,0.1632268259047525,NA,Null baseline
0,88,TRUE,TRUE,0.22067507024973215,0.6458846337393549,NA,Null baseline
0,89,TRUE,TRUE,0.963151563573901,0.35181669290696366,NA,Null baseline
0,90,TRUE,TRUE,0.9370622126415615,0.08790134935661721,NA,Null baseline
0,91,TRUE,TRUE,0.9391119358922044,0.590995214030807,NA,Null baseline
0,92,TRUE,TRUE,0.910099551430144,0.6099391162105174,NA,Null baseline
0,93,TRUE,TRUE,0.8388605332344917,0.9401740831644688,NA,Null baseline
0,94,TRUE,TRUE,0.07230424140175637,0.9269533543382699,NA,Null baseline
0,95,TRUE,TRUE,0.8315207491146448,0.0665130468787673,NA,Null baseline
0,96,TRUE,TRUE,0.6078008932799928,0.24621232786140604,NA,Null baseline
0,97,TRUE,TRUE,0.7540960633613718,0.04524318415571179,NA,Null baseline
0,98,TRUE,TRUE,0.5265608413827522,0.5511195385190257,NA,Null baseline
0,99,TRUE,TRUE,0.6079215977851552,0.816257961818381,NA,Null baseline
0,100,TRUE,TRUE,0.26011086445598297,0.7166297964059907,NA,Null baseline
0,101,TRUE,TRUE,0.8100959026048118,0.7325303701453814,NA,Null baseline
0,102,TRUE,TRUE,0.9551339249976044,0.13655228831131766,NA,Null baseline
0,103,TRUE,TRUE,0.5182328295468608,0.21457315511005254,NA,Null baseline
0,104,TRUE,TRUE,0.27420525814500013,0.6171234110379304,NA,Null baseline
0,105,TRUE,TRUE,0.6246556804852881,0.08150226113191276,NA,Null baseline
0,106,TRUE,TRUE,0.4693393870274663,0.6346290057938488,NA,Null baseline
0,107,TRUE,TRUE,0.025994376217705693,0.007952516011547858,NA,Null baseline
0,108,TRUE,TRUE,0.07993567294226739,0.09886019540053788,NA,Null baseline
0,109,TRUE,TRUE,0.13810370353900686,0.508390920677967,NA,Null baseline
0,110,TRUE,TRUE,0.0033779227260545986,0.23091279934508704,NA,Null baseline
0,111,TRUE,TRUE,0.9240098849251,0.16131487818694107,NA,Null baseline
0,112,TRUE,TRUE,0.8202075399180389,0.8804722243918295,NA,Null baseline
0,113,TRUE,TRUE,0.3624473558540041,0.6057851324475694,NA,Null baseline
0,114,TRUE,TRUE,0.2743846926042724,0.09635647987486663,NA,Null baseline
0,115,TRUE,TRUE,0.28329345541383566,0.7789395419130698,NA,Null baseline
0,116,TRUE,TRUE,0.8268361835970804,0.34073689666066603,NA,Null baseline
0,117,TRUE,TRUE,0.9805312733899596,0.1395348113558685,NA,Null baseline
0,118,TRUE,TRUE,0.0769849903034352,0.23495360981377392,NA,Null baseline
0,119,TRUE,TRUE,0.7239562478553331,0.27011560802203516,NA,Null baseline
0,120,TRUE,TRUE,0.37169936403250114,0.6342940606572918,NA,Null baseline
0,121,TRUE,TRUE,0.31245228842842376,0.8022040740674841,NA,Null baseline
0,122,TRUE,TRUE,0.10756044793064586,0.16711270134480583,NA,Null baseline
0,123,TRUE,TRUE,0.11871933118421948,0.5860642633143744,NA,Null baseline
0,124,TRUE,TRUE,0.40824163811283687,0.9134413201034186,NA,Null baseline
0,125,TRUE,TRUE,0.5947700968803605,0.08912785595176322,NA,Null baseline
0,126,TRUE,TRUE,0.3760528315162298,0.7614587912612009,NA,Null baseline
0,127,TRUE,TRUE,0.14416377871413175,0.09779083493459223,NA,Null baseline
0,128,TRUE,TRUE,0.7219443267858814,0.08147075040471621,NA,Null baseline
0,129,TRUE,TRUE,0.2828152428937511,0.5532221623646184,NA,Null baseline
0,130,TRUE,TRUE,0.3345517722974482,0.871403930093116,NA,Null baseline
0,131,TRUE,TRUE,0.8526370595613262,0.6845411636424741,NA,Null baseline
0,132,TRUE,TRUE,0.02542324766464899,0.6809973812582728,NA,Null baseline
0,133,TRUE,TRUE,0.4910620186908987,0.18945097644867243,NA,Null baseline
0,134,TRUE,TRUE,0.8407782043202895,0.14774824731384992,NA,Null baseline
0,135,TRUE,TRUE,0.6599080651229889,0.22400607850076817,NA,Null baseline
0,136,TRUE,TRUE,0.3626010624577523,0.6630066778413215,NA,Null baseline
0,137,TRUE,TRUE,0.14972586978362493,0.22381444970111578,NA,Null baseline
0,138,TRUE,TRUE,0.4432633294576924,0.20180776324845054,NA,Null baseline
0,139,TRUE,TRUE,0.6871624566978837,0.5091225444589478,NA,Null baseline
0,140,TRUE,TRUE,0.5091845439496068,0.8190091489969691,NA,Null baseline
0,141,TRUE,TRUE,0.16815223317773215,0.2384549561218512,NA,Null baseline
0,142,TRUE,TRUE,0.11846674422475484,0.8212064522877592,NA,Null baseline
0,143,TRUE,TRUE,0.2251500954397686,0.350429982793766,NA,Null baseline
0,144,TRUE,TRUE,0.30639089550680487,0.3997395619326998,NA,Null baseline
0,145,TRUE,TRUE,0.3063126557499821,0.33942430600702694,NA,Null baseline
0,146,TRUE,TRUE,0.08646444122776538,0.7842312427964309,NA,Null baseline
0,147,TRUE,TRUE,0.003789971086520947,0.7639414795013839,NA,Null baseline
0,148,TRUE,TRUE,0.1312523719156527,0.14034956156105866,NA,Null baseline
0,149,TRUE,TRUE,0.5565163030779229,0.4712911706291011,NA,Null baseline
0,150,TRUE,TRUE,0.9579054962698871,0.29496392090101564,NA,Null baseline
0,151,TRUE,TRUE,0.25391684378979223,0.5681631084660893,NA,Null baseline
0,152,TRUE,TRUE,0.6228401339261457,0.37801719683744306,NA,Null baseline
0,153,TRUE,TRUE,0.23540168075207596,0.9299049321932559,NA,Null baseline
0,154,TRUE,TRUE,0.06141526341206836,0.5986321367898173,NA,Null baseline
0,155,TRUE,TRUE,0.062085002850502426,0.47443906683588527,NA,Null baseline
0,156,TRUE,TRUE,0.2675972199615259,0.10704005496681836,NA,Null baseline
0,157,TRUE,TRUE,0.42752925264269187,0.3311342199333778,NA,Null baseline
0,158,TRUE,TRUE,0.8957159667729666,0.09131602519090762,NA,Null baseline
0,159,TRUE,TRUE,0.2357783323986855,0.5644514446644812,NA,Null baseline
0,160,TRUE,TRUE,0.4287756028100302,0.9426661014730787,NA,Null baseline
0,161,TRUE,TRUE,0.3805886529334812,0.21226165455571436,NA,Null baseline
0,162,TRUE,TRUE,0.0018166455339137704,0.4643486828861447,NA,Null baseline
0,163,TRUE,TRUE,0.5385874840525803,0.12537254994423916,NA,Null baseline
0,164,TRUE,TRUE,0.4461489987598779,0.08334554198102256,NA,Null baseline
0,165,TRUE,TRUE,0.6886141967120147,0.07708448663546046,NA,Null baseline
0,166,TRUE,TRUE,0.5984675276148171,0.5737204384902457,NA,Null baseline
0,167,TRUE,TRUE,0.851745579881435,0.4825749682904804,NA,Null baseline
0,168,TRUE,TRUE,0.9094833903869988,0.15964652253728676,NA,Null baseline
0,169,TRUE,TRUE,0.36782958550072714,0.347827387692179,NA,Null baseline
0,170,TRUE,TRUE,0.2638127459656611,0.4152671600247979,NA,Null baseline
0,171,TRUE,TRUE,0.5573669635945974,0.9334118298572326,NA,Null baseline
0,172,TRUE,TRUE,0.4190175525798094,0.22939581645255336,NA,Null baseline
0,173,TRUE,TRUE,0.38415660626406395,0.4302313807424942,NA,Null baseline
0,174,TRUE,TRUE,0.044786596126480435,0.09042298769185272,NA,Null baseline
0,175,TRUE,TRUE,0.4352670213886071,0.6355701611336391,NA,Null baseline
0,176,TRUE,TRUE,0.4061729075176973,0.32043869924518953,NA,Null baseline
0,177,TRUE,TRUE,0.5420690848138288,0.7954526402880816,NA,Null baseline
0,178,TRUE,TRUE,0.6782930951515496,0.6189971646624306,NA,Null baseline
0,179,TRUE,TRUE,0.44425428618963303,0.3808459775821612,NA,Null baseline
0,180,TRUE,TRUE,0.5153910450689748,0.7405134045096649,NA,Null baseline
0,181,TRUE,TRUE,0.24696534456752736,0.5996495529408707,NA,Null baseline
0,182,TRUE,TRUE,0.8062806413159023,0.019429505099101775,NA,Null baseline
0,183,TRUE,TRUE,0.31628133845257184,0.5986579527001569,NA,Null baseline
0,184,TRUE,TRUE,0.8172892406951587,0.5983894236483733,NA,Null baseline
0,185,TRUE,TRUE,0.35945014925200874,0.27368146497688317,NA,Null baseline
0,186,TRUE,TRUE,0.4867960617198665,0.16048921479527367,NA,Null baseline
0,187,TRUE,TRUE,0.5325931636299608,0.2663363688800406,NA,Null baseline
0,188,TRUE,TRUE,0.06790523340462075,0.027575720995245155,NA,Null baseline
0,189,TRUE,TRUE,0.12829818057686915,0.08638996720788779,NA,Null baseline
0,190,TRUE,TRUE,0.30268129957969,0.09493193113754606,NA,Null baseline
0,191,TRUE,TRUE,0.24900609531405116,0.8224291185879335,NA,Null baseline
0,192,TRUE,TRUE,0.6845794244236856,0.30536709921490246,NA,Null baseline
0,193,TRUE,TRUE,0.2390546815200218,0.1407048287356728,NA,Null baseline
0,194,TRUE,TRUE,0.6925766648783631,0.3375681888374928,NA,Null baseline
0,195,TRUE,TRUE,0.3543851858969415,0.7568696737217768,NA,Null baseline
0,196,TRUE,TRUE,0.47582346562009153,0.009929889913853567,NA,Null baseline
0,197,TRUE,TRUE,2.4188394853057025e-4,0.972907265124403,NA,Null baseline
0,198,TRUE,TRUE,0.7033478409997559,0.5905900727470663,NA,Null baseline
0,199,TRUE,TRUE,0.09714177886257698,0.8962358497048727,NA,Null baseline
0,200,TRUE,TRUE,0.7520760117174028,0.7225896105357695,NA,Null baseline
0,201,TRUE,TRUE,0.8160446362886059,0.07216706700590694,NA,Null baseline
0,202,TRUE,TRUE,0.4455888875311031,0.7421658251454232,NA,Null baseline
0,203,TRUE,TRUE,0.33617453560456956,0.21260919307260515,NA,Null baseline
0,204,TRUE,TRUE,0.35081152175900226,0.6098136701060095,NA,Null baseline
0,205,TRUE,TRUE,0.4183181424210561,0.12020076119966784,NA,Null baseline
0,206,TRUE,TRUE,0.718982753111771,0.3625272089974017,NA,Null baseline
0,207,TRUE,TRUE,0.31817782698953623,0.47943723028633933,NA,Null baseline
0,208,TRUE,TRUE,0.2913526095451753,0.6575810640814588,NA,Null baseline
0,209,TRUE,TRUE,0.5852517006904338,0.03708732915858762,NA,Null baseline
0,210,TRUE,TRUE,0.2826461624048749,0.17010464827259608,NA,Null baseline
0,211,TRUE,TRUE,0.11691820467072848,0.820231128926003,NA,Null baseline
0,212,TRUE,TRUE,0.3699379213968901,0.16504357506375658,NA,Null baseline
0,213,TRUE,TRUE,0.8091167341401905,0.2162916402243798,NA,Null baseline
0,214,TRUE,TRUE,0.9788785969814494,0.779778879624301,NA,Null baseline
0,215,TRUE,TRUE,0.6378896910543768,0.1164413330309515,NA,Null baseline
0,216,TRUE,TRUE,0.8394597096787281,0.28168095211533006,NA,Null baseline
0,217,TRUE,TRUE,0.9670898467308023,0.03090344797119407,NA,Null baseline
0,218,TRUE,TRUE,0.18192872883265263,0.23415378977670573,NA,Null baseline
0,219,TRUE,TRUE,0.05968935203456884,0.302443511509472,NA,Null baseline
0,220,TRUE,TRUE,0.1939829293569754,0.7480889807307125,NA,Null baseline
0,221,TRUE,TRUE,0.291985907432666,0.2476472654541764,NA,Null baseline
0,222,TRUE,TRUE,0.8074083410974993,0.27665670411596893,NA,Null baseline
0,223,TRUE,TRUE,0.273724081352884,0.24585729510175247,NA,Null baseline
0,224,TRUE,TRUE,0.6442526554785576,0.8663523322336699,NA,Null baseline
0,225,TRUE,TRUE,0.11400107662239298,0.6291907430819306,NA,Null baseline
0,226,TRUE,TRUE,0.8478998929675601,0.383984960917508,NA,Null baseline
0,227,TRUE,TRUE,0.08754196615777587,0.4290223392819198,NA,Null baseline
0,228,TRUE,TRUE,0.96141492872661,0.7536850921106935,NA,Null baseline
0,229,TRUE,TRUE,0.7542056920930276,0.9653120748230065,NA,Null baseline
0,230,TRUE,TRUE,0.6530023587126828,0.08428106654904291,NA,Null baseline
0,231,TRUE,TRUE,0.38656461137518255,0.56387740602190894,NA,Null baseline
0,232,TRUE,TRUE,0.5951310864997411,0.8228811606149862,NA,Null baseline
0,233,TRUE,TRUE,0.8852228147323313,0.59595021390354,NA,Null baseline
0,234,TRUE,TRUE,0.11250344191607126,0.1376945528318444,NA,Null baseline
0,235,TRUE,TRUE,0.8877443223860635,0.09185309063508057,NA,Null baseline
0,236,TRUE,TRUE,0.27818294866429694,0.26708059794886113,NA,Null baseline
0,237,TRUE,TRUE,0.6749841678135878,0.1507339345130024,NA,Null baseline
0,238,TRUE,TRUE,0.9704202732439663,0.901817889480786,NA,Null baseline
0,239,TRUE,TRUE,0.6158117112375684,0.8482919405875425,NA,Null baseline
0,240,TRUE,TRUE,0.4830081388310759,0.6854513167575659,NA,Null baseline
0,241,TRUE,TRUE,0.3306066205410125,0.6375160605599934,NA,Null baseline
0,242,TRUE,TRUE,0.4639728074685697,0.5118825905378931,NA,Null baseline
0,243,TRUE,TRUE,0.4520129694696063,0.38390759721676604,NA,Null baseline
0,244,TRUE,TRUE,0.06737771974289812,0.3177443570056049,NA,Null baseline
0,245,TRUE,TRUE,0.7801744409885695,0.5034201467827607,NA,Null baseline
0,246,TRUE,TRUE,0.4039182647482901,0.0794736021388091,NA,Null baseline
0,247,TRUE,TRUE,0.7328856305322211,0.270032328191671,NA,Null baseline
0,248,TRUE,TRUE,0.854432923455684,0.07250882627612382,NA,Null baseline
0,249,TRUE,TRUE,0.21126726754884956,0.3556560431645482,NA,Null baseline
0,250,TRUE,TRUE,0.7667293311447637,0.1581295598000038,NA,Null baseline
0,251,TRUE,TRUE,0.6156154829856957,0.005336385023583414,NA,Null baseline
0,252,TRUE,TRUE,0.8672914904744424,0.5111979073742294,NA,Null baseline
0,253,TRUE,TRUE,0.14036361837321656,0.5016710626468662,NA,Null baseline
0,254,TRUE,TRUE,0.9613772182756994,0.5338151078599968,NA,Null baseline
0,255,TRUE,TRUE,0.1209826415935947,0.7572603908757998,NA,Null baseline
0,256,TRUE,TRUE,0.38690353782810305,0.5027015196534499,NA,Null baseline
0,257,TRUE,TRUE,0.9493886723242355,0.7266385370079944,NA,Null baseline
0,258,TRUE,TRUE,0.32397308463363195,0.4758973414924106,NA,Null baseline
0,259,TRUE,TRUE,0.2426315940493713,0.013343781287502285,NA,Null baseline
0,260,TRUE,TRUE,0.10972057904844844,0.1692411111754449,NA,Null baseline
0,261,TRUE,TRUE,0.9866391097133933,0.008399421599818376,NA,Null baseline
0,262,TRUE,TRUE,0.33765597455933793,0.26947260941033796,NA,Null baseline
0,263,TRUE,TRUE,0.45271370743383776,0.1827436203502544,NA,Null baseline
0,264,TRUE,TRUE,0.9559533740586269,0.44132507248483455,NA,Null baseline
0,265,TRUE,TRUE,0.8451163852075632,0.0049763033977621215,NA,Null baseline
0,266,TRUE,TRUE,0.6023274950057967,0.4614541349499843,NA,Null baseline
0,267,TRUE,TRUE,0.8546061775961549,0.029014153400942277,NA,Null baseline
0,268,TRUE,TRUE,0.006731816368229868,0.4847640554867535,NA,Null baseline
0,269,TRUE,TRUE,0.9628915496397321,0.22843927995856086,NA,Null baseline
0,270,TRUE,TRUE,0.9904412603304549,0.13875674316631903,NA,Null baseline
0,271,TRUE,TRUE,0.33185409907988567,0.564422293501262,NA,Null baseline
0,272,TRUE,TRUE,0.17711525026038202,0.1936350928499285,NA,Null baseline
0,273,TRUE,TRUE,0.7048598676968674,0.28615981218756703,NA,Null baseline
0,274,TRUE,TRUE,0.6504199973134347,0.9365686366668741,NA,Null baseline
0,275,TRUE,TRUE,0.7061310712143583,0.07489168742774953,NA,Null baseline
0,276,TRUE,TRUE,0.04674487920513086,0.42249454143246323,NA,Null baseline
0,277,TRUE,TRUE,0.5465889195668346,0.8451707681625275,NA,Null baseline
0,278,TRUE,TRUE,0.07283730887607662,0.9631323170219156,NA,Null baseline
0,279,TRUE,TRUE,0.0889677664327192,0.42347550892602676,NA,Null baseline
0,280,TRUE,TRUE,0.9331453553023615,0.14019224050957693,NA,Null baseline
0,281,TRUE,TRUE,0.8361215441827079,0.44477645530494714,NA,Null baseline
0,282,TRUE,TRUE,0.07562572062898493,0.2501547268938478,NA,Null baseline
0,283,TRUE,TRUE,0.03545136030885608,0.37069904150817184,NA,Null baseline
0,284,TRUE,TRUE,0.7087809512669685,0.2078303064020971,NA,Null baseline
0,285,TRUE,TRUE,0.30913816907331537,0.5406775582664526,NA,Null baseline
0,286,TRUE,TRUE,0.5466183234600405,0.7172075472108149,NA,Null baseline
0,287,TRUE,TRUE,0.13389745223576646,0.25138112818763286,NA,Null baseline
0,288,TRUE,TRUE,0.17293504681407013,0.9188315511301168,NA,Null baseline
0,289,TRUE,TRUE,0.5944365270352493,0.6126864625561164,NA,Null baseline
0,290,TRUE,TRUE,0.6371221858760979,0.019146171495360916,NA,Null baseline
0,291,TRUE,TRUE,0.07220834253567884,0.01624650422761455,NA,Null baseline
0,292,TRUE,TRUE,0.7337425180533096,0.36494968168148584,NA,Null baseline
0,293,TRUE,TRUE,0.05068034801543186,0.01298588018050343,NA,Null baseline
0,294,TRUE,TRUE,0.014851319057528416,0.5284980472496911,NA,Null baseline
0,295,TRUE,TRUE,0.42774090485602745,0.6025534105483508,NA,Null baseline
0,296,TRUE,TRUE,0.2620364642941101,0.8623222488074892,NA,Null baseline
0,297,TRUE,TRUE,0.05025511204100582,0.3741589461048957,NA,Null baseline
0,298,TRUE,TRUE,0.9407205954329223,0.16946538551454254,NA,Null baseline
0,299,TRUE,TRUE,0.8237303017511135,0.8611767513897113,NA,Null baseline
0,300,TRUE,TRUE,0.501534900155866,0.5806549876521153,NA,Null baseline
0,301,TRUE,TRUE,0.9118760574974347,0.6124210252287727,NA,Null baseline
0,302,TRUE,TRUE,0.07703905446156936,0.9101273093753695,NA,Null baseline
0,303,TRUE,TRUE,0.051801247474918675,0.7999585787598095,NA,Null baseline
0,304,TRUE,TRUE,0.3666037020294868,0.956952581181474,NA,Null baseline
0,305,TRUE,TRUE,0.03807897772425018,0.4388426456362439,NA,Null baseline
0,306,TRUE,TRUE,0.39094694972133004,0.16342479500623255,NA,Null baseline
0,307,TRUE,TRUE,0.19648674463469407,0.016839355359494056,NA,Null baseline
0,308,TRUE,TRUE,0.8090763427175616,0.06898550686845757,NA,Null baseline
0,309,TRUE,TRUE,0.7028088237863901,0.7823090580690429,NA,Null baseline
0,310,TRUE,TRUE,0.2339153511643079,0.15770082456564927,NA,Null baseline
0,311,TRUE,TRUE,0.31842112090681207,0.8745776700806233,NA,Null baseline
0,312,TRUE,TRUE,0.08859390679308515,0.2904476627916835,NA,Null baseline
0,313,TRUE,TRUE,0.9826822731358581,0.665345311885572,NA,Null baseline
0,314,TRUE,TRUE,0.9799944343514775,0.254585194555098,NA,Null baseline
0,315,TRUE,TRUE,0.7548867729868819,0.8495930994189604,NA,Null baseline
0,316,TRUE,TRUE,0.5365043823680508,0.25073078196334464,NA,Null baseline
0,317,TRUE,TRUE,0.5748274780132079,0.28857285675342514,NA,Null baseline
0,318,TRUE,TRUE,0.20521962842811034,0.5390860329800489,NA,Null baseline
0,319,TRUE,TRUE,0.4315220316278558,0.43804082159674157,NA,Null baseline
0,320,TRUE,TRUE,0.26915447021534794,0.5062402804423344,NA,Null baseline
0,321,TRUE,TRUE,0.5917845987311869,0.5419104757279466,NA,Null baseline
0,322,TRUE,TRUE,0.1292986085935415,0.9299088356895041,NA,Null baseline
0,323,TRUE,TRUE,0.48978568747255397,0.649443488117613,NA,Null baseline
0,324,TRUE,TRUE,0.22749674700700595,0.5682384406816977,NA,Null baseline
0,325,TRUE,TRUE,0.8964236632407998,0.7595399158788659,NA,Null baseline
0,326,TRUE,TRUE,0.06276289668228742,0.6608773538675268,NA,Null baseline
0,327,TRUE,TRUE,0.05908378702774826,0.12422814666334249,NA,Null baseline
0,328,TRUE,TRUE,0.9531925437959022,0.517817520364619,NA,Null baseline
0,329,TRUE,TRUE,0.20234085913856062,0.2537932505507922,NA,Null baseline
0,330,TRUE,TRUE,0.39760281259676056,0.7880524029914837,NA,Null baseline
0,331,TRUE,TRUE,0.8950303077826405,0.812729228120562,NA,Null baseline
0,332,TRUE,TRUE,0.26734465948234204,0.7244480845747507,NA,Null baseline
0,333,TRUE,TRUE,0.9143804570613533,0.2741776468022471,NA,Null baseline
0,334,TRUE,TRUE,0.048884132169523684,0.561131591817558,NA,Null baseline
0,335,TRUE,TRUE,0.8015867724380084,0.020163432858040668,NA,Null baseline
0,336,TRUE,TRUE,0.759821459911672,0.0531400386043923,NA,Null baseline
0,337,TRUE,TRUE,0.13492310587884562,0.021777337783479157,NA,Null baseline
0,338,TRUE,TRUE,0.8896712043976038,0.6277152300749702,NA,Null baseline
0,339,TRUE,TRUE,0.1795125868027727,0.9956096890930207,NA,Null baseline
0,340,TRUE,TRUE,0.318766430623825,0.9867786018631695,NA,Null baseline
0,341,TRUE,TRUE,0.5322941161350774,0.4066843539052426,NA,Null baseline
0,342,TRUE,TRUE,0.11192024243526712,0.11595722487967315,NA,Null baseline
0,343,TRUE,TRUE,0.8717140572599004,0.36840544438945894,NA,Null baseline
0,344,TRUE,TRUE,0.30494252104555797,0.48020601384835787,NA,Null baseline
0,345,TRUE,TRUE,0.41607631222268515,0.16645675942351879,NA,Null baseline
0,346,TRUE,TRUE,0.8442074416593992,0.713746596579676,NA,Null baseline
0,347,TRUE,TRUE,0.42619124466991787,0.048187528442185844,NA,Null baseline
0,348,TRUE,TRUE,0.5620370285059716,0.2805423670375842,NA,Null baseline
0,349,TRUE,TRUE,0.7804960427646686,0.061020427830552657,NA,Null baseline
0,350,TRUE,TRUE,0.8390382904155651,0.3922848822231425,NA,Null baseline
0,351,TRUE,TRUE,0.05099790810984294,0.0017075959702443505,NA,Null baseline
0,352,TRUE,TRUE,0.9869412315710898,0.1743472386334603,NA,Null baseline
0,353,TRUE,TRUE,0.4202593809970834,0.08678116040638036,NA,Null baseline
0,354,TRUE,TRUE,0.591353946496004,0.45668800581817515,NA,Null baseline
0,355,TRUE,TRUE,0.05114400700076808,0.2411179448844199,NA,Null baseline
0,356,TRUE,TRUE,0.1265049678701241,0.16768254036196875,NA,Null baseline
0,357,TRUE,TRUE,0.6140482205908324,0.41346200085154167,NA,Null baseline
0,358,TRUE,TRUE,0.299076704680991,0.10880616255143322,NA,Null baseline
0,359,TRUE,TRUE,0.7655167879516568,0.6164991229630181,NA,Null baseline
0,360,TRUE,TRUE,0.7528763737539742,0.41992938631440524,NA,Null baseline
0,361,TRUE,TRUE,0.8329505178595559,0.0796396402761042,NA,Null baseline
0,362,TRUE,TRUE,0.3033007651182266,0.043878918455828066,NA,Null baseline
0,363,TRUE,TRUE,0.03371537587756121,0.3459834135601723,NA,Null baseline
0,364,TRUE,TRUE,0.9680026470165708,0.13689576522320812,NA,Null baseline
0,365,TRUE,TRUE,0.8829097998913489,0.7529165672858051,NA,Null baseline
0,366,TRUE,TRUE,0.9082865610123697,0.17044133647390872,NA,Null baseline
0,367,TRUE,TRUE,0.24601434957396043,0.4312022382499733,NA,Null baseline
0,368,TRUE,TRUE,0.4278921029939783,0.7341431900198183,NA,Null baseline
0,369,TRUE,TRUE,0.5303992641804186,0.5874767916348237,NA,Null baseline
0,370,TRUE,TRUE,0.14722951910859472,0.027249518919528447,NA,Null baseline
0,371,TRUE,TRUE,0.6400588770919075,0.14007686885674345,NA,Null baseline
0,372,TRUE,TRUE,0.6900133975069288,0.22487514345395207,NA,Null baseline
0,373,TRUE,TRUE,0.4478595099966508,0.736259646856427,NA,Null baseline
0,374,TRUE,TRUE,0.2268854616381977,0.23869987446426377,NA,Null baseline
0,375,TRUE,TRUE,0.25833091726568025,0.6849818125296468,NA,Null baseline
0,376,TRUE,TRUE,0.04102739477575059,0.7522112184942933,NA,Null baseline
0,377,TRUE,TRUE,0.5535212868742055,0.020218689060652394,NA,Null baseline
0,378,TRUE,TRUE,0.18990303210677878,0.8763002739602636,NA,Null baseline
0,379,TRUE,TRUE,0.12697948439328596,0.550745413075752,NA,Null baseline
0,380,TRUE,TRUE,0.10662658227090356,0.11440825550798903,NA,Null baseline
0,381,TRUE,TRUE,0.08686161987050497,0.3579806056170436,NA,Null baseline
0,382,TRUE,TRUE,0.19838630998977988,0.8318589033890673,NA,Null baseline
0,383,TRUE,TRUE,0.9566712206650069,0.3643741153534995,NA,Null baseline
0,384,TRUE,TRUE,0.9266923558372302,0.255682869216961,NA,Null baseline
0,385,TRUE,TRUE,0.8771126618600018,0.49769499676571105,NA,Null baseline
0,386,TRUE,TRUE,0.012097396942741168,0.7565066688576771,NA,Null baseline
0,387,TRUE,TRUE,0.906232049389332,0.32444670960112965,NA,Null baseline
0,388,TRUE,TRUE,0.09591466833504217,0.39249923061811487,NA,Null baseline
0,389,TRUE,TRUE,0.749499196176177,0.0017079818059927301,NA,Null baseline
0,390,TRUE,TRUE,0.02408741782580388,0.18310975090320822,NA,Null baseline
0,391,TRUE,TRUE,0.7940503367025689,0.8270226250408261,NA,Null baseline
0,392,TRUE,TRUE,0.09943101534098114,0.8014329736330372,NA,Null baseline
0,393,TRUE,TRUE,0.13867961940885926,0.19772724410392536,NA,Null baseline
0,394,TRUE,TRUE,0.7037331155881352,0.8610028696402044,NA,Null baseline
0,395,TRUE,TRUE,0.7351668203623873,0.4954894513399138,NA,Null baseline
0,396,TRUE,TRUE,0.18089712962739796,0.552501578271544,NA,Null baseline
0,397,TRUE,TRUE,0.024824524655059358,0.8582908608958679,NA,Null baseline
0,398,TRUE,TRUE,0.9396247391429086,0.7981800821171271,NA,Null baseline
0,399,TRUE,TRUE,0.8188214271590655,0.10680635617571362,NA,Null baseline
0,400,TRUE,TRUE,0.20615833328333985,0.9027444873085442,NA,Null baseline
0,401,TRUE,TRUE,0.29760130052363665,0.9107329409822774,NA,Null baseline
0,402,TRUE,TRUE,0.1985495299830456,0.34025308291232004,NA,Null baseline
0,403,TRUE,TRUE,0.6328753632556049,0.17260732592813016,NA,Null baseline
0,404,TRUE,TRUE,0.2450813558920642,0.434957395327326,NA,Null baseline
0,405,TRUE,TRUE,0.38811672709229444,0.6869782447207955,NA,Null baseline
0,406,TRUE,TRUE,0.6776616957131392,0.023577346114534645,NA,Null baseline
0,407,TRUE,TRUE,0.26595504373065676,0.1285670457742494,NA,Null baseline
0,408,TRUE,TRUE,0.6131448016346088,0.40570420048553046,NA,Null baseline
0,409,TRUE,TRUE,0.9170965287024834,0.9460625513424642,NA,Null baseline
0,410,TRUE,TRUE,0.005548871504127185,0.22616470996636504,NA,Null baseline
0,411,TRUE,TRUE,0.6537512868528976,0.5373998100642436,NA,Null baseline
0,412,TRUE,TRUE,0.7872020465421633,0.38218616136475236,NA,Null baseline
0,413,TRUE,TRUE,0.8558528510579979,0.822642391248559,NA,Null baseline
0,414,TRUE,TRUE,0.09213063018675242,0.2972030074336738,NA,Null baseline
0,415,TRUE,TRUE,0.9263328899447488,0.6272769073607138,NA,Null baseline
0,416,TRUE,TRUE,0.6266551761879267,0.33437955398678854,NA,Null baseline
0,417,TRUE,TRUE,0.6542104393778648,0.2491224124017229,NA,Null baseline
0,418,TRUE,TRUE,0.08081819452124625,0.23263028771367042,NA,Null baseline
0,419,TRUE,TRUE,0.6786496794788229,0.6234736942505941,NA,Null baseline
0,420,TRUE,TRUE,0.35354864676631603,0.24910798255782982,NA,Null baseline
0,421,TRUE,TRUE,0.9155376560563359,0.4544928352699793,NA,Null baseline
0,422,TRUE,TRUE,0.7664201478564353,0.3136060240469446,NA,Null baseline
0,423,TRUE,TRUE,0.9813763180812287,0.5132464457168925,NA,Null baseline
0,424,TRUE,TRUE,0.25855271942658314,0.29420149991094835,NA,Null baseline
0,425,TRUE,TRUE,0.8884399333005318,0.8531086265548632,NA,Null baseline
0,426,TRUE,TRUE,0.6510031400745824,0.2494650171238468,NA,Null baseline
0,427,TRUE,TRUE,0.7694391888119342,0.23346423247945428,NA,Null baseline
0,428,TRUE,TRUE,0.4545421359790573,0.42304111840944275,NA,Null baseline
0,429,TRUE,TRUE,0.6824188752363181,0.6484378907057804,NA,Null baseline
0,430,TRUE,TRUE,0.8993128182974283,0.5359346462577015,NA,Null baseline
0,431,TRUE,TRUE,0.6460621639201602,0.09495286902707828,NA,Null baseline
0,432,TRUE,TRUE,0.641309499520974,0.2547444147054304,NA,Null baseline
0,433,TRUE,TRUE,0.6813420528599923,0.9175933269249432,NA,Null baseline
0,434,TRUE,TRUE,0.6280033465030079,0.956241745244917,NA,Null baseline
0,435,TRUE,TRUE,0.8207401473283537,0.013706213237047644,NA,Null baseline
0,436,TRUE,TRUE,0.28865468154790375,0.9095828929635638,NA,Null baseline
0,437,TRUE,TRUE,0.4575688598367768,0.4688409214303811,NA,Null baseline
0,438,TRUE,TRUE,0.0514997259011761,0.14633097057137068,NA,Null baseline
0,439,TRUE,TRUE,0.6210304672962583,0.6924444786619538,NA,Null baseline
0,440,TRUE,TRUE,0.5818320407168606,0.5757757374204193,NA,Null baseline
0,441,TRUE,TRUE,0.9960868898865214,0.04631695408678742,NA,Null baseline
0,442,TRUE,TRUE,0.7956524948751651,0.6687869023334246,NA,Null baseline
0,443,TRUE,TRUE,0.48520829909097507,0.22689816588487705,NA,Null baseline
0,444,TRUE,TRUE,0.20355731885837847,0.4427577699372205,NA,Null baseline
0,445,TRUE,TRUE,0.7987390906597602,0.5059170283982344,NA,Null baseline
0,446,TRUE,TRUE,0.6423647809921851,0.28056347310230967,NA,Null baseline
0,447,TRUE,TRUE,0.001109183653332219,0.5841606430504324,NA,Null baseline
0,448,TRUE,TRUE,0.2974858826150787,0.43427890525522245,NA,Null baseline
0,449,TRUE,TRUE,0.03543500521347467,0.04187667661860492,NA,Null baseline
0,450,TRUE,TRUE,0.36077695673516275,0.058816400366404474,NA,Null baseline
0,451,TRUE,TRUE,0.4941667585509101,0.7046035825340302,NA,Null baseline
0,452,TRUE,TRUE,0.5891113579759618,0.8443477738486744,NA,Null baseline
0,453,TRUE,TRUE,0.3934355847324542,0.4310145097201561,NA,Null baseline
0,454,TRUE,TRUE,0.36888127909567486,0.8466840399498617,NA,Null baseline
0,455,TRUE,TRUE,0.8724903274207484,0.9297057006639091,NA,Null baseline
0,456,TRUE,TRUE,0.17608432994106013,0.5657173995149626,NA,Null baseline
0,457,TRUE,TRUE,0.4167442019601519,0.43620450974067004,NA,Null baseline
0,458,TRUE,TRUE,0.8447698308980176,0.6708544961606568,NA,Null baseline
0,459,TRUE,TRUE,0.8397541180509122,0.18980555092403648,NA,Null baseline
0,460,TRUE,TRUE,0.9356387556731199,0.07787870832141303,NA,Null baseline
0,461,TRUE,TRUE,0.49300399371215703,0.15736287175949662,NA,Null baseline
0,462,TRUE,TRUE,0.3533755013783019,0.5819762730978387,NA,Null baseline
0,463,TRUE,TRUE,0.07888085545662918,0.5550544943307224,NA,Null baseline
0,464,TRUE,TRUE,0.9754014613482063,0.49754139699849464,NA,Null baseline
0,465,TRUE,TRUE,0.7836657956690691,0.1582528271144971,NA,Null baseline
0,466,TRUE,TRUE,0.046581843632815985,0.1448782397955203,NA,Null baseline
0,467,TRUE,TRUE,0.035895520189182316,0.14600862784689325,NA,Null baseline
0,468,TRUE,TRUE,0.5584174616278486,0.5858538547874473,NA,Null baseline
0,469,TRUE,TRUE,0.45528784244963705,0.19207803936122234,NA,Null baseline
0,470,TRUE,TRUE,0.17075544248650418,0.4062521575339112,NA,Null baseline
0,471,TRUE,TRUE,0.4261346849712648,0.5081102655348734,NA,Null baseline
0,472,TRUE,TRUE,0.8949428514711983,0.5279336688239483,NA,Null baseline
0,473,TRUE,TRUE,0.7138774528783174,0.9516863346889683,NA,Null baseline
0,474,TRUE,TRUE,0.3255382363401476,0.8567296267406602,NA,Null baseline
0,475,TRUE,TRUE,0.4284597084232444,0.362522884014703,NA,Null baseline
0,476,TRUE,TRUE,0.015435960742106944,0.8803701305087175,NA,Null baseline
0,477,TRUE,TRUE,0.9885118081914777,0.59978887441138,NA,Null baseline
0,478,TRUE,TRUE,0.9814787880048774,0.8810448891889204,NA,Null baseline
0,479,TRUE,TRUE,0.5085065713425778,0.08729163737693643,NA,Null baseline
0,480,TRUE,TRUE,0.5171252373594784,0.10587872292209849,NA,Null baseline
0,481,TRUE,TRUE,0.7234827301825181,0.9308859888808854,NA,Null baseline
0,482,TRUE,TRUE,0.09262203310839945,0.8954648536988444,NA,Null baseline
0,483,TRUE,TRUE,0.17540270830570726,0.6443838753176122,NA,Null baseline
0,484,TRUE,TRUE,0.03362764101470011,0.10182069184655217,NA,Null baseline
0,485,TRUE,TRUE,0.3213086743256314,0.3928728008646341,NA,Null baseline
0,486,TRUE,TRUE,0.6911237380336305,0.31663359759258736,NA,Null baseline
0,487,TRUE,TRUE,0.9767218972892984,0.1795175353125727,NA,Null baseline
0,488,TRUE,TRUE,0.09087337685911065,0.7998650373165098,NA,Null baseline
0,489,TRUE,TRUE,0.9975381662637058,0.9061297733867877,NA,Null baseline
0,490,TRUE,TRUE,0.7429663897513903,0.8177639983723686,NA,Null baseline
0,491,TRUE,TRUE,0.3120823121367026,0.14355680642224536,NA,Null baseline
0,492,TRUE,TRUE,0.27242568510362053,0.019775497732215538,NA,Null baseline
0,493,TRUE,TRUE,0.4388518137185046,0.9153078800824496,NA,Null baseline
0,494,TRUE,TRUE,0.9133280264665468,0.6502530342861279,NA,Null baseline
0,495,TRUE,TRUE,0.24142299733750225,0.43118001811017237,NA,Null baseline
0,496,TRUE,TRUE,0.5431004660973201,0.6992723136142774,NA,Null baseline
0,497,TRUE,TRUE,0.6742767110854371,0.3393918574964455,NA,Null baseline
0,498,TRUE,TRUE,0.47724140523921743,0.06377811151283595,NA,Null baseline
0,499,TRUE,TRUE,0.06112861595039783,0.8748337492814622,NA,Null baseline
0,500,TRUE,TRUE,0.9947431841016493,0.016277521529404055,NA,Null baseline
0.08,1,TRUE,TRUE,0.022148257572871248,0.14778454925785595,NA,+/-8% shift
0.08,2,TRUE,TRUE,0.5579195797768026,0.5052979200665588,NA,+/-8% shift
0.08,3,TRUE,TRUE,0.03955150289610131,0.7439672537823915,NA,+/-8% shift
0.08,4,TRUE,TRUE,0.17555106307113927,0.42226003525601424,NA,+/-8% shift
0.08,5,TRUE,TRUE,0.007772620621839551,0.09401341418321255,NA,+/-8% shift
0.08,6,TRUE,TRUE,0.05617768984737951,0.2679845062349709,NA,+/-8% shift
0.08,7,TRUE,TRUE,0.1460954452346385,0.055221787655834915,NA,+/-8% shift
0.08,8,TRUE,TRUE,0.025722862350253513,0.31648999299280794,NA,+/-8% shift
0.08,9,TRUE,TRUE,0.013013281932629376,0.660096109224531,NA,+/-8% shift
0.08,10,TRUE,TRUE,0.817438669199471,0.7246594665792614,NA,+/-8% shift
0.08,11,TRUE,TRUE,0.24115692543540984,0.14869153907759677,NA,+/-8% shift
0.08,12,TRUE,TRUE,0.8058394322135222,0.31924116545655357,NA,+/-8% shift
0.08,13,TRUE,TRUE,0.09661443991086636,0.7388862369837885,NA,+/-8% shift
0.08,14,TRUE,TRUE,0.12348157278921894,0.9893092392228348,NA,+/-8% shift
0.08,15,TRUE,TRUE,0.06319687023105106,0.07555060775949277,NA,+/-8% shift
0.08,16,TRUE,TRUE,0.12587733720884703,0.38175663518824654,NA,+/-8% shift
0.08,17,TRUE,TRUE,0.03778559210373548,0.9881303517135746,NA,+/-8% shift
0.08,18,TRUE,TRUE,0.19152048076343567,0.9960412775161408,NA,+/-8% shift
0.08,19,TRUE,TRUE,0.18363170823057678,0.9137208125721468,NA,+/-8% shift
0.08,20,TRUE,TRUE,0.49723285017940005,0.20269985561694315,NA,+/-8% shift
0.08,21,TRUE,TRUE,0.026375906341905345,0.7356958280506074,NA,+/-8% shift
0.08,22,TRUE,TRUE,1.5175623102982945e-4,0.47210286621001657,NA,+/-8% shift
0.08,23,TRUE,TRUE,0.0015230308802958376,0.31382142495576487,NA,+/-8% shift
0.08,24,TRUE,TRUE,0.10905366292253366,0.39467519132121776,NA,+/-8% shift
0.08,25,TRUE,TRUE,0.9039314316243944,0.03542704325023714,NA,+/-8% shift
0.08,26,TRUE,TRUE,0.02022906868353235,0.9300534266608725,NA,+/-8% shift
0.08,27,TRUE,TRUE,0.4497348358919965,0.4131660543950401,NA,+/-8% shift
0.08,28,TRUE,TRUE,0.6265240269031264,0.18141776648793997,NA,+/-8% shift
0.08,29,TRUE,TRUE,0.7886512438086902,0.7812859796530693,NA,+/-8% shift
0.08,30,TRUE,TRUE,0.0010697237983186372,0.32749596425922356,NA,+/-8% shift
0.08,31,TRUE,TRUE,0.14049316395923553,0.13120680572733578,NA,+/-8% shift
0.08,32,TRUE,TRUE,0.46715424836568253,0.9021184435595078,NA,+/-8% shift
0.08,33,TRUE,TRUE,0.3218487627560342,0.27752815386661156,NA,+/-8% shift
0.08,34,TRUE,TRUE,0.08406161936899453,0.7023612397576329,NA,+/-8% shift
0.08,35,TRUE,TRUE,0.002929270481707725,0.6271389063806848,NA,+/-8% shift
0.08,36,TRUE,TRUE,0.6038312178436762,0.7942637440471902,NA,+/-8% shift
0.08,37,TRUE,TRUE,0.44651311866801896,0.9443036581116488,NA,+/-8% shift
0.08,38,TRUE,TRUE,0.8256496981479051,0.386054335099933,NA,+/-8% shift
0.08,39,TRUE,TRUE,0.8765859854136174,0.08664592863306528,NA,+/-8% shift
0.08,40,TRUE,TRUE,0.018900807188871525,0.290742613961481,NA,+/-8% shift
0.08,41,TRUE,TRUE,0.046985286884876076,0.6774984936267565,NA,+/-8% shift
0.08,42,TRUE,TRUE,0.3135719038724931,0.36802760819752844,NA,+/-8% shift
0.08,43,TRUE,TRUE,0.0042089564356900975,0.6393936028174638,NA,+/-8% shift
0.08,44,TRUE,TRUE,6.185460293592716e-4,0.9834533101087842,NA,+/-8% shift
0.08,45,TRUE,TRUE,0.5440127133096929,0.5861086521847951,NA,+/-8% shift
0.08,46,TRUE,TRUE,0.11254744699083176,0.07839046010500392,NA,+/-8% shift
0.08,47,TRUE,TRUE,0.5007922961757124,0.002437915021637277,NA,+/-8% shift
0.08,48,TRUE,TRUE,0.8448505562836819,0.8436970915142549,NA,+/-8% shift
0.08,49,TRUE,TRUE,0.11571418641238508,0.2910788267180172,NA,+/-8% shift
0.08,50,TRUE,TRUE,0.06274711593728109,0.3246958636853859,NA,+/-8% shift
0.08,51,TRUE,TRUE,0.0019205426443372276,0.5379661758205311,NA,+/-8% shift
0.08,52,TRUE,TRUE,0.542232339875741,0.02842350911960327,NA,+/-8% shift
0.08,53,TRUE,TRUE,0.9495267138997131,0.28526013009250467,NA,+/-8% shift
0.08,54,TRUE,TRUE,0.02296112540953216,0.4732348985226504,NA,+/-8% shift
0.08,55,TRUE,TRUE,0.0068304783507867,0.5446302527706871,NA,+/-8% shift
0.08,56,TRUE,TRUE,0.34760135251421875,0.14384122354592743,NA,+/-8% shift
0.08,57,TRUE,TRUE,0.09968375548868565,0.7583062260353275,NA,+/-8% shift
0.08,58,TRUE,TRUE,0.22804657746982682,0.7299908753432491,NA,+/-8% shift
0.08,59,TRUE,TRUE,0.4522463599897729,0.762600458530946,NA,+/-8% shift
0.08,60,TRUE,TRUE,0.28281090975208756,0.0037131132028954466,NA,+/-8% shift
0.08,61,TRUE,TRUE,0.2826986433277878,0.2600395400438904,NA,+/-8% shift
0.08,62,TRUE,TRUE,0.3152247192252795,0.5989264125800127,NA,+/-8% shift
0.08,63,TRUE,TRUE,0.04747231947389698,0.5301888322446154,NA,+/-8% shift
0.08,64,TRUE,TRUE,0.20818472653112063,0.7178404781766242,NA,+/-8% shift
0.08,65,TRUE,TRUE,0.07554842304625606,0.5066357222614295,NA,+/-8% shift
0.08,66,TRUE,TRUE,0.25479316002721136,0.44964158595145,NA,+/-8% shift
0.08,67,TRUE,TRUE,0.29434743325391804,0.5528861340522664,NA,+/-8% shift
0.08,68,TRUE,TRUE,0.31039190481056145,0.5477671469927963,NA,+/-8% shift
0.08,69,TRUE,TRUE,0.8201524526390578,0.17910696852155375,NA,+/-8% shift
0.08,70,TRUE,TRUE,0.021810673229506354,0.7882546527061475,NA,+/-8% shift
0.08,71,TRUE,TRUE,0.1377499654953303,0.7657328354693921,NA,+/-8% shift
0.08,72,TRUE,TRUE,0.16843038408070263,0.103603464540039,NA,+/-8% shift
0.08,73,TRUE,TRUE,0.14397267943955458,0.009571997452504144,NA,+/-8% shift
0.08,74,TRUE,TRUE,0.011704415326414383,0.8133511213234335,NA,+/-8% shift
0.08,75,TRUE,TRUE,0.007758658463983868,0.4037813466404061,NA,+/-8% shift
0.08,76,TRUE,TRUE,0.22391634801288113,0.4746881055063547,NA,+/-8% shift
0.08,77,TRUE,TRUE,0.19959811174225672,0.643006689741231,NA,+/-8% shift
0.08,78,TRUE,TRUE,0.10874390874223505,0.6181397908622197,NA,+/-8% shift
0.08,79,TRUE,TRUE,0.43299413451800695,0.038327966240935395,NA,+/-8% shift
0.08,80,TRUE,TRUE,3.3612012564420923e-6,0.6485168967084856,NA,+/-8% shift
0.08,81,TRUE,TRUE,0.07494156700931977,0.31235019567956146,NA,+/-8% shift
0.08,82,TRUE,TRUE,0.5621364109728815,0.22288260871350288,NA,+/-8% shift
0.08,83,TRUE,TRUE,0.33301470290970875,0.18376400780093638,NA,+/-8% shift
0.08,84,TRUE,TRUE,0.529805065374314,0.10606159703004375,NA,+/-8% shift
0.08,85,TRUE,TRUE,0.017388262960543254,0.22693686972564586,NA,+/-8% shift
0.08,86,TRUE,TRUE,9.767406669336672e-4,0.4862351091347736,NA,+/-8% shift
0.08,87,TRUE,TRUE,0.10867014919707901,0.3486951500556495,NA,+/-8% shift
0.08,88,TRUE,TRUE,0.8287559196067463,0.2299941841587908,NA,+/-8% shift
0.08,89,TRUE,TRUE,0.6295043036921238,0.7359178256047634,NA,+/-8% shift
0.08,90,TRUE,TRUE,0.2701711198693665,0.46962836136315006,NA,+/-8% shift
0.08,91,TRUE,TRUE,0.17182909730693718,0.38285265436801885,NA,+/-8% shift
0.08,92,TRUE,TRUE,0.5784851995407717,0.05991353715438002,NA,+/-8% shift
0.08,93,TRUE,TRUE,0.3618630105780957,0.16890400570091163,NA,+/-8% shift
0.08,94,TRUE,TRUE,0.5469061668822534,0.5080184406869803,NA,+/-8% shift
0.08,95,TRUE,TRUE,0.09436764499953018,0.05358528582104996,NA,+/-8% shift
0.08,96,TRUE,TRUE,0.42701495783054116,0.10362221518789033,NA,+/-8% shift
0.08,97,TRUE,TRUE,0.7521664408358194,0.8609762254426236,NA,+/-8% shift
0.08,98,TRUE,TRUE,0.07893541036322355,0.36883845641219043,NA,+/-8% shift
0.08,99,TRUE,TRUE,0.056844834457139545,0.5030797348400627,NA,+/-8% shift
0.08,100,TRUE,TRUE,0.0537765686919856,0.7618406495670915,NA,+/-8% shift
0.08,101,TRUE,TRUE,0.12059661806994826,0.8148389841085018,NA,+/-8% shift
0.08,102,TRUE,TRUE,0.051112061532884376,0.46186610981107423,NA,+/-8% shift
0.08,103,TRUE,TRUE,0.061593987732437794,0.3856175003713284,NA,+/-8% shift
0.08,104,TRUE,TRUE,0.22350950851291518,0.09018071569208871,NA,+/-8% shift
0.08,105,TRUE,TRUE,0.11553639878838695,0.001231125139632847,NA,+/-8% shift
0.08,106,TRUE,TRUE,0.002608854196696005,0.6460467763448472,NA,+/-8% shift
0.08,107,TRUE,TRUE,0.09525116769775006,0.2943101259159428,NA,+/-8% shift
0.08,108,TRUE,TRUE,0.1379384191803413,0.10876139629137274,NA,+/-8% shift
0.08,109,TRUE,TRUE,0.02124477025997247,0.6024405080470243,NA,+/-8% shift
0.08,110,TRUE,TRUE,0.03519525747706163,0.07093243056935428,NA,+/-8% shift
0.08,111,TRUE,TRUE,0.3168626609451757,0.21260396571194334,NA,+/-8% shift
0.08,112,TRUE,TRUE,0.04311285773954031,0.16182814186034516,NA,+/-8% shift
0.08,113,TRUE,TRUE,0.09283780456103626,0.31315256972090716,NA,+/-8% shift
0.08,114,TRUE,TRUE,0.6205525574315665,0.8156867590643953,NA,+/-8% shift
0.08,115,TRUE,TRUE,0.16801305237866615,0.31660843241169706,NA,+/-8% shift
0.08,116,TRUE,TRUE,0.25857521352218904,0.3814744904016798,NA,+/-8% shift
0.08,117,TRUE,TRUE,0.389248911946456,0.7475644437492824,NA,+/-8% shift
0.08,118,TRUE,TRUE,0.03384450273649611,0.4745301475018702,NA,+/-8% shift
0.08,119,TRUE,TRUE,0.08835101822605408,0.4396409737135307,NA,+/-8% shift
0.08,120,TRUE,TRUE,0.005827672835674063,0.6896809157647195,NA,+/-8% shift
0.08,121,TRUE,TRUE,0.5797706719959064,0.9245830187915111,NA,+/-8% shift
0.08,122,TRUE,TRUE,0.022101059491200354,0.05619036069450839,NA,+/-8% shift
0.08,123,TRUE,TRUE,0.046989217259406676,0.7268232089346428,NA,+/-8% shift
0.08,124,TRUE,TRUE,0.54908600597088,0.387271038512502,NA,+/-8% shift
0.08,125,TRUE,TRUE,0.026711345009982172,0.1502348923384977,NA,+/-8% shift
0.08,126,TRUE,TRUE,0.0321524215448314,0.8957353088864897,NA,+/-8% shift
0.08,127,TRUE,TRUE,0.1070770426395982,0.20866692630739483,NA,+/-8% shift
0.08,128,TRUE,TRUE,0.7383119911664999,0.12855473819133933,NA,+/-8% shift
0.08,129,TRUE,TRUE,0.24596595827105897,0.7903227704739315,NA,+/-8% shift
0.08,130,TRUE,TRUE,0.12045086689557334,0.6393357073849129,NA,+/-8% shift
0.08,131,TRUE,TRUE,0.11204701860811299,0.5633741886414105,NA,+/-8% shift
0.08,132,TRUE,TRUE,0.06160327337240335,0.47644482743338573,NA,+/-8% shift
0.08,133,TRUE,TRUE,0.44573231121454443,0.4586231319496849,NA,+/-8% shift
0.08,134,TRUE,TRUE,0.3579173790585189,0.3390095055452566,NA,+/-8% shift
0.08,135,TRUE,TRUE,0.191712157747005,0.4215213401038579,NA,+/-8% shift
0.08,136,TRUE,TRUE,0.2469063569240096,0.3095908810815028,NA,+/-8% shift
0.08,137,TRUE,TRUE,0.023123068936310585,0.03174100552550797,NA,+/-8% shift
0.08,138,TRUE,TRUE,0.08753080845115889,0.9927028455579664,NA,+/-8% shift
0.08,139,TRUE,TRUE,0.7165880400949498,0.09860888075280505,NA,+/-8% shift
0.08,140,TRUE,TRUE,9.203814263059789e-4,0.001363733691865239,NA,+/-8% shift
0.08,141,TRUE,TRUE,0.9777681428092656,0.6911176730709412,NA,+/-8% shift
0.08,142,TRUE,TRUE,0.009017131257566126,0.302156593230072,NA,+/-8% shift
0.08,143,TRUE,TRUE,0.007061923670699794,0.6541975268016668,NA,+/-8% shift
0.08,144,TRUE,TRUE,0.10807771835124634,0.6220682241587226,NA,+/-8% shift
0.08,145,TRUE,TRUE,0.6161109998097393,0.5211689850126131,NA,+/-8% shift
0.08,146,TRUE,TRUE,0.6926336989813,0.8890738006187444,NA,+/-8% shift
0.08,147,TRUE,TRUE,0.006560839315295903,0.9204492628079375,NA,+/-8% shift
0.08,148,TRUE,TRUE,0.06902068550621955,0.6583928221549044,NA,+/-8% shift
0.08,149,TRUE,TRUE,0.029710418838266153,0.651232361672998,NA,+/-8% shift
0.08,150,TRUE,TRUE,0.008576267239637501,0.8770792357981549,NA,+/-8% shift
0.08,151,TRUE,TRUE,0.6303849586868226,0.32955539024283936,NA,+/-8% shift
0.08,152,TRUE,TRUE,0.1114138438018485,0.26660491232629685,NA,+/-8% shift
0.08,153,TRUE,TRUE,0.06892863674721934,0.848550088123743,NA,+/-8% shift
0.08,154,TRUE,TRUE,0.002349646611870504,0.0021978177647217906,NA,+/-8% shift
0.08,155,TRUE,TRUE,0.20641278315848172,0.1164135469184519,NA,+/-8% shift
0.08,156,TRUE,TRUE,0.385509169119436,0.5884429519358216,NA,+/-8% shift
0.08,157,TRUE,TRUE,0.12962727437826743,0.21092107546112093,NA,+/-8% shift
0.08,158,TRUE,TRUE,0.03230844902674289,0.6099214373487881,NA,+/-8% shift
0.08,159,TRUE,TRUE,0.003920694487338751,0.2498137517611597,NA,+/-8% shift
0.08,160,TRUE,TRUE,0.08337707575730662,0.5118902322897368,NA,+/-8% shift
0.08,161,TRUE,TRUE,0.0229485998933401,0.3101964061630072,NA,+/-8% shift
0.08,162,TRUE,TRUE,0.013163970737201013,0.6934997836907452,NA,+/-8% shift
0.08,163,TRUE,TRUE,0.009529901767098394,0.4857002490731305,NA,+/-8% shift
0.08,164,TRUE,TRUE,0.004038929975590864,0.41720625804494005,NA,+/-8% shift
0.08,165,TRUE,TRUE,0.09017493559481371,0.6211234658628517,NA,+/-8% shift
0.08,166,TRUE,TRUE,7.422813951562674e-4,0.30381498171087257,NA,+/-8% shift
0.08,167,TRUE,TRUE,0.5440373338052508,0.4963745772157282,NA,+/-8% shift
0.08,168,TRUE,TRUE,0.12893500350936885,0.06805364504261338,NA,+/-8% shift
0.08,169,TRUE,TRUE,0.27967616694542474,0.2171901276393683,NA,+/-8% shift
0.08,170,TRUE,TRUE,0.2298695898370845,0.08318647833351624,NA,+/-8% shift
0.08,171,TRUE,TRUE,0.0022635511768732577,0.19804886073021294,NA,+/-8% shift
0.08,172,TRUE,TRUE,0.15373370705027326,0.08199148386095868,NA,+/-8% shift
0.08,173,TRUE,TRUE,0.009409465480522575,0.24386549590245735,NA,+/-8% shift
0.08,174,TRUE,TRUE,0.01025304364595905,0.18371298871408198,NA,+/-8% shift
0.08,175,TRUE,TRUE,0.5963288665935059,0.9385944728243705,NA,+/-8% shift
0.08,176,TRUE,TRUE,0.05007553617835103,0.14306092961481098,NA,+/-8% shift
0.08,177,TRUE,TRUE,0.5767536424255562,0.3186303671771717,NA,+/-8% shift
0.08,178,TRUE,TRUE,0.26035579012571225,0.08484256862990673,NA,+/-8% shift
0.08,179,TRUE,TRUE,0.44182508608576976,0.12323579386547055,NA,+/-8% shift
0.08,180,TRUE,TRUE,0.8831372288703007,0.9224709778572309,NA,+/-8% shift
0.08,181,TRUE,TRUE,0.03348395672929756,0.5381518179653664,NA,+/-8% shift
0.08,182,TRUE,TRUE,0.1411858523433177,0.9782292055991297,NA,+/-8% shift
0.08,183,TRUE,TRUE,0.2401257886744162,0.08685113157441353,NA,+/-8% shift
0.08,184,TRUE,TRUE,0.09942609145209373,0.31900789690601444,NA,+/-8% shift
0.08,185,TRUE,TRUE,0.281882954093378,0.7205018990502177,NA,+/-8% shift
0.08,186,TRUE,TRUE,0.3884056626974181,0.21273901221166835,NA,+/-8% shift
0.08,187,TRUE,TRUE,1.6053204588546742e-4,0.6588980757978463,NA,+/-8% shift
0.08,188,TRUE,TRUE,0.8176690504105328,0.25464661489402207,NA,+/-8% shift
0.08,189,TRUE,TRUE,0.5051090344323506,0.16725633219645533,NA,+/-8% shift
0.08,190,TRUE,TRUE,0.3631090200540292,0.4354178220171446,NA,+/-8% shift
0.08,191,TRUE,TRUE,0.021928736678062603,0.10391014347405843,NA,+/-8% shift
0.08,192,TRUE,TRUE,0.16719863281326716,0.3100197232428324,NA,+/-8% shift
0.08,193,TRUE,TRUE,0.3679002003328663,0.7853703009811596,NA,+/-8% shift
0.08,194,TRUE,TRUE,0.2583023001091724,0.1963580512403396,NA,+/-8% shift
0.08,195,TRUE,TRUE,0.0581221901609194,0.7802914280321245,NA,+/-8% shift
0.08,196,TRUE,TRUE,0.010933835449908351,0.1792945993371876,NA,+/-8% shift
0.08,197,TRUE,TRUE,0.24515914764685431,0.8120793184028291,NA,+/-8% shift
0.08,198,TRUE,TRUE,0.6300250682728563,0.6704559898508706,NA,+/-8% shift
0.08,199,TRUE,TRUE,1.4455154163180015e-4,0.019632460081466366,NA,+/-8% shift
0.08,200,TRUE,TRUE,0.0012212640209156348,0.17884669412668175,NA,+/-8% shift
0.08,201,TRUE,TRUE,0.29890521928871855,0.18558800617422264,NA,+/-8% shift
0.08,202,TRUE,TRUE,0.012165329331557216,0.002363626257200173,NA,+/-8% shift
0.08,203,TRUE,TRUE,0.0634883901240632,0.07495712032268552,NA,+/-8% shift
0.08,204,TRUE,TRUE,0.11058392971458464,0.06732531171028906,NA,+/-8% shift
0.08,205,TRUE,TRUE,0.354910021020772,0.9941514515670812,NA,+/-8% shift
0.08,206,TRUE,TRUE,0.04655609899622783,0.21460189608757607,NA,+/-8% shift
0.08,207,TRUE,TRUE,0.011893950118331229,0.31868518437061366,NA,+/-8% shift
0.08,208,TRUE,TRUE,0.04460383639205417,0.4457822582231214,NA,+/-8% shift
0.08,209,TRUE,TRUE,0.09533930386792175,0.7032877302357041,NA,+/-8% shift
0.08,210,TRUE,TRUE,0.1499887558734127,0.4278244293994606,NA,+/-8% shift
0.08,211,TRUE,TRUE,0.34274867609146553,0.30316351856759494,NA,+/-8% shift
0.08,212,TRUE,TRUE,0.49189218479545344,0.5943786851313787,NA,+/-8% shift
0.08,213,TRUE,TRUE,0.10084082012834462,0.5363086805615757,NA,+/-8% shift
0.08,214,TRUE,TRUE,0.38678157881449365,0.05680525441096215,NA,+/-8% shift
0.08,215,TRUE,TRUE,0.07017420588973644,0.13904525925875846,NA,+/-8% shift
0.08,216,TRUE,TRUE,0.3316985413867116,0.23151100125265883,NA,+/-8% shift
0.08,217,TRUE,TRUE,0.28485801663403354,0.5378139110843395,NA,+/-8% shift
0.08,218,TRUE,TRUE,0.1654941896409314,0.019299990081893332,NA,+/-8% shift
0.08,219,TRUE,TRUE,0.004388364715425421,0.723115432147319,NA,+/-8% shift
0.08,220,TRUE,TRUE,0.8000033559712465,0.3471064615753832,NA,+/-8% shift
0.08,221,TRUE,TRUE,0.12415984691029326,0.7229995579639663,NA,+/-8% shift
0.08,222,TRUE,TRUE,0.011185478842231537,0.39667738013631726,NA,+/-8% shift
0.08,223,TRUE,TRUE,0.06810909871282719,0.7370688197288614,NA,+/-8% shift
0.08,224,TRUE,TRUE,0.04306954322051505,0.9583863441587697,NA,+/-8% shift
0.08,225,TRUE,TRUE,0.12052874966213552,0.30126174857979565,NA,+/-8% shift
0.08,226,TRUE,TRUE,0.08534302343133192,0.09939431303228867,NA,+/-8% shift
0.08,227,TRUE,TRUE,0.04339138398555686,0.871295091671093,NA,+/-8% shift
0.08,228,TRUE,TRUE,0.07029612457183772,0.20349455013787082,NA,+/-8% shift
0.08,229,TRUE,TRUE,0.07968327039516646,0.464096149484503,NA,+/-8% shift
0.08,230,TRUE,TRUE,0.13346451008024723,0.04015983820109114,NA,+/-8% shift
0.08,231,TRUE,TRUE,0.004335018506196737,0.6383598305171141,NA,+/-8% shift
0.08,232,TRUE,TRUE,0.014206082246893171,0.38117511793807773,NA,+/-8% shift
0.08,233,TRUE,TRUE,0.8435100782995839,0.999608389126897,NA,+/-8% shift
0.08,234,TRUE,TRUE,0.234188965730872,0.4586468439786994,NA,+/-8% shift
0.08,235,TRUE,TRUE,0.005918188227117105,0.02281350021111998,NA,+/-8% shift
0.08,236,TRUE,TRUE,0.6980024405975696,0.753128118020085,NA,+/-8% shift
0.08,237,TRUE,TRUE,0.07160081663940712,0.6547472918733022,NA,+/-8% shift
0.08,238,TRUE,TRUE,5.414219578723517e-4,0.060054640006943286,NA,+/-8% shift
0.08,239,TRUE,TRUE,0.27507381562767147,0.794888996733757,NA,+/-8% shift
0.08,240,TRUE,TRUE,0.8672244909652784,0.31517389904640436,NA,+/-8% shift
0.08,241,TRUE,TRUE,0.45130795077086516,0.013759857988608442,NA,+/-8% shift
0.08,242,TRUE,TRUE,0.09447006185211108,0.5162084158743493,NA,+/-8% shift
0.08,243,TRUE,TRUE,0.056034494164223674,0.3503340672431732,NA,+/-8% shift
0.08,244,TRUE,TRUE,0.10057550984731443,0.010138419807285873,NA,+/-8% shift
0.08,245,TRUE,TRUE,0.010605683305083461,0.45103540944998066,NA,+/-8% shift
0.08,246,TRUE,TRUE,0.009849721551454655,0.7252844424483468,NA,+/-8% shift
0.08,247,TRUE,TRUE,0.0398686907206717,0.07616707117581609,NA,+/-8% shift
0.08,248,TRUE,TRUE,0.10222106393634617,0.270587572138534,NA,+/-8% shift
0.08,249,TRUE,TRUE,0.14165124754567185,0.6006374880871638,NA,+/-8% shift
0.08,250,TRUE,TRUE,0.21002781006274546,0.3498062200623011,NA,+/-8% shift
0.08,251,TRUE,TRUE,0.0713668503694673,0.2947759589575522,NA,+/-8% shift
0.08,252,TRUE,TRUE,0.2414831725233803,0.026782127847867227,NA,+/-8% shift
0.08,253,TRUE,TRUE,0.07548294278251756,0.1917666131552975,NA,+/-8% shift
0.08,254,TRUE,TRUE,0.05706534639890603,0.8897135331763022,NA,+/-8% shift
0.08,255,TRUE,TRUE,0.3861754561643003,0.6139160033632634,NA,+/-8% shift
0.08,256,TRUE,TRUE,0.46972920801594487,0.5021263570767349,NA,+/-8% shift
0.08,257,TRUE,TRUE,0.9668139646577999,0.939265112895555,NA,+/-8% shift
0.08,258,TRUE,TRUE,0.9661189096215971,0.08881852076406219,NA,+/-8% shift
0.08,259,TRUE,TRUE,0.004752189690993418,0.25657160615827096,NA,+/-8% shift
0.08,260,TRUE,TRUE,0.647392995487095,0.24131949371684308,NA,+/-8% shift
0.08,261,TRUE,TRUE,0.31155638437869254,0.17794966994220135,NA,+/-8% shift
0.08,262,TRUE,TRUE,0.04595609791455305,0.21127733930620757,NA,+/-8% shift
0.08,263,TRUE,TRUE,0.24805699107317414,0.5712206013768009,NA,+/-8% shift
0.08,264,TRUE,TRUE,0.04129047652757363,0.394144585647371,NA,+/-8% shift
0.08,265,TRUE,TRUE,0.05909991533270388,0.06909853805836602,NA,+/-8% shift
0.08,266,TRUE,TRUE,0.0011904553313162255,0.38689002505648024,NA,+/-8% shift
0.08,267,TRUE,TRUE,0.0010578115962021784,0.23952577454632837,NA,+/-8% shift
0.08,268,TRUE,TRUE,0.7277479562876537,0.52577543200726,NA,+/-8% shift
0.08,269,TRUE,TRUE,0.1381245349888532,0.4003793574482978,NA,+/-8% shift
0.08,270,TRUE,TRUE,0.8779361134645649,0.0680737153090591,NA,+/-8% shift
0.08,271,TRUE,TRUE,0.08754753756229228,0.6888707009391486,NA,+/-8% shift
0.08,272,TRUE,TRUE,0.4497772033233569,0.09575691825409795,NA,+/-8% shift
0.08,273,TRUE,TRUE,0.27358640824401814,0.41328812743598015,NA,+/-8% shift
0.08,274,TRUE,TRUE,0.06823798901226753,0.1114065437381437,NA,+/-8% shift
0.08,275,TRUE,TRUE,0.929736988814177,0.022868558830285865,NA,+/-8% shift
0.08,276,TRUE,TRUE,0.5632747175208854,0.44495450998284747,NA,+/-8% shift
0.08,277,TRUE,TRUE,0.3078023369705009,0.16795998047381824,NA,+/-8% shift
0.08,278,TRUE,TRUE,0.10088706488625025,0.5576072989513773,NA,+/-8% shift
0.08,279,TRUE,TRUE,0.009785303834917396,0.1098165977948175,NA,+/-8% shift
0.08,280,TRUE,TRUE,0.006461942048306042,0.5198451611525402,NA,+/-8% shift
0.08,281,TRUE,TRUE,0.001592467379515724,0.19500815015224043,NA,+/-8% shift
0.08,282,TRUE,TRUE,0.09335560608702377,0.8110341443870448,NA,+/-8% shift
0.08,283,TRUE,TRUE,0.0025092297695765388,0.7930164220981406,NA,+/-8% shift
0.08,284,TRUE,TRUE,0.6607772131972549,0.3853376658107919,NA,+/-8% shift
0.08,285,TRUE,TRUE,0.03453151452306568,0.13318612593802406,NA,+/-8% shift
0.08,286,TRUE,TRUE,0.17239985016665813,0.3083692599007174,NA,+/-8% shift
0.08,287,TRUE,TRUE,0.05586402002967997,0.25520460068338274,NA,+/-8% shift
0.08,288,TRUE,TRUE,0.06138403218397372,0.10577393682820854,NA,+/-8% shift
0.08,289,TRUE,TRUE,0.8129630605411204,0.21950937100765355,NA,+/-8% shift
0.08,290,TRUE,TRUE,0.008742441676129965,0.3020326280278755,NA,+/-8% shift
0.08,291,TRUE,TRUE,0.021215659209604807,0.22358412867810085,NA,+/-8% shift
0.08,292,TRUE,TRUE,0.21853928744784962,0.8290694896267937,NA,+/-8% shift
0.08,293,TRUE,TRUE,0.011426075258951144,0.5693081559470472,NA,+/-8% shift
0.08,294,TRUE,TRUE,0.006053343320184895,0.8039414041278699,NA,+/-8% shift
0.08,295,TRUE,TRUE,0.353549190820913,0.17267321817223794,NA,+/-8% shift
0.08,296,TRUE,TRUE,0.41692799824355464,0.03522255435064174,NA,+/-8% shift
0.08,297,TRUE,TRUE,0.0011813597595245866,0.1470073991549658,NA,+/-8% shift
0.08,298,TRUE,TRUE,0.05248447533399366,0.013224027423036903,NA,+/-8% shift
0.08,299,TRUE,TRUE,0.16385543749146855,0.9861318033012559,NA,+/-8% shift
0.08,300,TRUE,TRUE,0.02686075318997445,0.055757560189171836,NA,+/-8% shift
0.08,301,TRUE,TRUE,0.33938302870795006,0.038800091667131616,NA,+/-8% shift
0.08,302,TRUE,TRUE,0.21552380311733077,0.46906100073667273,NA,+/-8% shift
0.08,303,TRUE,TRUE,0.17008494234539578,0.5282957422764457,NA,+/-8% shift
0.08,304,TRUE,TRUE,0.035349044988327305,0.8774951597098242,NA,+/-8% shift
0.08,305,TRUE,TRUE,0.0021798924043848473,0.6018590947917482,NA,+/-8% shift
0.08,306,TRUE,TRUE,0.20002899159332144,0.3995472235974216,NA,+/-8% shift
0.08,307,TRUE,TRUE,0.1277270830152535,0.11939436800865373,NA,+/-8% shift
0.08,308,TRUE,TRUE,0.0418477421721289,0.8702519315760986,NA,+/-8% shift
0.08,309,TRUE,TRUE,0.05410996948107727,0.05789533727344491,NA,+/-8% shift
0.08,310,TRUE,TRUE,0.03736737787691945,0.7388890673319707,NA,+/-8% shift
0.08,311,TRUE,TRUE,0.08068493107960378,0.8759214391756588,NA,+/-8% shift
0.08,312,TRUE,TRUE,0.26761193507395176,0.09086702612810534,NA,+/-8% shift
0.08,313,TRUE,TRUE,0.11610150204006982,0.34558072817082974,NA,+/-8% shift
0.08,314,TRUE,TRUE,0.0974055108500856,0.3747364480371186,NA,+/-8% shift
0.08,315,TRUE,TRUE,0.22908896335916865,0.5745867405651808,NA,+/-8% shift
0.08,316,TRUE,TRUE,0.537618289436894,0.5907047268196611,NA,+/-8% shift
0.08,317,TRUE,TRUE,0.10682982651918634,0.2624109102509339,NA,+/-8% shift
0.08,318,TRUE,TRUE,0.009655208017082566,0.24069917847965372,NA,+/-8% shift
0.08,319,TRUE,TRUE,0.008160944663080833,0.677458324761873,NA,+/-8% shift
0.08,320,TRUE,TRUE,0.05430830038553313,0.4984234372067329,NA,+/-8% shift
0.08,321,TRUE,TRUE,0.022931977723221083,0.10601111470213943,NA,+/-8% shift
0.08,322,TRUE,TRUE,0.33290543921993876,0.8845862453611795,NA,+/-8% shift
0.08,323,TRUE,TRUE,0.0063894969379047414,0.44329434513198845,NA,+/-8% shift
0.08,324,TRUE,TRUE,0.02279100215270362,0.5241040077567789,NA,+/-8% shift
0.08,325,TRUE,TRUE,0.012651482933763026,0.5348848238849161,NA,+/-8% shift
0.08,326,TRUE,TRUE,0.03211314502589046,0.07668372778728474,NA,+/-8% shift
0.08,327,TRUE,TRUE,0.25641705517314684,0.3653563902735016,NA,+/-8% shift
0.08,328,TRUE,TRUE,0.24530100182684156,0.4690602178469653,NA,+/-8% shift
0.08,329,TRUE,TRUE,2.549921201159459e-6,0.12430700905456715,NA,+/-8% shift
0.08,330,TRUE,TRUE,0.06624170220709276,0.9917191338262242,NA,+/-8% shift
0.08,331,TRUE,TRUE,0.9266377069876551,0.021037070602908218,NA,+/-8% shift
0.08,332,TRUE,TRUE,1.0433055754558134e-5,0.07114585475964005,NA,+/-8% shift
0.08,333,TRUE,TRUE,0.5942889906496417,0.3452052534541578,NA,+/-8% shift
0.08,334,TRUE,TRUE,0.3016393126252215,0.0072776501949740335,NA,+/-8% shift
0.08,335,TRUE,TRUE,0.04150134526412712,0.7710908121833674,NA,+/-8% shift
0.08,336,TRUE,TRUE,0.02123596889770472,0.025356894309072116,NA,+/-8% shift
0.08,337,TRUE,TRUE,0.016465459577472544,0.25116562062083697,NA,+/-8% shift
0.08,338,TRUE,TRUE,0.12628835629912116,0.9619844588165923,NA,+/-8% shift
0.08,339,TRUE,TRUE,0.7692239259439158,0.45390297367999727,NA,+/-8% shift
0.08,340,TRUE,TRUE,0.2718242806081783,0.003845136320585468,NA,+/-8% shift
0.08,341,TRUE,TRUE,6.240606724612781e-4,0.7987526204686917,NA,+/-8% shift
0.08,342,TRUE,TRUE,0.22102492288215045,0.8936119741715768,NA,+/-8% shift
0.08,343,TRUE,TRUE,0.20621035191612236,0.14374608097233582,NA,+/-8% shift
0.08,344,TRUE,TRUE,0.05215420785030529,0.13556584125402898,NA,+/-8% shift
0.08,345,TRUE,TRUE,0.1621027502854726,0.1265827320786463,NA,+/-8% shift
0.08,346,TRUE,TRUE,0.033030223130307956,0.13877102350529544,NA,+/-8% shift
0.08,347,TRUE,TRUE,0.4337887186935615,0.4272320908038454,NA,+/-8% shift
0.08,348,TRUE,TRUE,6.494683871409246e-4,0.005231694431954169,NA,+/-8% shift
0.08,349,TRUE,TRUE,0.020085264702826566,0.16032853977988898,NA,+/-8% shift
0.08,350,TRUE,TRUE,0.018961699296238893,0.02380476561939311,NA,+/-8% shift
0.08,351,TRUE,TRUE,0.4754084923909423,0.5409015331970028,NA,+/-8% shift
0.08,352,TRUE,TRUE,0.3873414848749401,0.859514494323839,NA,+/-8% shift
0.08,353,TRUE,TRUE,0.446618761077768,0.21561689446108895,NA,+/-8% shift
0.08,354,TRUE,TRUE,0.16052313969651294,0.8315213152273739,NA,+/-8% shift
0.08,355,TRUE,TRUE,0.05329991132692708,0.11613790363436383,NA,+/-8% shift
0.08,356,TRUE,TRUE,0.11664775114152823,0.04265091805901844,NA,+/-8% shift
0.08,357,TRUE,TRUE,0.009237303967028855,0.4444226658756908,NA,+/-8% shift
0.08,358,TRUE,TRUE,0.4082806219038606,0.14365045533668727,NA,+/-8% shift
0.08,359,TRUE,TRUE,0.061436141073263034,0.1453267461417462,NA,+/-8% shift
0.08,360,TRUE,TRUE,0.7134809884639015,0.870954969395803,NA,+/-8% shift
0.08,361,TRUE,TRUE,0.3958614063762188,0.5387513808454092,NA,+/-8% shift
0.08,362,TRUE,TRUE,0.4836939669583005,0.8764238498143517,NA,+/-8% shift
0.08,363,TRUE,TRUE,0.03801702548566245,0.3838753785545672,NA,+/-8% shift
0.08,364,TRUE,TRUE,0.05322295690493623,0.469054241808764,NA,+/-8% shift
0.08,365,TRUE,TRUE,0.5583068992381119,0.9289903667229195,NA,+/-8% shift
0.08,366,TRUE,TRUE,0.8693378981279596,0.8016676098383172,NA,+/-8% shift
0.08,367,TRUE,TRUE,0.009604331584116811,0.4453086244348205,NA,+/-8% shift
0.08,368,TRUE,TRUE,0.8173932690905705,0.8239645336028883,NA,+/-8% shift
0.08,369,TRUE,TRUE,0.08405359203330168,0.25728890070684146,NA,+/-8% shift
0.08,370,TRUE,TRUE,0.5004098101823936,0.24407638313814053,NA,+/-8% shift
0.08,371,TRUE,TRUE,0.5243395429133808,0.2917646043589113,NA,+/-8% shift
0.08,372,TRUE,TRUE,0.19014326342337942,0.17417499205971146,NA,+/-8% shift
0.08,373,TRUE,TRUE,0.5173847518606637,0.06535392926696668,NA,+/-8% shift
0.08,374,TRUE,TRUE,0.04412459437032558,0.6596460910886597,NA,+/-8% shift
0.08,375,TRUE,TRUE,0.17951082335914645,0.9549348860688748,NA,+/-8% shift
0.08,376,TRUE,TRUE,0.3665843567085812,0.11519236043058025,NA,+/-8% shift
0.08,377,TRUE,TRUE,0.06334116736684252,0.4093468655669202,NA,+/-8% shift
0.08,378,TRUE,TRUE,0.0018692601017026062,0.5161630762571449,NA,+/-8% shift
0.08,379,TRUE,TRUE,0.5393064055791106,0.6859607781752652,NA,+/-8% shift
0.08,380,TRUE,TRUE,0.04425122997547974,0.21435418396255038,NA,+/-8% shift
0.08,381,TRUE,TRUE,0.2309993174199388,0.5884220904429676,NA,+/-8% shift
0.08,382,TRUE,TRUE,0.4719621467941925,0.022536478221940336,NA,+/-8% shift
0.08,383,TRUE,TRUE,0.44578474617862335,0.4934946843630799,NA,+/-8% shift
0.08,384,TRUE,TRUE,0.7963521792830293,0.694640855187061,NA,+/-8% shift
0.08,385,TRUE,TRUE,0.2252674834081417,0.05038761355077139,NA,+/-8% shift
0.08,386,TRUE,TRUE,0.003830248565889935,0.036508061466697786,NA,+/-8% shift
0.08,387,TRUE,TRUE,0.039140798036140505,0.1400486036922101,NA,+/-8% shift
0.08,388,TRUE,TRUE,0.016713597339208238,0.1244888338788461,NA,+/-8% shift
0.08,389,TRUE,TRUE,0.012918537628948793,0.8114176551818825,NA,+/-8% shift
0.08,390,TRUE,TRUE,0.0027725264790624056,0.7428020239552782,NA,+/-8% shift
0.08,391,TRUE,TRUE,0.036346462476292946,0.32157155583856856,NA,+/-8% shift
0.08,392,TRUE,TRUE,0.5503232656490827,0.47098495278604824,NA,+/-8% shift
0.08,393,TRUE,TRUE,0.21598601175182938,0.5979591795407555,NA,+/-8% shift
0.08,394,TRUE,TRUE,0.4871059894930574,0.9470824330221934,NA,+/-8% shift
0.08,395,TRUE,TRUE,0.0552019758353644,0.12862597691334907,NA,+/-8% shift
0.08,396,TRUE,TRUE,0.03659695391954738,0.9843432727687256,NA,+/-8% shift
0.08,397,TRUE,TRUE,0.0389083083163207,0.0011312806916674019,NA,+/-8% shift
0.08,398,TRUE,TRUE,0.06420483114838724,0.9005857114652286,NA,+/-8% shift
0.08,399,TRUE,TRUE,0.9979386140587483,0.4470975511259474,NA,+/-8% shift
0.08,400,TRUE,TRUE,0.01384528421945748,0.8981810458288787,NA,+/-8% shift
0.08,401,TRUE,TRUE,0.2810427346865194,0.41577323199854666,NA,+/-8% shift
0.08,402,TRUE,TRUE,0.37228813901697494,0.489235799248209,NA,+/-8% shift
0.08,403,TRUE,TRUE,0.061316474954436664,0.4840620309360883,NA,+/-8% shift
0.08,404,TRUE,TRUE,0.051502313269453794,0.06960702580226263,NA,+/-8% shift
0.08,405,TRUE,TRUE,0.12973031391830722,0.31064305417831733,NA,+/-8% shift
0.08,406,TRUE,TRUE,0.0015417899061784042,0.4841247951467616,NA,+/-8% shift
0.08,407,TRUE,TRUE,0.87293331173608,0.5075616903478714,NA,+/-8% shift
0.08,408,TRUE,TRUE,0.12752550387487868,0.36537104937871634,NA,+/-8% shift
0.08,409,TRUE,TRUE,0.025198974611709425,0.06891207398811637,NA,+/-8% shift
0.08,410,TRUE,TRUE,0.7753899408827991,0.008040817435908384,NA,+/-8% shift
0.08,411,TRUE,TRUE,0.73063409294706,0.5971065393164537,NA,+/-8% shift
0.08,412,TRUE,TRUE,0.2029122073303232,0.48903254627260356,NA,+/-8% shift
0.08,413,TRUE,TRUE,0.33307551535209146,0.3066375352413657,NA,+/-8% shift
0.08,414,TRUE,TRUE,0.35456881842160226,0.5478411379277546,NA,+/-8% shift
0.08,415,TRUE,TRUE,0.2311226808360486,0.1372625985340284,NA,+/-8% shift
0.08,416,TRUE,TRUE,0.14914814047011332,0.4030783563185505,NA,+/-8% shift
0.08,417,TRUE,TRUE,0.1884852845829002,0.0874125327309364,NA,+/-8% shift
0.08,418,TRUE,TRUE,0.26420865642213,0.9880547831989079,NA,+/-8% shift
0.08,419,TRUE,TRUE,0.9256617556570821,0.28178708846235095,NA,+/-8% shift
0.08,420,TRUE,TRUE,0.009601447307606327,0.03843621432848775,NA,+/-8% shift
0.08,421,TRUE,TRUE,0.07307568686534983,0.5862563442326573,NA,+/-8% shift
0.08,422,TRUE,TRUE,0.33930214070319986,0.1703813412852488,NA,+/-8% shift
0.08,423,TRUE,TRUE,0.13111581711972572,0.21349142968624596,NA,+/-8% shift
0.08,424,TRUE,TRUE,0.093405196190853,0.5567833507049723,NA,+/-8% shift
0.08,425,TRUE,TRUE,0.2928856683811067,0.3208674731189053,NA,+/-8% shift
0.08,426,TRUE,TRUE,0.6887309628221849,0.8593817053585058,NA,+/-8% shift
0.08,427,TRUE,TRUE,0.14988389522672294,0.1981815371548952,NA,+/-8% shift
0.08,428,TRUE,TRUE,0.002795061251348637,0.013929042551526674,NA,+/-8% shift
0.08,429,TRUE,TRUE,0.3059714269117723,0.7890880614463396,NA,+/-8% shift
0.08,430,TRUE,TRUE,0.11115821594352066,0.044321182789460754,NA,+/-8% shift
0.08,431,TRUE,TRUE,0.5077556794726512,0.7046082606092842,NA,+/-8% shift
0.08,432,TRUE,TRUE,0.735559241892644,0.6826883010439534,NA,+/-8% shift
0.08,433,TRUE,TRUE,0.11045371947672912,0.8758247467354605,NA,+/-8% shift
0.08,434,TRUE,TRUE,0.24077372360974897,0.17374564053690095,NA,+/-8% shift
0.08,435,TRUE,TRUE,0.44741103412043853,0.1602557133875632,NA,+/-8% shift
0.08,436,TRUE,TRUE,0.0028740599326751953,0.05369357280158801,NA,+/-8% shift
0.08,437,TRUE,TRUE,0.26175740282664894,0.7010745543423655,NA,+/-8% shift
0.08,438,TRUE,TRUE,0.16449733231001953,0.3768723276468092,NA,+/-8% shift
0.08,439,TRUE,TRUE,0.5894630281797896,0.5044909581655798,NA,+/-8% shift
0.08,440,TRUE,TRUE,0.3585812005509412,0.9690434530926864,NA,+/-8% shift
0.08,441,TRUE,TRUE,0.35401106763304385,0.4313901609259848,NA,+/-8% shift
0.08,442,TRUE,TRUE,0.39495166689044675,0.18161810931333341,NA,+/-8% shift
0.08,443,TRUE,TRUE,0.1334368832515978,0.8573335753121383,NA,+/-8% shift
0.08,444,TRUE,TRUE,0.7718308152459816,0.5281566352666289,NA,+/-8% shift
0.08,445,TRUE,TRUE,0.16053065615676584,0.8990901075177274,NA,+/-8% shift
0.08,446,TRUE,TRUE,0.29449316610046083,0.8864136788836326,NA,+/-8% shift
0.08,447,TRUE,TRUE,0.03483106870517776,0.8443593769737152,NA,+/-8% shift
0.08,448,TRUE,TRUE,0.015490249278015261,0.04269491533377524,NA,+/-8% shift
0.08,449,TRUE,TRUE,0.27565418847802603,0.17672133783688518,NA,+/-8% shift
0.08,450,TRUE,TRUE,0.01985878866719364,0.3439784897238425,NA,+/-8% shift
0.08,451,TRUE,TRUE,0.28153671235872557,0.4871313800249138,NA,+/-8% shift
0.08,452,TRUE,TRUE,0.04011692263257271,0.8179085453100402,NA,+/-8% shift
0.08,453,TRUE,TRUE,0.8573155426836069,0.17401827538153777,NA,+/-8% shift
0.08,454,TRUE,TRUE,0.26864728907709995,0.15847325791431585,NA,+/-8% shift
0.08,455,TRUE,TRUE,0.12164599219324625,0.1269936589499031,NA,+/-8% shift
0.08,456,TRUE,TRUE,0.36470038632822765,0.09900303754541781,NA,+/-8% shift
0.08,457,TRUE,TRUE,0.15963387160995518,0.49463662649919776,NA,+/-8% shift
0.08,458,TRUE,TRUE,0.9194216670815846,0.8726754787527182,NA,+/-8% shift
0.08,459,TRUE,TRUE,0.01830662457309427,0.3739459950942104,NA,+/-8% shift
0.08,460,TRUE,TRUE,0.12913981970422,0.23852728639878104,NA,+/-8% shift
0.08,461,TRUE,TRUE,0.667286759751281,0.6119318021909284,NA,+/-8% shift
0.08,462,TRUE,TRUE,0.5677254752806576,0.35616950047042467,NA,+/-8% shift
0.08,463,TRUE,TRUE,0.27179598979601477,0.26724480811573065,NA,+/-8% shift
0.08,464,TRUE,TRUE,0.0026698097292408535,0.3038661767716864,NA,+/-8% shift
0.08,465,TRUE,TRUE,0.7224570851500209,0.5139411816914554,NA,+/-8% shift
0.08,466,TRUE,TRUE,0.16605735780095351,0.11249336493452189,NA,+/-8% shift
0.08,467,TRUE,TRUE,0.02575084751539365,0.5209318358453616,NA,+/-8% shift
0.08,468,TRUE,TRUE,0.01753103970461688,0.02836912556924404,NA,+/-8% shift
0.08,469,TRUE,TRUE,0.4003064766289506,0.18251715228024387,NA,+/-8% shift
0.08,470,TRUE,TRUE,0.528338491132189,0.7792812478903796,NA,+/-8% shift
0.08,471,TRUE,TRUE,0.21441529243796914,0.5363811939221836,NA,+/-8% shift
0.08,472,TRUE,TRUE,0.41645325686841217,0.45555467736511707,NA,+/-8% shift
0.08,473,TRUE,TRUE,0.6757115542424512,0.3264395227140977,NA,+/-8% shift
0.08,474,TRUE,TRUE,0.7903965331060366,0.19423487334064046,NA,+/-8% shift
0.08,475,TRUE,TRUE,0.004214646773873401,0.4140735494445721,NA,+/-8% shift
0.08,476,TRUE,TRUE,0.4251665657950079,0.28934088398957103,NA,+/-8% shift
0.08,477,TRUE,TRUE,0.0015690350712527221,0.8231578351126699,NA,+/-8% shift
0.08,478,TRUE,TRUE,0.43633049878046903,0.7760377587117695,NA,+/-8% shift
0.08,479,TRUE,TRUE,0.024068466117451365,0.7507977027634363,NA,+/-8% shift
0.08,480,TRUE,TRUE,0.6759104199376251,0.15689536278017735,NA,+/-8% shift
0.08,481,TRUE,TRUE,0.025156585860231784,0.7797714752215588,NA,+/-8% shift
0.08,482,TRUE,TRUE,0.3135893492457943,0.28405080727991555,NA,+/-8% shift
0.08,483,TRUE,TRUE,0.7146150699769678,0.199722177892385,NA,+/-8% shift
0.08,484,TRUE,TRUE,0.6494154029931442,0.7170092610299768,NA,+/-8% shift
0.08,485,TRUE,TRUE,0.028971490025136517,0.4753336973361564,NA,+/-8% shift
0.08,486,TRUE,TRUE,0.008053482711913211,0.09787805425512179,NA,+/-8% shift
0.08,487,TRUE,TRUE,0.324997882746324,0.8269563858064889,NA,+/-8% shift
0.08,488,TRUE,TRUE,0.44881925297536124,0.29843742120374256,NA,+/-8% shift
0.08,489,TRUE,TRUE,0.1675685530022387,0.09056940542454096,NA,+/-8% shift
0.08,490,TRUE,TRUE,0.18246807931582434,0.5701555022468121,NA,+/-8% shift
0.08,491,TRUE,TRUE,0.06134117340306562,0.031973771800075775,NA,+/-8% shift
0.08,492,TRUE,TRUE,0.36516632522622494,0.13882567410007013,NA,+/-8% shift
0.08,493,TRUE,TRUE,0.040801837111362746,0.1487350788665223,NA,+/-8% shift
0.08,494,TRUE,TRUE,0.007017177350447536,0.1132030439567746,NA,+/-8% shift
0.08,495,TRUE,TRUE,0.030189479379673395,0.44529671777856167,NA,+/-8% shift
0.08,496,TRUE,TRUE,0.8432685947395757,0.2550910453157817,NA,+/-8% shift
0.08,497,TRUE,TRUE,0.04866925119202958,0.0032024078797281952,NA,+/-8% shift
0.08,498,TRUE,TRUE,0.0021283167759738233,0.07753006563936829,NA,+/-8% shift
0.08,499,TRUE,TRUE,0.12234281935991699,0.8634533822191374,NA,+/-8% shift
0.08,500,TRUE,TRUE,0.02355677011378474,0.32690317012322084,NA,+/-8% shift
0.12,1,TRUE,TRUE,0.00494495875818594,0.07815653165137673,NA,+/-12% shift
0.12,2,TRUE,TRUE,0.0037544218789590717,0.7360719270202281,NA,+/-12% shift
0.12,3,TRUE,TRUE,0.0021099278225563964,0.1257791523573646,NA,+/-12% shift
0.12,4,TRUE,TRUE,0.2645292686003459,0.28621283935965264,NA,+/-12% shift
0.12,5,TRUE,TRUE,0.6150538317659225,0.45917385059802474,NA,+/-12% shift
0.12,6,TRUE,TRUE,0.12524271130569417,0.34782878902774805,NA,+/-12% shift
0.12,7,TRUE,TRUE,0.08061467426719954,0.627380591393679,NA,+/-12% shift
0.12,8,TRUE,TRUE,0.01208465468988671,0.01582589568879303,NA,+/-12% shift
0.12,9,TRUE,TRUE,0.07867830834914302,0.14715289844705567,NA,+/-12% shift
0.12,10,TRUE,TRUE,0.09034539321611981,0.010553471827420407,NA,+/-12% shift
0.12,11,TRUE,TRUE,0.001276426143286638,0.5603707388463572,NA,+/-12% shift
0.12,12,TRUE,TRUE,0.1855575453557191,0.5605462138919257,NA,+/-12% shift
0.12,13,TRUE,TRUE,0.47111967118859394,0.8809553125924598,NA,+/-12% shift
0.12,14,TRUE,TRUE,0.44386134064781624,0.3964152155314389,NA,+/-12% shift
0.12,15,TRUE,TRUE,0.11534508122089973,0.021684940587116185,NA,+/-12% shift
0.12,16,TRUE,TRUE,5.333454443292952e-4,0.12631306575077614,NA,+/-12% shift
0.12,17,TRUE,TRUE,0.4060289402074032,0.009047211012481736,NA,+/-12% shift
0.12,18,TRUE,TRUE,0.02482199340849714,0.21148588899008233,NA,+/-12% shift
0.12,19,TRUE,TRUE,0.01406896936149178,0.4332512548035254,NA,+/-12% shift
0.12,20,TRUE,TRUE,0.033903911747719305,0.8654401104598068,NA,+/-12% shift
0.12,21,TRUE,TRUE,0.010476813044851154,0.11625592360252111,NA,+/-12% shift
0.12,22,TRUE,TRUE,0.020863326951973484,0.16908777240837763,NA,+/-12% shift
0.12,23,TRUE,TRUE,0.15904184561278667,0.6784408105717971,NA,+/-12% shift
0.12,24,TRUE,TRUE,0.0013646236996526513,0.6911985195421397,NA,+/-12% shift
0.12,25,TRUE,TRUE,0.023757888174936945,0.5095469287076534,NA,+/-12% shift
0.12,26,TRUE,TRUE,0.028625443554536133,0.5421206917438208,NA,+/-12% shift
0.12,27,TRUE,TRUE,0.05555729043161123,0.028418393184246073,NA,+/-12% shift
0.12,28,TRUE,TRUE,0.1111686913564423,0.8014918451719006,NA,+/-12% shift
0.12,29,TRUE,TRUE,0.052702163591747675,0.6445217827803568,NA,+/-12% shift
0.12,30,TRUE,TRUE,0.029299317334772455,0.631308109306256,NA,+/-12% shift
0.12,31,TRUE,TRUE,0.005037305121137528,0.9975678795765544,NA,+/-12% shift
0.12,32,TRUE,TRUE,0.048073887743838306,0.02061579343883713,NA,+/-12% shift
0.12,33,TRUE,TRUE,3.323047912623963e-5,0.2055355819374832,NA,+/-12% shift
0.12,34,TRUE,TRUE,0.16002441923381805,0.7665691511237951,NA,+/-12% shift
0.12,35,TRUE,TRUE,1.3076737357674757e-5,0.8605531297629617,NA,+/-12% shift
0.12,36,TRUE,TRUE,0.24535935545987653,0.7500202972829151,NA,+/-12% shift
0.12,37,TRUE,TRUE,0.008626510930820182,0.9539389614845967,NA,+/-12% shift
0.12,38,TRUE,TRUE,0.005621652909089502,0.9670012290950252,NA,+/-12% shift
0.12,39,TRUE,TRUE,3.34342275519907e-4,0.1542493113092192,NA,+/-12% shift
0.12,40,TRUE,TRUE,0.013964775578379248,0.3591415875168563,NA,+/-12% shift
0.12,41,TRUE,TRUE,0.30868009289958787,0.05593534680504885,NA,+/-12% shift
0.12,42,TRUE,TRUE,0.372520889896222,0.8950476427954794,NA,+/-12% shift
0.12,43,TRUE,TRUE,0.1828294008499058,0.5347789197684458,NA,+/-12% shift
0.12,44,TRUE,TRUE,0.05041536826597694,0.7675792911956341,NA,+/-12% shift
0.12,45,TRUE,TRUE,0.011873404429909378,0.3569827899869265,NA,+/-12% shift
0.12,46,TRUE,TRUE,0.09872525776662837,0.8316598419388876,NA,+/-12% shift
0.12,47,TRUE,TRUE,0.0030622464563636285,0.25395849345522437,NA,+/-12% shift
0.12,48,TRUE,TRUE,0.03657970820831955,0.5662142906899185,NA,+/-12% shift
0.12,49,TRUE,TRUE,0.1567011623999744,0.9658248827515877,NA,+/-12% shift
0.12,50,TRUE,TRUE,0.631910008461024,0.7919078376354162,NA,+/-12% shift
0.12,51,TRUE,TRUE,0.11140063349207083,0.5944154630753303,NA,+/-12% shift
0.12,52,TRUE,TRUE,0.0024222152891612073,0.057907138729086545,NA,+/-12% shift
0.12,53,TRUE,TRUE,0.08165315715537713,0.36450570031065854,NA,+/-12% shift
0.12,54,TRUE,TRUE,1.0980004554450594e-5,0.16655348271183984,NA,+/-12% shift
0.12,55,TRUE,TRUE,0.05202705172710644,0.2234125221984441,NA,+/-12% shift
0.12,56,TRUE,TRUE,1.401665261079431e-4,0.5271913022076992,NA,+/-12% shift
0.12,57,TRUE,TRUE,5.545307128129848e-4,0.7372287434520897,NA,+/-12% shift
0.12,58,TRUE,TRUE,0.0028030768047771965,0.39400720208023027,NA,+/-12% shift
0.12,59,TRUE,TRUE,0.043759217663471635,0.05553419567770578,NA,+/-12% shift
0.12,60,TRUE,TRUE,0.04626946898773186,0.07715313718353688,NA,+/-12% shift
0.12,61,TRUE,TRUE,0.07000826206326474,0.3713311586585162,NA,+/-12% shift
0.12,62,TRUE,TRUE,0.41766457932191997,0.47787977577984503,NA,+/-12% shift
0.12,63,TRUE,TRUE,0.06793168529818125,0.01001415015536694,NA,+/-12% shift
0.12,64,TRUE,TRUE,1.2507740081751513e-4,0.9444103707394976,NA,+/-12% shift
0.12,65,TRUE,TRUE,0.001974153255731536,0.6667537422408809,NA,+/-12% shift
0.12,66,TRUE,TRUE,0.02481782321216092,0.26954827702602463,NA,+/-12% shift
0.12,67,TRUE,TRUE,0.06959884578072775,0.1482644258692332,NA,+/-12% shift
0.12,68,TRUE,TRUE,0.14917234678791497,0.5572406918908376,NA,+/-12% shift
0.12,69,TRUE,TRUE,0.07358864175461058,0.5501126236356312,NA,+/-12% shift
0.12,70,TRUE,TRUE,0.002830928480854808,0.6524783609824344,NA,+/-12% shift
0.12,71,TRUE,TRUE,0.019601825651226496,0.9687942585063705,NA,+/-12% shift
0.12,72,TRUE,TRUE,0.14591940753866267,0.652820833859149,NA,+/-12% shift
0.12,73,TRUE,TRUE,0.03335118577663925,0.6387098061316558,NA,+/-12% shift
0.12,74,TRUE,TRUE,0.04147659402578877,0.34576677667396344,NA,+/-12% shift
0.12,75,TRUE,TRUE,0.04943969169313116,0.9385148936504475,NA,+/-12% shift
0.12,76,TRUE,TRUE,0.06922554893888773,0.3117097253021979,NA,+/-12% shift
0.12,77,TRUE,TRUE,1.8136603720437575e-5,0.8118398128512833,NA,+/-12% shift
0.12,78,TRUE,TRUE,0.26052453343318216,0.8752183432406712,NA,+/-12% shift
0.12,79,TRUE,TRUE,0.01122768389525063,0.7267183732470757,NA,+/-12% shift
0.12,80,TRUE,TRUE,0.15473446979529112,0.3818399878231915,NA,+/-12% shift
0.12,81,TRUE,TRUE,6.194883421473514e-4,0.8801425912469496,NA,+/-12% shift
0.12,82,TRUE,TRUE,0.0024405576859282165,0.33099301332542314,NA,+/-12% shift
0.12,83,TRUE,TRUE,0.04144972086650891,0.4080133261168899,NA,+/-12% shift
0.12,84,TRUE,TRUE,4.906629554431596e-4,0.18274047874523713,NA,+/-12% shift
0.12,85,TRUE,TRUE,0.00447814684550722,0.3393080530535997,NA,+/-12% shift
0.12,86,TRUE,TRUE,0.0815952753480097,0.34351952109802325,NA,+/-12% shift
0.12,87,TRUE,TRUE,0.5366695555040263,0.9714010788277712,NA,+/-12% shift
0.12,88,TRUE,TRUE,0.002101417527035562,0.3827332487603023,NA,+/-12% shift
0.12,89,TRUE,TRUE,1.260492597108138e-4,0.087561136131327,NA,+/-12% shift
0.12,90,TRUE,TRUE,1.5535937024078396e-4,0.2803330215362132,NA,+/-12% shift
0.12,91,TRUE,TRUE,0.02047597310929252,0.015873846708242996,NA,+/-12% shift
0.12,92,TRUE,TRUE,0.2002796535909618,0.5469267183002191,NA,+/-12% shift
0.12,93,TRUE,TRUE,0.004795434927025807,0.2712940211390776,NA,+/-12% shift
0.12,94,TRUE,TRUE,8.598944572754208e-5,0.4211292077824152,NA,+/-12% shift
0.12,95,TRUE,TRUE,0.3459964774272402,0.9391244313377692,NA,+/-12% shift
0.12,96,TRUE,TRUE,0.005184320373500632,0.26126473935307876,NA,+/-12% shift
0.12,97,TRUE,TRUE,0.26615032368434,0.13018095308335578,NA,+/-12% shift
0.12,98,TRUE,TRUE,2.227290314361718e-4,0.6400582042949795,NA,+/-12% shift
0.12,99,TRUE,TRUE,0.004305154322866852,0.061663286699085225,NA,+/-12% shift
0.12,100,TRUE,TRUE,4.738581215220541e-5,0.842176302914325,NA,+/-12% shift
0.12,101,TRUE,TRUE,0.9680976817109914,0.30467196458974943,NA,+/-12% shift
0.12,102,TRUE,TRUE,0.5176395838171713,0.1967208195303327,NA,+/-12% shift
0.12,103,TRUE,TRUE,0.3196866269444781,0.040712734012947074,NA,+/-12% shift
0.12,104,TRUE,TRUE,0.04104217128488212,0.7934920834192065,NA,+/-12% shift
0.12,105,TRUE,TRUE,0.004199180009025373,0.9493280814822956,NA,+/-12% shift
0.12,106,TRUE,TRUE,0.016781616954646035,0.9321913563734002,NA,+/-12% shift
0.12,107,TRUE,TRUE,0.0024015571853124016,0.7656237854013224,NA,+/-12% shift
0.12,108,TRUE,TRUE,0.07643579758332487,0.9610342136664703,NA,+/-12% shift
0.12,109,TRUE,TRUE,0.008472082635184048,0.23204932142439869,NA,+/-12% shift
0.12,110,TRUE,TRUE,0.008918151312739691,0.5053625112546064,NA,+/-12% shift
0.12,111,TRUE,TRUE,0.46589318770466953,0.4454492815156229,NA,+/-12% shift
0.12,112,TRUE,TRUE,0.024923938835672,0.2203807085266262,NA,+/-12% shift
0.12,113,TRUE,TRUE,0.07980277179946982,0.7922548873076699,NA,+/-12% shift
0.12,114,TRUE,TRUE,0.08786443687551135,0.7283250471542134,NA,+/-12% shift
0.12,115,TRUE,TRUE,0.010437987555321993,0.10888937703463557,NA,+/-12% shift
0.12,116,TRUE,TRUE,0.005051720524960891,0.0058997270486918175,NA,+/-12% shift
0.12,117,TRUE,TRUE,0.011161827480075251,0.44909576900968207,NA,+/-12% shift
0.12,118,TRUE,TRUE,2.8836181049560853e-8,0.7755267918360815,NA,+/-12% shift
0.12,119,TRUE,TRUE,6.319790024529618e-4,0.1918563490532906,NA,+/-12% shift
0.12,120,TRUE,TRUE,3.046932008846782e-5,0.2733170537098851,NA,+/-12% shift
0.12,121,TRUE,TRUE,0.27920876606767253,0.03192762124392164,NA,+/-12% shift
0.12,122,TRUE,TRUE,0.028597173137804497,0.04937666320365779,NA,+/-12% shift
0.12,123,TRUE,TRUE,0.0017837371149032146,0.1069203334238884,NA,+/-12% shift
0.12,124,TRUE,TRUE,0.01461068902510274,0.3051010558976672,NA,+/-12% shift
0.12,125,TRUE,TRUE,0.002556716812501125,0.01874540251558815,NA,+/-12% shift
0.12,126,TRUE,TRUE,0.013845331328202617,0.467244175787109,NA,+/-12% shift
0.12,127,TRUE,TRUE,0.0020192034193601423,0.4231891796283843,NA,+/-12% shift
0.12,128,TRUE,TRUE,2.0454354451931166e-5,0.333314981808196,NA,+/-12% shift
0.12,129,TRUE,TRUE,0.016381305727786247,0.004069970382462504,NA,+/-12% shift
0.12,130,TRUE,TRUE,0.6349572012773385,0.8779784948629199,NA,+/-12% shift
0.12,131,TRUE,TRUE,8.494607213997264e-4,0.7417394363475953,NA,+/-12% shift
0.12,132,TRUE,TRUE,0.02993503619663449,0.7701315980098669,NA,+/-12% shift
0.12,133,TRUE,TRUE,0.33158405028537746,0.8855711312712327,NA,+/-12% shift
0.12,134,TRUE,TRUE,7.503013221806636e-5,0.9337073435985945,NA,+/-12% shift
0.12,135,TRUE,TRUE,0.046301749411012394,0.5849139261222231,NA,+/-12% shift
0.12,136,TRUE,TRUE,0.2542622092724568,0.760207843655242,NA,+/-12% shift
0.12,137,TRUE,TRUE,0.004203564076720726,0.6171967223278456,NA,+/-12% shift
0.12,138,TRUE,TRUE,0.0021029896472281274,0.2541702189692817,NA,+/-12% shift
0.12,139,TRUE,TRUE,0.10085359540862252,0.06433715641917297,NA,+/-12% shift
0.12,140,TRUE,TRUE,1.3138904174530715e-4,0.24538925281445037,NA,+/-12% shift
0.12,141,TRUE,TRUE,6.449219287590858e-4,0.4951034712789555,NA,+/-12% shift
0.12,142,TRUE,TRUE,0.08683233990298779,0.4622213468358013,NA,+/-12% shift
0.12,143,TRUE,TRUE,0.3106685737918835,0.6235002612742852,NA,+/-12% shift
0.12,144,TRUE,TRUE,0.4010831841442143,0.035656422075332476,NA,+/-12% shift
0.12,145,TRUE,TRUE,0.08984055086336216,0.45259291863242146,NA,+/-12% shift
0.12,146,TRUE,TRUE,0.011776502697663165,0.39992874520715743,NA,+/-12% shift
0.12,147,TRUE,TRUE,0.2264747738487033,0.9844895094208665,NA,+/-12% shift
0.12,148,TRUE,TRUE,0.004094020697254219,0.054672501004846226,NA,+/-12% shift
0.12,149,TRUE,TRUE,0.053765914055304204,0.6515009624857038,NA,+/-12% shift
0.12,150,TRUE,TRUE,0.1602050844001644,0.7397333712162488,NA,+/-12% shift
0.12,151,TRUE,TRUE,0.003146888693337234,0.6293665700506101,NA,+/-12% shift
0.12,152,TRUE,TRUE,0.0026819329854314115,0.3764294583088189,NA,+/-12% shift
0.12,153,TRUE,TRUE,5.6630731682641e-4,0.6593206964645768,NA,+/-12% shift
0.12,154,TRUE,TRUE,0.008317251956795826,0.4232460330051371,NA,+/-12% shift
0.12,155,TRUE,TRUE,0.07165770592788069,0.45459978926589817,NA,+/-12% shift
0.12,156,TRUE,TRUE,0.006060067755145216,0.6173211890626511,NA,+/-12% shift
0.12,157,TRUE,TRUE,0.10343085624161712,0.7016553023871955,NA,+/-12% shift
0.12,158,TRUE,TRUE,0.0018100093460044495,0.0405743624170134,NA,+/-12% shift
0.12,159,TRUE,TRUE,0.0019431768328802817,0.48072160976047895,NA,+/-12% shift
0.12,160,TRUE,TRUE,0.009887017259620408,0.0522024925819379,NA,+/-12% shift
0.12,161,TRUE,TRUE,8.408242558424834e-4,0.24477378952639342,NA,+/-12% shift
0.12,162,TRUE,TRUE,0.10155134969813237,0.6287037827293335,NA,+/-12% shift
0.12,163,TRUE,TRUE,5.096848305345428e-4,0.3607959290054845,NA,+/-12% shift
0.12,164,TRUE,TRUE,0.0012024326511395774,0.3545271711039597,NA,+/-12% shift
0.12,165,TRUE,TRUE,0.31106694501515403,0.5501919445704083,NA,+/-12% shift
0.12,166,TRUE,TRUE,0.0116445787998987,0.5676209931165378,NA,+/-12% shift
0.12,167,TRUE,TRUE,0.029796421714766434,0.5957456730140465,NA,+/-12% shift
0.12,168,TRUE,TRUE,5.3803685965097516e-5,0.872147350588399,NA,+/-12% shift
0.12,169,TRUE,TRUE,0.022194361815267162,0.7270712226507875,NA,+/-12% shift
0.12,170,TRUE,TRUE,0.24830826605418851,0.335060597191346,NA,+/-12% shift
0.12,171,TRUE,TRUE,0.05357919185408273,0.07072868353311863,NA,+/-12% shift
0.12,172,TRUE,TRUE,0.02576791827248553,0.3244615566625608,NA,+/-12% shift
0.12,173,TRUE,TRUE,0.03191136031571223,0.0037070695858057797,NA,+/-12% shift
0.12,174,TRUE,TRUE,0.02743657440202528,0.06436690141971575,NA,+/-12% shift
0.12,175,TRUE,TRUE,0.3984170827156073,0.0901878199913612,NA,+/-12% shift
0.12,176,TRUE,TRUE,0.3351263158200678,0.3158796272256059,NA,+/-12% shift
0.12,177,TRUE,TRUE,9.604881152095373e-4,0.2238844898432026,NA,+/-12% shift
0.12,178,TRUE,TRUE,0.10217893802644376,0.4694879017549196,NA,+/-12% shift
0.12,179,TRUE,TRUE,0.028317898626641597,0.03168819761632523,NA,+/-12% shift
0.12,180,TRUE,TRUE,0.2591140756774089,0.8511886812964635,NA,+/-12% shift
0.12,181,TRUE,TRUE,0.0036964300883957587,0.43149369414048333,NA,+/-12% shift
0.12,182,TRUE,TRUE,0.023430382571907896,0.11698823580967062,NA,+/-12% shift
0.12,183,TRUE,TRUE,0.169089492821959,0.03613366264058381,NA,+/-12% shift
0.12,184,TRUE,TRUE,5.75421519721837e-4,0.055467472842753156,NA,+/-12% shift
0.12,185,TRUE,TRUE,0.16563998047162132,0.6368105980744594,NA,+/-12% shift
0.12,186,TRUE,TRUE,0.19725220939492022,0.044142304151834434,NA,+/-12% shift
0.12,187,TRUE,TRUE,0.013798968582037925,0.022791923615706162,NA,+/-12% shift
0.12,188,TRUE,TRUE,1.7232203072264534e-6,0.6261891231230658,NA,+/-12% shift
0.12,189,TRUE,TRUE,0.019242438243778567,0.031209114163495175,NA,+/-12% shift
0.12,190,TRUE,TRUE,0.0026299328193197355,0.302067065910127,NA,+/-12% shift
0.12,191,TRUE,TRUE,0.1776388873180676,0.00565654163612615,NA,+/-12% shift
0.12,192,TRUE,TRUE,0.07679353894533725,0.5640923880951433,NA,+/-12% shift
0.12,193,TRUE,TRUE,0.017199046023047428,0.2204283847347791,NA,+/-12% shift
0.12,194,TRUE,TRUE,1.6990631464802782e-4,0.6013034030840245,NA,+/-12% shift
0.12,195,TRUE,TRUE,0.01957601168523664,0.06181607293718928,NA,+/-12% shift
0.12,196,TRUE,TRUE,0.003882602008109471,0.12331327136540599,NA,+/-12% shift
0.12,197,TRUE,TRUE,0.0029377948804281567,0.274973714502117,NA,+/-12% shift
0.12,198,TRUE,TRUE,0.10759265289467114,0.6044770127983126,NA,+/-12% shift
0.12,199,TRUE,TRUE,0.05828358470634764,0.1905696757795233,NA,+/-12% shift
0.12,200,TRUE,TRUE,0.07384539748014307,0.050781445486430446,NA,+/-12% shift
0.12,201,TRUE,TRUE,0.023818780575965395,0.8760840730161326,NA,+/-12% shift
0.12,202,TRUE,TRUE,0.003161279309254555,0.08610407312438442,NA,+/-12% shift
0.12,203,TRUE,TRUE,0.06934102686059188,0.5559189254863217,NA,+/-12% shift
0.12,204,TRUE,TRUE,0.007129611884443484,0.27553012154476886,NA,+/-12% shift
0.12,205,TRUE,TRUE,1.7804608391512508e-4,0.27311431517594126,NA,+/-12% shift
0.12,206,TRUE,TRUE,0.0849389618325169,0.44153074578501994,NA,+/-12% shift
0.12,207,TRUE,TRUE,3.341888295833604e-4,0.7192131396593212,NA,+/-12% shift
0.12,208,TRUE,TRUE,0.00739299263763472,0.9833303459961591,NA,+/-12% shift
0.12,209,TRUE,TRUE,0.014977721916505315,0.7265341314713589,NA,+/-12% shift
0.12,210,TRUE,TRUE,0.26103842724220777,0.4479723636182004,NA,+/-12% shift
0.12,211,TRUE,TRUE,0.24770367199712012,0.08528671594267793,NA,+/-12% shift
0.12,212,TRUE,TRUE,0.5863743216191051,0.5366893377449662,NA,+/-12% shift
0.12,213,TRUE,TRUE,0.15486090386610177,0.025325357995342128,NA,+/-12% shift
0.12,214,TRUE,TRUE,0.14361272728238306,0.2593200457864181,NA,+/-12% shift
0.12,215,TRUE,TRUE,0.2069568117504894,0.32888716859798567,NA,+/-12% shift
0.12,216,TRUE,TRUE,0.0022478036220750335,0.29227433579746953,NA,+/-12% shift
0.12,217,TRUE,TRUE,1.899834226830164e-4,0.886569504903905,NA,+/-12% shift
0.12,218,TRUE,TRUE,0.04590626852260995,0.6216770144410995,NA,+/-12% shift
0.12,219,TRUE,TRUE,0.05033982560627609,0.30630255330634054,NA,+/-12% shift
0.12,220,TRUE,TRUE,0.008381929559570277,0.1994112203299603,NA,+/-12% shift
0.12,221,TRUE,TRUE,0.3764392875283633,0.5755665955471552,NA,+/-12% shift
0.12,222,TRUE,TRUE,0.03277882068007468,0.8386960008046548,NA,+/-12% shift
0.12,223,TRUE,TRUE,0.13979181643031838,0.849821774487413,NA,+/-12% shift
0.12,224,TRUE,TRUE,0.003217956154567805,0.0015798811853500753,NA,+/-12% shift
0.12,225,TRUE,TRUE,0.041888519156978485,0.8838379918441133,NA,+/-12% shift
0.12,226,TRUE,TRUE,3.233152191424961e-4,0.018758676978078096,NA,+/-12% shift
0.12,227,TRUE,TRUE,0.37778990242183347,0.24408250461495742,NA,+/-12% shift
0.12,228,TRUE,TRUE,0.0026899032063651346,0.05377334357767088,NA,+/-12% shift
0.12,229,TRUE,TRUE,0.01373730270145463,0.3782848716978586,NA,+/-12% shift
0.12,230,TRUE,TRUE,0.02592976370598038,0.04563029494326944,NA,+/-12% shift
0.12,231,TRUE,TRUE,4.0304808103538024e-5,0.02516908603639199,NA,+/-12% shift
0.12,232,TRUE,TRUE,0.24307920036082387,0.6300420297302188,NA,+/-12% shift
0.12,233,TRUE,TRUE,0.08605425914811125,0.1372687215710401,NA,+/-12% shift
0.12,234,TRUE,TRUE,0.2024360983153561,0.054014062614192164,NA,+/-12% shift
0.12,235,TRUE,TRUE,0.03432015649576071,0.2710787093648541,NA,+/-12% shift
0.12,236,TRUE,TRUE,8.562949655320417e-6,0.25928198206462466,NA,+/-12% shift
0.12,237,TRUE,TRUE,0.569137869946522,0.3337715872989774,NA,+/-12% shift
0.12,238,TRUE,TRUE,0.026332804943773346,0.8993143434232511,NA,+/-12% shift
0.12,239,TRUE,TRUE,0.24324700424976786,0.02770220126899786,NA,+/-12% shift
0.12,240,TRUE,TRUE,0.6172150772608591,4.91557900472431e-4,NA,+/-12% shift
0.12,241,TRUE,TRUE,0.3207872617934889,0.6867070360242064,NA,+/-12% shift
0.12,242,TRUE,TRUE,8.354671701798924e-6,0.8267218315282618,NA,+/-12% shift
0.12,243,TRUE,TRUE,0.15649459233653237,0.7440495188288503,NA,+/-12% shift
0.12,244,TRUE,TRUE,0.13795132053850198,0.7727226713483436,NA,+/-12% shift
0.12,245,TRUE,TRUE,0.011454566869835313,0.4902262307017738,NA,+/-12% shift
0.12,246,TRUE,TRUE,0.04391661698529747,0.17004711625200825,NA,+/-12% shift
0.12,247,TRUE,TRUE,2.786417240489546e-4,0.48221429557081136,NA,+/-12% shift
0.12,248,TRUE,TRUE,1.707469446894417e-8,0.01687499103926806,NA,+/-12% shift
0.12,249,TRUE,TRUE,0.14492845340615146,0.3832786986508404,NA,+/-12% shift
0.12,250,TRUE,TRUE,0.2121857528844171,0.012208086594439387,NA,+/-12% shift
0.12,251,TRUE,TRUE,0.022421031593638282,0.37636245601672064,NA,+/-12% shift
0.12,252,TRUE,TRUE,0.27383791806657987,0.2565277072655694,NA,+/-12% shift
0.12,253,TRUE,TRUE,0.008506352274010611,0.30931031213352744,NA,+/-12% shift
0.12,254,TRUE,TRUE,0.0025497988598993694,0.7166804206269736,NA,+/-12% shift
0.12,255,TRUE,TRUE,0.0950771614556014,0.42189008830409735,NA,+/-12% shift
0.12,256,TRUE,TRUE,0.028750380378821546,0.260709200810125,NA,+/-12% shift
0.12,257,TRUE,TRUE,0.07432430055796761,0.9247915150642463,NA,+/-12% shift
0.12,258,TRUE,TRUE,0.023943701878250692,0.2900587917647508,NA,+/-12% shift
0.12,259,TRUE,TRUE,0.029799002382992046,0.5093158976968608,NA,+/-12% shift
0.12,260,TRUE,TRUE,0.47888045952683606,0.8676172607984441,NA,+/-12% shift
0.12,261,TRUE,TRUE,0.08212226630904522,0.7722334966091066,NA,+/-12% shift
0.12,262,TRUE,TRUE,0.0013668124167836952,0.6603436608278546,NA,+/-12% shift
0.12,263,TRUE,TRUE,0.032435003747717406,0.5624859975894153,NA,+/-12% shift
0.12,264,TRUE,TRUE,0.04536325067518388,0.23429520444342855,NA,+/-12% shift
0.12,265,TRUE,TRUE,0.015102813462945782,0.2004973411989623,NA,+/-12% shift
0.12,266,TRUE,TRUE,0.0024472151517104146,0.14807000124127717,NA,+/-12% shift
0.12,267,TRUE,TRUE,0.6028736856622197,0.8930105128735172,NA,+/-12% shift
0.12,268,TRUE,TRUE,0.6084583359746119,0.7267930774716442,NA,+/-12% shift
0.12,269,TRUE,TRUE,0.41290035584277374,0.15680471049670494,NA,+/-12% shift
0.12,270,TRUE,TRUE,0.017620762592328188,0.9246498265302157,NA,+/-12% shift
0.12,271,TRUE,TRUE,0.03365674855925289,0.3829662086917304,NA,+/-12% shift
0.12,272,TRUE,TRUE,0.328942878649321,0.9634819717702229,NA,+/-12% shift
0.12,273,TRUE,TRUE,0.001366381574842114,0.1021127245748122,NA,+/-12% shift
0.12,274,TRUE,TRUE,0.007606270964839885,0.6312332034794309,NA,+/-12% shift
0.12,275,TRUE,TRUE,0.07826711317058001,0.2819509891183869,NA,+/-12% shift
0.12,276,TRUE,TRUE,0.10691247605833237,0.9709633059802516,NA,+/-12% shift
0.12,277,TRUE,TRUE,0.2810803095861439,0.8032130632321832,NA,+/-12% shift
0.12,278,TRUE,TRUE,0.026287754690184073,0.003905754953611494,NA,+/-12% shift
0.12,279,TRUE,TRUE,0.09421503684857857,0.13875885357773077,NA,+/-12% shift
0.12,280,TRUE,TRUE,0.002733521425147168,0.8251298908325829,NA,+/-12% shift
0.12,281,TRUE,TRUE,0.04707288602940651,4.79212901121268e-4,NA,+/-12% shift
0.12,282,TRUE,TRUE,2.2720623295173048e-4,0.24860302030768458,NA,+/-12% shift
0.12,283,TRUE,TRUE,0.3383175082844439,0.07668434102460471,NA,+/-12% shift
0.12,284,TRUE,TRUE,0.21669382085952202,0.9586585244309423,NA,+/-12% shift
0.12,285,TRUE,TRUE,0.002274559274820134,0.86816933176459,NA,+/-12% shift
0.12,286,TRUE,TRUE,0.0028744526255240635,0.3479867788987907,NA,+/-12% shift
0.12,287,TRUE,TRUE,5.811373857601682e-5,0.2252680550073884,NA,+/-12% shift
0.12,288,TRUE,TRUE,0.20547690883973616,0.8723450724171639,NA,+/-12% shift
0.12,289,TRUE,TRUE,5.852307897682164e-4,0.21018732682457028,NA,+/-12% shift
0.12,290,TRUE,TRUE,0.0010439892363815564,0.8705225306993183,NA,+/-12% shift
0.12,291,TRUE,TRUE,0.0023742637828049365,0.9411670688129292,NA,+/-12% shift
0.12,292,TRUE,TRUE,2.924955199437829e-4,0.40698715287596826,NA,+/-12% shift
0.12,293,TRUE,TRUE,0.0464680564932903,0.1466552727847285,NA,+/-12% shift
0.12,294,TRUE,TRUE,0.03285035154844203,0.20087716502212555,NA,+/-12% shift
0.12,295,TRUE,TRUE,0.36198376955429507,0.3776409661967803,NA,+/-12% shift
0.12,296,TRUE,TRUE,0.02027251936643157,0.36990169475383256,NA,+/-12% shift
0.12,297,TRUE,TRUE,0.7822042862131957,0.6054043906864306,NA,+/-12% shift
0.12,298,TRUE,TRUE,0.016157375750482907,0.8064611777274118,NA,+/-12% shift
0.12,299,TRUE,TRUE,5.815118641201142e-4,0.2321956502481132,NA,+/-12% shift
0.12,300,TRUE,TRUE,7.020466264572709e-7,0.3457899048677713,NA,+/-12% shift
0.12,301,TRUE,TRUE,0.028799955054394658,0.8888220431209914,NA,+/-12% shift
0.12,302,TRUE,TRUE,0.11322059759420938,0.34815291013947947,NA,+/-12% shift
0.12,303,TRUE,TRUE,0.2411181797616924,0.04235714729102206,NA,+/-12% shift
0.12,304,TRUE,TRUE,1.185833205357339e-4,0.5733333057805181,NA,+/-12% shift
0.12,305,TRUE,TRUE,0.016773811446268612,0.6235416760941467,NA,+/-12% shift
0.12,306,TRUE,TRUE,0.26138363835451756,0.10250382731534273,NA,+/-12% shift
0.12,307,TRUE,TRUE,0.023546484433721995,0.4375534581705636,NA,+/-12% shift
0.12,308,TRUE,TRUE,0.012327585020781986,0.10471339976665235,NA,+/-12% shift
0.12,309,TRUE,TRUE,4.3114259964880145e-4,0.04691595115135254,NA,+/-12% shift
0.12,310,TRUE,TRUE,0.0020659646705146703,0.2965273480648738,NA,+/-12% shift
0.12,311,TRUE,TRUE,0.5919363800560229,0.6565086918344505,NA,+/-12% shift
0.12,312,TRUE,TRUE,0.0034181975192162316,0.15601250213200193,NA,+/-12% shift
0.12,313,TRUE,TRUE,2.3663708895954808e-4,0.0691225189146131,NA,+/-12% shift
0.12,314,TRUE,TRUE,0.21794854384529674,0.3967627932657927,NA,+/-12% shift
0.12,315,TRUE,TRUE,2.6417308918874025e-4,0.6416503138381459,NA,+/-12% shift
0.12,316,TRUE,TRUE,0.007132692605089203,2.968835757276491e-4,NA,+/-12% shift
0.12,317,TRUE,TRUE,0.03646292404094368,0.31815046837861016,NA,+/-12% shift
0.12,318,TRUE,TRUE,0.8650552647881953,0.3710333437388622,NA,+/-12% shift
0.12,319,TRUE,TRUE,0.6664880404249719,0.023686240675428686,NA,+/-12% shift
0.12,320,TRUE,TRUE,0.028666545544155896,0.9834119062336139,NA,+/-12% shift
0.12,321,TRUE,TRUE,0.0403356466562494,0.17702672941180264,NA,+/-12% shift
0.12,322,TRUE,TRUE,0.1444383253542698,0.7027935582070708,NA,+/-12% shift
0.12,323,TRUE,TRUE,0.10567319095892759,0.13657796284161483,NA,+/-12% shift
0.12,324,TRUE,TRUE,0.01924825291051021,0.0511435968476549,NA,+/-12% shift
0.12,325,TRUE,TRUE,0.08358270338981023,0.12651762591898966,NA,+/-12% shift
0.12,326,TRUE,TRUE,0.021044814799518065,0.5929998231026723,NA,+/-12% shift
0.12,327,TRUE,TRUE,0.04487150138331363,0.781382647544248,NA,+/-12% shift
0.12,328,TRUE,TRUE,0.014710873838421465,0.9676707568384071,NA,+/-12% shift
0.12,329,TRUE,TRUE,0.7214853616495116,0.5041498983085777,NA,+/-12% shift
0.12,330,TRUE,TRUE,0.09728226588077,0.11936621953752055,NA,+/-12% shift
0.12,331,TRUE,TRUE,0.02447241224128559,0.3019721569235742,NA,+/-12% shift
0.12,332,TRUE,TRUE,0.22969353413724838,0.05187811514394963,NA,+/-12% shift
0.12,333,TRUE,TRUE,0.17955140538683412,0.5660013224005784,NA,+/-12% shift
0.12,334,TRUE,TRUE,0.028768929136778587,0.99521769886039,NA,+/-12% shift
0.12,335,TRUE,TRUE,0.00471789791195247,0.6014332511843357,NA,+/-12% shift
0.12,336,TRUE,TRUE,0.08962956990724513,0.4558220541260894,NA,+/-12% shift
0.12,337,TRUE,TRUE,4.2127145709964695e-4,0.7365536835687326,NA,+/-12% shift
0.12,338,TRUE,TRUE,0.21938662776225892,0.5390186711353587,NA,+/-12% shift
0.12,339,TRUE,TRUE,0.10140742428156709,0.44396855547665004,NA,+/-12% shift
0.12,340,TRUE,TRUE,0.04275315416275789,0.5049283363593116,NA,+/-12% shift
0.12,341,TRUE,TRUE,0.26588312313861734,0.5626671232958425,NA,+/-12% shift
0.12,342,TRUE,TRUE,0.025633277971605556,0.6956217925597724,NA,+/-12% shift
0.12,343,TRUE,TRUE,0.02135652279179398,0.4887967818979431,NA,+/-12% shift
0.12,344,TRUE,TRUE,0.009411991359220327,0.9310847624858429,NA,+/-12% shift
0.12,345,TRUE,TRUE,0.03019091770165754,0.3459524224509807,NA,+/-12% shift
0.12,346,TRUE,TRUE,0.0024823807310186703,0.29741797114123525,NA,+/-12% shift
0.12,347,TRUE,TRUE,0.17205242748710822,0.8032872323609355,NA,+/-12% shift
0.12,348,TRUE,TRUE,0.1390045286016905,0.21278207063218577,NA,+/-12% shift
0.12,349,TRUE,TRUE,9.777066794128078e-5,0.15209354592656432,NA,+/-12% shift
0.12,350,TRUE,TRUE,0.25305002705939217,0.4125547028911096,NA,+/-12% shift
0.12,351,TRUE,TRUE,0.01703416178763855,0.05043720829898629,NA,+/-12% shift
0.12,352,TRUE,TRUE,0.07751832428984877,9.047159903635877e-4,NA,+/-12% shift
0.12,353,TRUE,TRUE,0.0262766081388761,0.5346187670894007,NA,+/-12% shift
0.12,354,TRUE,TRUE,0.471673958907578,0.20124875460899752,NA,+/-12% shift
0.12,355,TRUE,TRUE,0.004886808786967734,0.9224136069436158,NA,+/-12% shift
0.12,356,TRUE,TRUE,6.379949791048897e-4,0.30903849119628246,NA,+/-12% shift
0.12,357,TRUE,TRUE,0.0068615256170836865,0.3976724190037282,NA,+/-12% shift
0.12,358,TRUE,TRUE,0.03932397853377499,0.3517926832653451,NA,+/-12% shift
0.12,359,TRUE,TRUE,6.821128827294202e-5,0.870101306432378,NA,+/-12% shift
0.12,360,TRUE,TRUE,1.3027090962933212e-6,0.6413815669748549,NA,+/-12% shift
0.12,361,TRUE,TRUE,0.537989980969784,0.09547138805888405,NA,+/-12% shift
0.12,362,TRUE,TRUE,0.1002346347529046,0.7193833394549061,NA,+/-12% shift
0.12,363,TRUE,TRUE,0.029669844483759113,0.06383142145173384,NA,+/-12% shift
0.12,364,TRUE,TRUE,5.2317613605699163e-5,0.19620695682987918,NA,+/-12% shift
0.12,365,TRUE,TRUE,0.027929945890201206,0.8752060650577681,NA,+/-12% shift
0.12,366,TRUE,TRUE,0.10224209892836049,0.03598615146911305,NA,+/-12% shift
0.12,367,TRUE,TRUE,3.0876088848359634e-6,0.14251988042226849,NA,+/-12% shift
0.12,368,TRUE,TRUE,0.024769987176745754,0.6680944472553775,NA,+/-12% shift
0.12,369,TRUE,TRUE,0.697226885532716,0.7088117244537846,NA,+/-12% shift
0.12,370,TRUE,TRUE,0.002651430026662575,0.09422457449720541,NA,+/-12% shift
0.12,371,TRUE,TRUE,0.5380362048478908,0.5404485691245587,NA,+/-12% shift
0.12,372,TRUE,TRUE,0.0021225921507726526,0.11989832695155708,NA,+/-12% shift
0.12,373,TRUE,TRUE,0.06710583029897238,0.704207981782077,NA,+/-12% shift
0.12,374,TRUE,TRUE,0.08160157508108273,0.15135643218937408,NA,+/-12% shift
0.12,375,TRUE,TRUE,9.809171337843586e-4,0.31372388767423665,NA,+/-12% shift
0.12,376,TRUE,TRUE,0.02369044269261602,0.21103454425304136,NA,+/-12% shift
0.12,377,TRUE,TRUE,1.7355530745811475e-4,0.009881424614734576,NA,+/-12% shift
0.12,378,TRUE,TRUE,0.026557723538359824,0.4581448668156509,NA,+/-12% shift
0.12,379,TRUE,TRUE,0.3896835995989524,0.16036109811742705,NA,+/-12% shift
0.12,380,TRUE,TRUE,0.04343709123682835,0.0722750636693594,NA,+/-12% shift
0.12,381,TRUE,TRUE,0.010633697998320268,0.12373731813301422,NA,+/-12% shift
0.12,382,TRUE,TRUE,0.061587084770181086,0.26992534746595626,NA,+/-12% shift
0.12,383,TRUE,TRUE,0.011917831548951898,0.8777884000763887,NA,+/-12% shift
0.12,384,TRUE,TRUE,0.004217630020861164,0.7659412697056366,NA,+/-12% shift
0.12,385,TRUE,TRUE,1.9775946694129175e-4,0.326575271709282,NA,+/-12% shift
0.12,386,TRUE,TRUE,0.08424782838018091,0.2030119700499585,NA,+/-12% shift
0.12,387,TRUE,TRUE,0.18918725481646326,0.0065443861456929535,NA,+/-12% shift
0.12,388,TRUE,TRUE,0.44835859038199094,0.10801854626940326,NA,+/-12% shift
0.12,389,TRUE,TRUE,0.006962996496325298,0.21151574508004292,NA,+/-12% shift
0.12,390,TRUE,TRUE,0.00870351546863665,0.876576211637891,NA,+/-12% shift
0.12,391,TRUE,TRUE,0.06239652822559205,0.35203624411384593,NA,+/-12% shift
0.12,392,TRUE,TRUE,0.012809242601658543,0.11408590759981334,NA,+/-12% shift
0.12,393,TRUE,TRUE,0.015298243522075353,0.5910959038805377,NA,+/-12% shift
0.12,394,TRUE,TRUE,0.4287934430846884,0.6598834923480532,NA,+/-12% shift
0.12,395,TRUE,TRUE,1.3655600705204607e-5,0.346364054257983,NA,+/-12% shift
0.12,396,TRUE,TRUE,0.07088870523719316,0.7647684120686542,NA,+/-12% shift
0.12,397,TRUE,TRUE,2.651519575010113e-4,0.2096315430107269,NA,+/-12% shift
0.12,398,TRUE,TRUE,0.056915466048214854,0.9100971997175499,NA,+/-12% shift
0.12,399,TRUE,TRUE,1.5103264371762665e-4,0.31750219127088947,NA,+/-12% shift
0.12,400,TRUE,TRUE,0.00847561286668852,0.8699372627246476,NA,+/-12% shift
0.12,401,TRUE,TRUE,0.02656610630244376,0.32908478289656656,NA,+/-12% shift
0.12,402,TRUE,TRUE,0.3545690628945417,0.9926121144077137,NA,+/-12% shift
0.12,403,TRUE,TRUE,0.005426279405110755,0.22704044539981894,NA,+/-12% shift
0.12,404,TRUE,TRUE,3.686759049762021e-5,0.042104135824075226,NA,+/-12% shift
0.12,405,TRUE,TRUE,0.09351727631978894,0.07343733679554784,NA,+/-12% shift
0.12,406,TRUE,TRUE,1.9283062373270528e-4,0.004028479762112661,NA,+/-12% shift
0.12,407,TRUE,TRUE,0.0051246718500706796,0.9753856591009248,NA,+/-12% shift
0.12,408,TRUE,TRUE,0.014883736668125822,0.7455840533903819,NA,+/-12% shift
0.12,409,TRUE,TRUE,0.17199767561392793,0.3471277045481823,NA,+/-12% shift
0.12,410,TRUE,TRUE,0.2631040104545906,0.005597292175797297,NA,+/-12% shift
0.12,411,TRUE,TRUE,0.4089914706274394,0.10857513149365487,NA,+/-12% shift
0.12,412,TRUE,TRUE,0.0280891877701484,0.10989897830363139,NA,+/-12% shift
0.12,413,TRUE,TRUE,9.104737263031689e-5,0.43130816355712337,NA,+/-12% shift
0.12,414,TRUE,TRUE,0.01797707838825857,0.3924912348031559,NA,+/-12% shift
0.12,415,TRUE,TRUE,0.43185698382773646,0.7756670463230784,NA,+/-12% shift
0.12,416,TRUE,TRUE,3.024904439476056e-4,0.47222643099234557,NA,+/-12% shift
0.12,417,TRUE,TRUE,0.1179355052138874,0.4591847523903264,NA,+/-12% shift
0.12,418,TRUE,TRUE,0.0014191574204610005,0.05224459183740688,NA,+/-12% shift
0.12,419,TRUE,TRUE,8.851460795070867e-5,0.3853444509914452,NA,+/-12% shift
0.12,420,TRUE,TRUE,0.00996190442828494,0.04864301585743565,NA,+/-12% shift
0.12,421,TRUE,TRUE,0.006416254072461292,0.30870640549796835,NA,+/-12% shift
0.12,422,TRUE,TRUE,0.2608603501515122,0.6569588428831921,NA,+/-12% shift
0.12,423,TRUE,TRUE,0.37794189335613887,0.1459294052532188,NA,+/-12% shift
0.12,424,TRUE,TRUE,0.048891803893248945,0.01223186326786865,NA,+/-12% shift
0.12,425,TRUE,TRUE,0.09227446971433445,0.35399517527450836,NA,+/-12% shift
0.12,426,TRUE,TRUE,0.03869415697252015,0.31317834398657407,NA,+/-12% shift
0.12,427,TRUE,TRUE,0.007224414310642652,0.4463178791112675,NA,+/-12% shift
0.12,428,TRUE,TRUE,0.2705426339684815,0.6967070078196673,NA,+/-12% shift
0.12,429,TRUE,TRUE,0.5722834781969809,0.8515214417779928,NA,+/-12% shift
0.12,430,TRUE,TRUE,0.5373584145144397,0.002524826357962993,NA,+/-12% shift
0.12,431,TRUE,TRUE,0.25993512214422654,0.8108413755295599,NA,+/-12% shift
0.12,432,TRUE,TRUE,0.06780749889611401,0.34833216175226706,NA,+/-12% shift
0.12,433,TRUE,TRUE,0.20865004127674797,0.3219390197437379,NA,+/-12% shift
0.12,434,TRUE,TRUE,0.007985231019096851,0.46937716934953005,NA,+/-12% shift
0.12,435,TRUE,TRUE,0.03334419953924021,0.1695094073036797,NA,+/-12% shift
0.12,436,TRUE,TRUE,0.09246943078938064,0.9079550724906129,NA,+/-12% shift
0.12,437,TRUE,TRUE,0.11562395549194579,0.3335605494521031,NA,+/-12% shift
0.12,438,TRUE,TRUE,0.3274404931710538,0.8442440932564216,NA,+/-12% shift
0.12,439,TRUE,TRUE,0.14105848072673063,0.4655506016294765,NA,+/-12% shift
0.12,440,TRUE,TRUE,0.027695907457172743,0.059140603679799605,NA,+/-12% shift
0.12,441,TRUE,TRUE,0.024970590255941186,0.8711978557283969,NA,+/-12% shift
0.12,442,TRUE,TRUE,0.07890275542375703,0.8730295889000768,NA,+/-12% shift
0.12,443,TRUE,TRUE,0.379916743713808,0.37653794365760923,NA,+/-12% shift
0.12,444,TRUE,TRUE,0.4964320664762532,0.836108345181942,NA,+/-12% shift
0.12,445,TRUE,TRUE,0.0015588113053143237,0.7705483600789591,NA,+/-12% shift
0.12,446,TRUE,TRUE,0.012739894996428984,0.36699284934171705,NA,+/-12% shift
0.12,447,TRUE,TRUE,0.005663332722882642,0.4200180366462228,NA,+/-12% shift
0.12,448,TRUE,TRUE,0.003981165549217098,0.7320671812657094,NA,+/-12% shift
0.12,449,TRUE,TRUE,0.022701370492057307,0.6238228646729355,NA,+/-12% shift
0.12,450,TRUE,TRUE,0.0016843842031080173,0.1189476451041495,NA,+/-12% shift
0.12,451,TRUE,TRUE,0.006220856475631838,0.021516264057781637,NA,+/-12% shift
0.12,452,TRUE,TRUE,0.00716747193780728,0.14669692597390166,NA,+/-12% shift
0.12,453,TRUE,TRUE,0.11393552610963699,0.24028224687248412,NA,+/-12% shift
0.12,454,TRUE,TRUE,0.0015071766618489192,0.2657406132303273,NA,+/-12% shift
0.12,455,TRUE,TRUE,0.0342487240246635,0.8842307244861292,NA,+/-12% shift
0.12,456,TRUE,TRUE,0.00659219368360257,0.6171936248208696,NA,+/-12% shift
0.12,457,TRUE,TRUE,3.508059138067466e-4,0.7695492996020373,NA,+/-12% shift
0.12,458,TRUE,TRUE,2.6073762296370293e-5,0.7357214366711295,NA,+/-12% shift
0.12,459,TRUE,TRUE,0.05115598511270622,0.09458218067765693,NA,+/-12% shift
0.12,460,TRUE,TRUE,0.09160760687591443,0.6962100265421806,NA,+/-12% shift
0.12,461,TRUE,TRUE,0.031272000198170335,0.07157993313968246,NA,+/-12% shift
0.12,462,TRUE,TRUE,0.008698883621641226,0.20833124896864055,NA,+/-12% shift
0.12,463,TRUE,TRUE,0.01739551006810058,0.7139859047861963,NA,+/-12% shift
0.12,464,TRUE,TRUE,0.09326028635838352,0.7030285968015938,NA,+/-12% shift
0.12,465,TRUE,TRUE,0.1116892320436424,0.7016068298383438,NA,+/-12% shift
0.12,466,TRUE,TRUE,0.015441424821123227,0.7795178948694662,NA,+/-12% shift
0.12,467,TRUE,TRUE,0.11458323603868112,0.02355761273834089,NA,+/-12% shift
0.12,468,TRUE,TRUE,0.07117913244028862,0.46015451873327073,NA,+/-12% shift
0.12,469,TRUE,TRUE,0.06333324090204237,0.757065789902633,NA,+/-12% shift
0.12,470,TRUE,TRUE,0.28644683503632695,0.42647475574291077,NA,+/-12% shift
0.12,471,TRUE,TRUE,0.3533656963850398,0.38274658500692,NA,+/-12% shift
0.12,472,TRUE,TRUE,0.1387781602925944,0.953787289583683,NA,+/-12% shift
0.12,473,TRUE,TRUE,1.139680830598741e-5,0.150888728154324,NA,+/-12% shift
0.12,474,TRUE,TRUE,0.0026108691737015324,0.043057395400470135,NA,+/-12% shift
0.12,475,TRUE,TRUE,0.008025140493776109,0.41396679749331267,NA,+/-12% shift
0.12,476,TRUE,TRUE,0.28294653515471596,0.03942999948599759,NA,+/-12% shift
0.12,477,TRUE,TRUE,0.0013049670331176015,0.13021491412370723,NA,+/-12% shift
0.12,478,TRUE,TRUE,0.003452147615232612,0.5051857044528353,NA,+/-12% shift
0.12,479,TRUE,TRUE,0.024787057005457615,0.4582282379098525,NA,+/-12% shift
0.12,480,TRUE,TRUE,0.11425392359074295,0.04426391131934576,NA,+/-12% shift
0.12,481,TRUE,TRUE,4.404866347134477e-7,0.8026059005379808,NA,+/-12% shift
0.12,482,TRUE,TRUE,0.12010041138364648,0.025820166292632073,NA,+/-12% shift
0.12,483,TRUE,TRUE,5.526238582659152e-4,0.9965866101723617,NA,+/-12% shift
0.12,484,TRUE,TRUE,0.4698514810351331,0.2918526824398774,NA,+/-12% shift
0.12,485,TRUE,TRUE,0.24948006738572964,0.3383136268543748,NA,+/-12% shift
0.12,486,TRUE,TRUE,0.27998248725381847,0.002180940468236242,NA,+/-12% shift
0.12,487,TRUE,TRUE,0.003741876825240768,0.04533896654614211,NA,+/-12% shift
0.12,488,TRUE,TRUE,0.09387349350302598,0.06716428672371538,NA,+/-12% shift
0.12,489,TRUE,TRUE,0.35554993662533535,0.25363729360274084,NA,+/-12% shift
0.12,490,TRUE,TRUE,0.0020492177269426574,0.748080793547109,NA,+/-12% shift
0.12,491,TRUE,TRUE,0.0038474430002660457,0.6413375034567287,NA,+/-12% shift
0.12,492,TRUE,TRUE,0.0011910208021656023,0.008721123405593095,NA,+/-12% shift
0.12,493,TRUE,TRUE,0.0022100690155689756,0.16880321168794005,NA,+/-12% shift
0.12,494,TRUE,TRUE,0.0348736616378201,0.47793105799680163,NA,+/-12% shift
0.12,495,TRUE,TRUE,0.02579668902247756,0.2462500026738263,NA,+/-12% shift
0.12,496,TRUE,TRUE,0.21777745619655264,0.08925677251757255,NA,+/-12% shift
0.12,497,TRUE,TRUE,0.032453721857727234,0.01631498930314202,NA,+/-12% shift
0.12,498,TRUE,TRUE,0.5215269214186792,0.34761774523550093,NA,+/-12% shift
0.12,499,TRUE,TRUE,1.658061117513611e-5,0.3385332237546174,NA,+/-12% shift
0.12,500,TRUE,TRUE,0.04464174599608466,0.13991751124960145,NA,+/-12% shift
0.16,1,TRUE,TRUE,0.012328721880285902,0.496372872814468,NA,+/-16% shift
0.16,2,TRUE,TRUE,0.044371299666752316,0.16137690908559357,NA,+/-16% shift
0.16,3,TRUE,TRUE,0.004623992369023435,0.8793051508260267,NA,+/-16% shift
0.16,4,TRUE,TRUE,1.0385473087839238e-4,0.14637308385593883,NA,+/-16% shift
0.16,5,TRUE,TRUE,1.395129282193063e-4,0.8052691104365769,NA,+/-16% shift
0.16,6,TRUE,TRUE,4.706838197138604e-4,0.6819997527416561,NA,+/-16% shift
0.16,7,TRUE,TRUE,0.0067938407773194594,0.5805434971128798,NA,+/-16% shift
0.16,8,TRUE,TRUE,4.3585881190652734e-7,0.8495506105018088,NA,+/-16% shift
0.16,9,TRUE,TRUE,0.00831665624713391,0.009512677885147007,NA,+/-16% shift
0.16,10,TRUE,TRUE,0.24481528208008713,0.46698110050700975,NA,+/-16% shift
0.16,11,TRUE,TRUE,0.06887833148643305,0.34519599182481303,NA,+/-16% shift
0.16,12,TRUE,TRUE,4.130439155851268e-4,0.6256232211348569,NA,+/-16% shift
0.16,13,TRUE,TRUE,0.0021633905194829006,0.9067136187731396,NA,+/-16% shift
0.16,14,TRUE,TRUE,0.020534154412014657,0.3652479088939911,NA,+/-16% shift
0.16,15,TRUE,TRUE,9.357220694961306e-4,0.09081979574494443,NA,+/-16% shift
0.16,16,TRUE,TRUE,0.0024089758259457196,0.134048942351086,NA,+/-16% shift
0.16,17,TRUE,TRUE,5.21989087139914e-5,0.9257901731665849,NA,+/-16% shift
0.16,18,TRUE,TRUE,0.008938625352540771,0.7299108091416884,NA,+/-16% shift
0.16,19,TRUE,TRUE,1.2971808928606551e-4,0.7114105726630828,NA,+/-16% shift
0.16,20,TRUE,TRUE,6.617966300458501e-5,0.9641441325515645,NA,+/-16% shift
0.16,21,TRUE,TRUE,2.8686195547858782e-5,0.006050216093126557,NA,+/-16% shift
0.16,22,TRUE,TRUE,0.009685659270866766,0.8599835363505198,NA,+/-16% shift
0.16,23,TRUE,TRUE,3.912452559330225e-5,0.8964565115068449,NA,+/-16% shift
0.16,24,TRUE,TRUE,0.00689874374709241,0.46576572143164324,NA,+/-16% shift
0.16,25,TRUE,TRUE,0.0020255709481820936,0.7639813374475354,NA,+/-16% shift
0.16,26,TRUE,TRUE,0.37746622488114384,0.387432318681055,NA,+/-16% shift
0.16,27,TRUE,TRUE,0.0831995899582644,0.8152077603700041,NA,+/-16% shift
0.16,28,TRUE,TRUE,0.0031718694980482865,0.0595004050332538,NA,+/-16% shift
0.16,29,TRUE,TRUE,0.06589519559731577,0.8443716025637628,NA,+/-16% shift
0.16,30,TRUE,TRUE,6.234134147718685e-5,0.2565994914557544,NA,+/-16% shift
0.16,31,TRUE,TRUE,2.992367093514945e-5,0.1025222826276436,NA,+/-16% shift
0.16,32,TRUE,TRUE,6.318589974532496e-4,0.0314305059508572,NA,+/-16% shift
0.16,33,TRUE,TRUE,0.0026916530938257306,0.8588489543849165,NA,+/-16% shift
0.16,34,TRUE,TRUE,0.002713748466914276,0.19142507790879873,NA,+/-16% shift
0.16,35,TRUE,TRUE,0.004073212513333241,0.4258750678487867,NA,+/-16% shift
0.16,36,TRUE,TRUE,1.1652794024632397e-6,0.22254757156039817,NA,+/-16% shift
0.16,37,TRUE,TRUE,0.05133865823047957,0.46349597242433804,NA,+/-16% shift
0.16,38,TRUE,TRUE,0.0029786856350178972,0.4144539671191691,NA,+/-16% shift
0.16,39,TRUE,TRUE,0.0013769591071927877,0.5751630082368995,NA,+/-16% shift
0.16,40,TRUE,TRUE,5.6969798814445514e-8,0.4182775299316264,NA,+/-16% shift
0.16,41,TRUE,TRUE,0.0022391834427498273,0.14796994362137866,NA,+/-16% shift
0.16,42,TRUE,TRUE,1.0416746080745524e-6,0.5995491529094523,NA,+/-16% shift
0.16,43,TRUE,TRUE,0.0019502907026328444,0.5914276271774492,NA,+/-16% shift
0.16,44,TRUE,TRUE,0.09866659275135845,0.9586903186465567,NA,+/-16% shift
0.16,45,TRUE,TRUE,9.776726600588554e-6,0.29072882041739856,NA,+/-16% shift
0.16,46,TRUE,TRUE,2.0661102464116657e-5,0.7312471138232961,NA,+/-16% shift
0.16,47,TRUE,TRUE,9.420667046997261e-4,0.19892849886986128,NA,+/-16% shift
0.16,48,TRUE,TRUE,0.24468812509793642,0.729277152830236,NA,+/-16% shift
0.16,49,TRUE,TRUE,6.396352736903907e-5,0.3495143867406475,NA,+/-16% shift
0.16,50,TRUE,TRUE,9.264564285312546e-5,0.09551601630878627,NA,+/-16% shift
0.16,51,TRUE,TRUE,0.006538429123097228,0.04255989861449991,NA,+/-16% shift
0.16,52,TRUE,TRUE,7.371571083501989e-6,0.06750993979400959,NA,+/-16% shift
0.16,53,TRUE,TRUE,8.295673751432295e-4,0.666396655386208,NA,+/-16% shift
0.16,54,TRUE,TRUE,5.51230985601832e-4,0.74889560327535,NA,+/-16% shift
0.16,55,TRUE,TRUE,0.015495986366626132,0.3463386608148247,NA,+/-16% shift
0.16,56,TRUE,TRUE,0.0034022227533268665,0.3754516706273765,NA,+/-16% shift
0.16,57,TRUE,TRUE,0.004106224301107599,0.8395935233888525,NA,+/-16% shift
0.16,58,TRUE,TRUE,0.0733169676216263,0.1306675496476434,NA,+/-16% shift
0.16,59,TRUE,TRUE,0.07461530920112991,0.03456694593544094,NA,+/-16% shift
0.16,60,TRUE,TRUE,0.008032240208303159,0.548027896689061,NA,+/-16% shift
0.16,61,TRUE,TRUE,6.691890774308604e-4,0.18578818365541927,NA,+/-16% shift
0.16,62,TRUE,TRUE,0.0523572542238922,0.23037054994448436,NA,+/-16% shift
0.16,63,TRUE,TRUE,1.3058148747436513e-4,0.6930864894792441,NA,+/-16% shift
0.16,64,TRUE,TRUE,0.003116904080004857,0.1287376056720804,NA,+/-16% shift
0.16,65,TRUE,TRUE,0.01640765628641824,0.8141968189408854,NA,+/-16% shift
0.16,66,TRUE,TRUE,0.027282033240568705,0.663966739603955,NA,+/-16% shift
0.16,67,TRUE,TRUE,4.745482970187036e-4,0.6004734159909424,NA,+/-16% shift
0.16,68,TRUE,TRUE,3.270691068490386e-7,0.46459624833433655,NA,+/-16% shift
0.16,69,TRUE,TRUE,6.952956512834109e-6,0.15725698946287872,NA,+/-16% shift
0.16,70,TRUE,TRUE,0.0073682386014230885,0.33661820847633933,NA,+/-16% shift
0.16,71,TRUE,TRUE,3.060450463446583e-4,0.5433591745108587,NA,+/-16% shift
0.16,72,TRUE,TRUE,1.2862415267182988e-4,0.6719690283342479,NA,+/-16% shift
0.16,73,TRUE,TRUE,0.007941396248915888,0.4526952522922016,NA,+/-16% shift
0.16,74,TRUE,TRUE,0.012317965345483885,0.23790798802546245,NA,+/-16% shift
0.16,75,TRUE,TRUE,0.0010052297301791238,0.5326892395090983,NA,+/-16% shift
0.16,76,TRUE,TRUE,2.592778218610447e-4,0.8362185312023215,NA,+/-16% shift
0.16,77,TRUE,TRUE,0.05799663615760845,0.5613676592090249,NA,+/-16% shift
0.16,78,TRUE,TRUE,0.017547274693608332,0.7693172024952993,NA,+/-16% shift
0.16,79,TRUE,TRUE,0.01539751690420857,0.013855357013695915,NA,+/-16% shift
0.16,80,TRUE,TRUE,0.19431894655783183,0.45583105952100256,NA,+/-16% shift
0.16,81,TRUE,TRUE,0.004211339400778113,0.4225714221840852,NA,+/-16% shift
0.16,82,TRUE,TRUE,7.48227448803627e-4,0.17761206737470328,NA,+/-16% shift
0.16,83,TRUE,TRUE,6.617209031141133e-5,0.7070120979946253,NA,+/-16% shift
0.16,84,TRUE,TRUE,1.4660006499115218e-4,0.38923930329879014,NA,+/-16% shift
0.16,85,TRUE,TRUE,5.021290917823131e-5,0.2527487756687861,NA,+/-16% shift
0.16,86,TRUE,TRUE,2.560712609095116e-4,0.013666260262532386,NA,+/-16% shift
0.16,87,TRUE,TRUE,3.000959888299582e-4,0.17496059320397048,NA,+/-16% shift
0.16,88,TRUE,TRUE,5.536259575310924e-6,0.2803743817158538,NA,+/-16% shift
0.16,89,TRUE,TRUE,6.904741908189158e-4,0.33198396779613076,NA,+/-16% shift
0.16,90,TRUE,TRUE,0.01751009335592227,0.2609839928889701,NA,+/-16% shift
0.16,91,TRUE,TRUE,0.0010261363118817858,0.7700828847464009,NA,+/-16% shift
0.16,92,TRUE,TRUE,1.0329510379201683e-8,0.9879508595894374,NA,+/-16% shift
0.16,93,TRUE,TRUE,2.4096154584282807e-7,0.22729203296569644,NA,+/-16% shift
0.16,94,TRUE,TRUE,0.005643764810654523,0.14050427092687304,NA,+/-16% shift
0.16,95,TRUE,TRUE,0.10108014610381222,0.043558421864442004,NA,+/-16% shift
0.16,96,TRUE,TRUE,0.3117466682992831,0.3554824945077818,NA,+/-16% shift
0.16,97,TRUE,TRUE,0.015449486974442421,0.8671553567097479,NA,+/-16% shift
0.16,98,TRUE,TRUE,0.021889575227074055,0.0083218958989975,NA,+/-16% shift
0.16,99,TRUE,TRUE,1.3200612922679162e-5,0.6179340256719206,NA,+/-16% shift
0.16,100,TRUE,TRUE,0.005754271273301265,6.955969403238561e-5,NA,+/-16% shift
0.16,101,TRUE,TRUE,1.344705319852691e-7,0.43197428589096293,NA,+/-16% shift
0.16,102,TRUE,TRUE,4.6182932877612343e-4,0.6477671160998706,NA,+/-16% shift
0.16,103,TRUE,TRUE,0.00519979891906506,0.2415192483664932,NA,+/-16% shift
0.16,104,TRUE,TRUE,1.8596544085683008e-6,0.05318573046952854,NA,+/-16% shift
0.16,105,TRUE,TRUE,4.32346780269913e-7,0.9690971888379082,NA,+/-16% shift
0.16,106,TRUE,TRUE,0.03298233768264641,0.7405809171729277,NA,+/-16% shift
0.16,107,TRUE,TRUE,0.02846839702588706,0.257265812704617,NA,+/-16% shift
0.16,108,TRUE,TRUE,0.007513989025016351,0.9410302073447627,NA,+/-16% shift
0.16,109,TRUE,TRUE,5.427430576626765e-8,0.4262197682808463,NA,+/-16% shift
0.16,110,TRUE,TRUE,1.508757618078637e-4,0.11450243961909379,NA,+/-16% shift
0.16,111,TRUE,TRUE,4.369329284052382e-4,0.10726335289862111,NA,+/-16% shift
0.16,112,TRUE,TRUE,0.0329474101683011,0.05042014839779224,NA,+/-16% shift
0.16,113,TRUE,TRUE,0.019991202370522817,0.49340806737323134,NA,+/-16% shift
0.16,114,TRUE,TRUE,0.0061852989072765175,0.11582800740725716,NA,+/-16% shift
0.16,115,TRUE,TRUE,0.03999307042597221,0.19202648531072386,NA,+/-16% shift
0.16,116,TRUE,TRUE,1.0784603856499547e-4,0.46924204950040466,NA,+/-16% shift
0.16,117,TRUE,TRUE,0.001290519683985736,0.023124562709328004,NA,+/-16% shift
0.16,118,TRUE,TRUE,3.036795922968466e-6,0.686438085920575,NA,+/-16% shift
0.16,119,TRUE,TRUE,0.01776224204773636,0.4347353443091739,NA,+/-16% shift
0.16,120,TRUE,TRUE,1.9944522330363852e-4,0.34564506105548604,NA,+/-16% shift
0.16,121,TRUE,TRUE,1.5757336288759166e-4,0.03544966585650838,NA,+/-16% shift
0.16,122,TRUE,TRUE,7.786492386916487e-4,0.19254448601306906,NA,+/-16% shift
0.16,123,TRUE,TRUE,8.286842188928437e-6,0.557029851646877,NA,+/-16% shift
0.16,124,TRUE,TRUE,2.3100612258575428e-5,0.029562533650803875,NA,+/-16% shift
0.16,125,TRUE,TRUE,0.006748019071808511,0.7136609939443298,NA,+/-16% shift
0.16,126,TRUE,TRUE,0.1088222498489036,0.24777610103430361,NA,+/-16% shift
0.16,127,TRUE,TRUE,1.389683727408037e-4,0.08678747639317584,NA,+/-16% shift
0.16,128,TRUE,TRUE,0.013110626559870699,0.5032567495423135,NA,+/-16% shift
0.16,129,TRUE,TRUE,0.006062114558031552,0.7035598562379743,NA,+/-16% shift
0.16,130,TRUE,TRUE,0.001969567304783682,0.2779233007191766,NA,+/-16% shift
0.16,131,TRUE,TRUE,5.387361467339534e-4,0.7879866270174183,NA,+/-16% shift
0.16,132,TRUE,TRUE,0.14299140089737214,0.343132972424555,NA,+/-16% shift
0.16,133,TRUE,TRUE,2.545433625611224e-6,0.8337531217842724,NA,+/-16% shift
0.16,134,TRUE,TRUE,0.02875202987001409,0.5970716043066286,NA,+/-16% shift
0.16,135,TRUE,TRUE,0.014759564375228434,0.05434773327811812,NA,+/-16% shift
0.16,136,TRUE,TRUE,8.502270284124145e-5,0.003400418440252752,NA,+/-16% shift
0.16,137,TRUE,TRUE,0.010839201921297269,0.2811499463633635,NA,+/-16% shift
0.16,138,TRUE,TRUE,2.2451384760700794e-5,0.9721782616864808,NA,+/-16% shift
0.16,139,TRUE,TRUE,3.4356155077093433e-6,0.4972207283795628,NA,+/-16% shift
0.16,140,TRUE,TRUE,3.3650679830404476e-4,0.865638013085155,NA,+/-16% shift
0.16,141,TRUE,TRUE,0.0022088460215650006,0.8375166027065183,NA,+/-16% shift
0.16,142,TRUE,TRUE,0.03809741739892998,0.1673385536816855,NA,+/-16% shift
0.16,143,TRUE,TRUE,5.996856202756966e-4,0.03292021633852843,NA,+/-16% shift
0.16,144,TRUE,TRUE,0.012755059175819906,0.017971551057022406,NA,+/-16% shift
0.16,145,TRUE,TRUE,0.0012633752858513755,0.4228220485482568,NA,+/-16% shift
0.16,146,TRUE,TRUE,1.4537427925798832e-5,0.01313968872905113,NA,+/-16% shift
0.16,147,TRUE,TRUE,3.122476491373372e-4,0.183723062404551,NA,+/-16% shift
0.16,148,TRUE,TRUE,6.997819825634789e-4,0.18324039140291898,NA,+/-16% shift
0.16,149,TRUE,TRUE,6.917513183475136e-4,0.41080424705068147,NA,+/-16% shift
0.16,150,TRUE,TRUE,0.11067845130719128,0.9752083133233034,NA,+/-16% shift
0.16,151,TRUE,TRUE,1.622952564516268e-5,0.5565827344377448,NA,+/-16% shift
0.16,152,TRUE,TRUE,0.02676272968865642,0.037753792592976794,NA,+/-16% shift
0.16,153,TRUE,TRUE,0.016674823806039903,0.8456325013195153,NA,+/-16% shift
0.16,154,TRUE,TRUE,0.04989953613920943,0.4940626564564067,NA,+/-16% shift
0.16,155,TRUE,TRUE,1.271002949245564e-4,0.9680725820416408,NA,+/-16% shift
0.16,156,TRUE,TRUE,0.523145256145718,0.37335325834797967,NA,+/-16% shift
0.16,157,TRUE,TRUE,3.582125872219903e-6,0.19154304292789098,NA,+/-16% shift
0.16,158,TRUE,TRUE,0.0014708925437059448,0.3098596405280211,NA,+/-16% shift
0.16,159,TRUE,TRUE,0.005525788289215494,0.932241097752819,NA,+/-16% shift
0.16,160,TRUE,TRUE,6.964123521852975e-10,0.3499957316043476,NA,+/-16% shift
0.16,161,TRUE,TRUE,3.3671932135614436e-4,0.7294908190929961,NA,+/-16% shift
0.16,162,TRUE,TRUE,0.0130584289528409,0.047923057498869624,NA,+/-16% shift
0.16,163,TRUE,TRUE,6.82737024098108e-4,0.8711382184963797,NA,+/-16% shift
0.16,164,TRUE,TRUE,0.003765296561246209,0.12738543924154835,NA,+/-16% shift
0.16,165,TRUE,TRUE,0.01901475390224053,0.0380423072550512,NA,+/-16% shift
0.16,166,TRUE,TRUE,0.008976226767671751,0.5938448746138363,NA,+/-16% shift
0.16,167,TRUE,TRUE,0.0074584218996141165,0.9817176294709817,NA,+/-16% shift
0.16,168,TRUE,TRUE,0.004858598174698761,0.9315074752453995,NA,+/-16% shift
0.16,169,TRUE,TRUE,6.01156363184103e-9,0.6064309180753247,NA,+/-16% shift
0.16,170,TRUE,TRUE,0.00353049076506979,0.7828715329270852,NA,+/-16% shift
0.16,171,TRUE,TRUE,8.178271387208379e-5,0.9665948804397011,NA,+/-16% shift
0.16,172,TRUE,TRUE,2.0484589435848565e-5,0.39554765321380336,NA,+/-16% shift
0.16,173,TRUE,TRUE,0.0012731408716779673,0.7071116468076906,NA,+/-16% shift
0.16,174,TRUE,TRUE,4.2247699754408345e-5,0.22046369104062505,NA,+/-16% shift
0.16,175,TRUE,TRUE,1.0239478478871585e-6,0.49380137594668083,NA,+/-16% shift
0.16,176,TRUE,TRUE,0.01588521980049292,0.9157581497736276,NA,+/-16% shift
0.16,177,TRUE,TRUE,0.025414498557034156,0.28110799993552993,NA,+/-16% shift
0.16,178,TRUE,TRUE,0.006871300692016696,0.17757548803608017,NA,+/-16% shift
0.16,179,TRUE,TRUE,0.002874820012754465,0.6300920188795416,NA,+/-16% shift
0.16,180,TRUE,TRUE,0.02574443454279608,0.19643935565598794,NA,+/-16% shift
0.16,181,TRUE,TRUE,1.71485265793532e-4,0.7719401865897626,NA,+/-16% shift
0.16,182,TRUE,TRUE,0.006977404102662883,0.21107604751066805,NA,+/-16% shift
0.16,183,TRUE,TRUE,0.1243295078126297,0.2445661446403438,NA,+/-16% shift
0.16,184,TRUE,TRUE,8.051430781465425e-6,0.5325678468223124,NA,+/-16% shift
0.16,185,TRUE,TRUE,5.690202582451584e-4,0.9714792894123361,NA,+/-16% shift
0.16,186,TRUE,TRUE,0.011620777754946979,0.4849633830797383,NA,+/-16% shift
0.16,187,TRUE,TRUE,6.760186872253822e-5,0.5822930051245253,NA,+/-16% shift
0.16,188,TRUE,TRUE,0.003833995271805038,0.3267609585551999,NA,+/-16% shift
0.16,189,TRUE,TRUE,7.852621114639005e-5,0.9266274384837009,NA,+/-16% shift
0.16,190,TRUE,TRUE,8.827208143508158e-7,0.9445789243398315,NA,+/-16% shift
0.16,191,TRUE,TRUE,0.0012457513923142408,0.6764244193085508,NA,+/-16% shift
0.16,192,TRUE,TRUE,5.207630748770695e-5,0.9240142492685149,NA,+/-16% shift
0.16,193,TRUE,TRUE,0.003380464254782845,0.8987513471276538,NA,+/-16% shift
0.16,194,TRUE,TRUE,0.003822149297552026,0.9629460428583327,NA,+/-16% shift
0.16,195,TRUE,TRUE,2.5607363575139336e-5,0.06722822751315727,NA,+/-16% shift
0.16,196,TRUE,TRUE,3.044237202724122e-7,0.2906024510076641,NA,+/-16% shift
0.16,197,TRUE,TRUE,0.003382533365636696,0.37600515164649034,NA,+/-16% shift
0.16,198,TRUE,TRUE,0.005235922725926599,0.6652231137176433,NA,+/-16% shift
0.16,199,TRUE,TRUE,0.002882723576102709,0.9913692241426394,NA,+/-16% shift
0.16,200,TRUE,TRUE,0.004865013395421262,0.1016720530524434,NA,+/-16% shift
0.16,201,TRUE,TRUE,0.028001928750125124,0.08428382040823158,NA,+/-16% shift
0.16,202,TRUE,TRUE,0.0010252609994103159,0.2222584326819677,NA,+/-16% shift
0.16,203,TRUE,TRUE,3.6063710980328854e-5,0.6043269807113129,NA,+/-16% shift
0.16,204,TRUE,TRUE,7.944372606058826e-4,0.5852170308547981,NA,+/-16% shift
0.16,205,TRUE,TRUE,1.5962574353764241e-6,0.2315757548410603,NA,+/-16% shift
0.16,206,TRUE,TRUE,0.014879743445986944,0.6627413864028794,NA,+/-16% shift
0.16,207,TRUE,TRUE,5.745508477664361e-5,0.23320142992885856,NA,+/-16% shift
0.16,208,TRUE,TRUE,0.0011279606579281056,0.16312166038252637,NA,+/-16% shift
0.16,209,TRUE,TRUE,0.08648519854580973,0.8178541956103211,NA,+/-16% shift
0.16,210,TRUE,TRUE,0.02981947844852173,0.9945600076961805,NA,+/-16% shift
0.16,211,TRUE,TRUE,0.007098566899417087,0.6224731473206455,NA,+/-16% shift
0.16,212,TRUE,TRUE,6.101930835142199e-7,0.1683280691777588,NA,+/-16% shift
0.16,213,TRUE,TRUE,0.014429358592958645,0.9887441459306386,NA,+/-16% shift
0.16,214,TRUE,TRUE,2.704932065454151e-9,0.17594232834009765,NA,+/-16% shift
0.16,215,TRUE,TRUE,2.133718652553017e-6,0.22213279891932053,NA,+/-16% shift
0.16,216,TRUE,TRUE,0.003931694854247839,0.004895479769213562,NA,+/-16% shift
0.16,217,TRUE,TRUE,0.04644258877620729,0.19903153108454744,NA,+/-16% shift
0.16,218,TRUE,TRUE,0.0016652444733208887,0.6862042737702401,NA,+/-16% shift
0.16,219,TRUE,TRUE,0.03311226768608865,0.39135642168829016,NA,+/-16% shift
0.16,220,TRUE,TRUE,0.016154761636148145,0.6217330407874146,NA,+/-16% shift
0.16,221,TRUE,TRUE,7.272646459682519e-4,0.019815359295049687,NA,+/-16% shift
0.16,222,TRUE,TRUE,0.019869053613333097,0.0043822671142319,NA,+/-16% shift
0.16,223,TRUE,TRUE,0.001050086543513498,0.1939056376683214,NA,+/-16% shift
0.16,224,TRUE,TRUE,0.0013606432574130795,0.1795406941151866,NA,+/-16% shift
0.16,225,TRUE,TRUE,0.21649738962996484,0.2262099981399743,NA,+/-16% shift
0.16,226,TRUE,TRUE,1.1818464508340857e-4,0.021020806115260582,NA,+/-16% shift
0.16,227,TRUE,TRUE,0.0028631447635611264,0.008405022294029415,NA,+/-16% shift
0.16,228,TRUE,TRUE,0.0067304033948174195,0.9778773891012802,NA,+/-16% shift
0.16,229,TRUE,TRUE,8.12945389947776e-6,0.3840396859925023,NA,+/-16% shift
0.16,230,TRUE,TRUE,0.5035725590305221,0.39665572498675356,NA,+/-16% shift
0.16,231,TRUE,TRUE,0.008469063766527264,0.7955124413388037,NA,+/-16% shift
0.16,232,TRUE,TRUE,3.0646916408300165e-8,0.7235792264024453,NA,+/-16% shift
0.16,233,TRUE,TRUE,2.8857113265218167e-7,0.251421560259617,NA,+/-16% shift
0.16,234,TRUE,TRUE,1.2800509487430029e-6,0.27187579251074967,NA,+/-16% shift
0.16,235,TRUE,TRUE,1.0999089962325314e-4,0.2306749673110984,NA,+/-16% shift
0.16,236,TRUE,TRUE,0.007067977391534195,0.7720981749063153,NA,+/-16% shift
0.16,237,TRUE,TRUE,0.04131954893652079,0.4708797882873384,NA,+/-16% shift
0.16,238,TRUE,TRUE,0.01772715232336139,0.14501896672820797,NA,+/-16% shift
0.16,239,TRUE,TRUE,0.01993005884687701,0.3462847836305771,NA,+/-16% shift
0.16,240,TRUE,TRUE,4.447184908001583e-6,0.44505564003545556,NA,+/-16% shift
0.16,241,TRUE,TRUE,1.7306334887351178e-4,0.3404059471264392,NA,+/-16% shift
0.16,242,TRUE,TRUE,0.002431660653809172,0.07204740992462887,NA,+/-16% shift
0.16,243,TRUE,TRUE,0.033812136594301226,0.4464719204444426,NA,+/-16% shift
0.16,244,TRUE,TRUE,2.6587771850544115e-4,0.691289790223446,NA,+/-16% shift
0.16,245,TRUE,TRUE,0.0019001432343059071,0.5861692778168374,NA,+/-16% shift
0.16,246,TRUE,TRUE,0.011501392159165413,0.6388082521798021,NA,+/-16% shift
0.16,247,TRUE,TRUE,1.6220751105486256e-5,0.41778604435991057,NA,+/-16% shift
0.16,248,TRUE,TRUE,2.3457751167220096e-6,0.13480338583613255,NA,+/-16% shift
0.16,249,TRUE,TRUE,0.007885861525896577,0.6027746895855027,NA,+/-16% shift
0.16,250,TRUE,TRUE,0.015019479097849437,0.13803209070487701,NA,+/-16% shift
0.16,251,TRUE,TRUE,4.3119565761465904e-9,0.417283613761355,NA,+/-16% shift
0.16,252,TRUE,TRUE,0.002351176826405276,0.9619614486717903,NA,+/-16% shift
0.16,253,TRUE,TRUE,1.061537625327256e-4,0.6666738142994683,NA,+/-16% shift
0.16,254,TRUE,TRUE,0.0017998435052607748,0.35520010202966806,NA,+/-16% shift
0.16,255,TRUE,TRUE,0.007325429449034179,0.3877815316272114,NA,+/-16% shift
0.16,256,TRUE,TRUE,7.386955854711205e-4,0.8090860348656397,NA,+/-16% shift
0.16,257,TRUE,TRUE,2.721789697155541e-8,0.06525923953774392,NA,+/-16% shift
0.16,258,TRUE,TRUE,0.08084319327415863,0.6804652382365877,NA,+/-16% shift
0.16,259,TRUE,TRUE,0.06740558731927396,0.004770553263425004,NA,+/-16% shift
0.16,260,TRUE,TRUE,8.202875199891864e-4,0.012530265378604494,NA,+/-16% shift
0.16,261,TRUE,TRUE,0.004396937564832123,0.7136132713412167,NA,+/-16% shift
0.16,262,TRUE,TRUE,0.01993878287180369,0.38929646151953906,NA,+/-16% shift
0.16,263,TRUE,TRUE,4.858652435155567e-9,0.6706171502054828,NA,+/-16% shift
0.16,264,TRUE,TRUE,0.0052230740861709405,0.9649919575769965,NA,+/-16% shift
0.16,265,TRUE,TRUE,0.05849784152106858,0.15833521720874255,NA,+/-16% shift
0.16,266,TRUE,TRUE,0.001480925016719299,0.5163323085829045,NA,+/-16% shift
0.16,267,TRUE,TRUE,0.0049084002208034634,0.5375011900900076,NA,+/-16% shift
0.16,268,TRUE,TRUE,0.0070277270533789255,0.4146285557434681,NA,+/-16% shift
0.16,269,TRUE,TRUE,2.673817400180128e-5,0.3913375333750063,NA,+/-16% shift
0.16,270,TRUE,TRUE,9.559711047203122e-4,0.05045138830934017,NA,+/-16% shift
0.16,271,TRUE,TRUE,7.300758201143714e-6,0.3015563736163491,NA,+/-16% shift
0.16,272,TRUE,TRUE,0.020043863444649004,0.8022864034154074,NA,+/-16% shift
0.16,273,TRUE,TRUE,0.024875847405087432,0.10701656089758756,NA,+/-16% shift
0.16,274,TRUE,TRUE,0.012520162870849127,0.33179497436524935,NA,+/-16% shift
0.16,275,TRUE,TRUE,2.7586021569154015e-4,0.3334365699278882,NA,+/-16% shift
0.16,276,TRUE,TRUE,0.00447844957425227,0.6726575795257554,NA,+/-16% shift
0.16,277,TRUE,TRUE,0.039871540341304086,0.14964992786349027,NA,+/-16% shift
0.16,278,TRUE,TRUE,5.567686417753575e-7,0.4108172593244166,NA,+/-16% shift
0.16,279,TRUE,TRUE,0.008663392044334483,0.09670067951724144,NA,+/-16% shift
0.16,280,TRUE,TRUE,0.0021235709262031784,0.15874940446703542,NA,+/-16% shift
0.16,281,TRUE,TRUE,0.1088046700246146,0.0298265714861135,NA,+/-16% shift
0.16,282,TRUE,TRUE,6.201711387796833e-5,0.5043494953027401,NA,+/-16% shift
0.16,283,TRUE,TRUE,0.20390259722157014,0.47886674287142794,NA,+/-16% shift
0.16,284,TRUE,TRUE,0.012733584757756485,0.4463766193310892,NA,+/-16% shift
0.16,285,TRUE,TRUE,0.0024932170078892355,0.4864231058610221,NA,+/-16% shift
0.16,286,TRUE,TRUE,2.5596150102471383e-5,0.3025424319840456,NA,+/-16% shift
0.16,287,TRUE,TRUE,0.019953929063660426,0.6238237123832235,NA,+/-16% shift
0.16,288,TRUE,TRUE,6.396896832496698e-5,0.41734623542782817,NA,+/-16% shift
0.16,289,TRUE,TRUE,0.012012240327610422,0.4920786213602136,NA,+/-16% shift
0.16,290,TRUE,TRUE,0.018529828411187225,0.1819162902911438,NA,+/-16% shift
0.16,291,TRUE,TRUE,0.0011070582230817045,0.5542989091159134,NA,+/-16% shift
0.16,292,TRUE,TRUE,1.1182286058189551e-6,0.7486945765740087,NA,+/-16% shift
0.16,293,TRUE,TRUE,1.4130851812165833e-4,0.7007317650810999,NA,+/-16% shift
0.16,294,TRUE,TRUE,0.018446154984148783,0.20024874254510017,NA,+/-16% shift
0.16,295,TRUE,TRUE,2.952265643819516e-6,0.03781484835512794,NA,+/-16% shift
0.16,296,TRUE,TRUE,0.0027935741500314973,0.3343188817486798,NA,+/-16% shift
0.16,297,TRUE,TRUE,0.0037136236123348457,0.04655802759114674,NA,+/-16% shift
0.16,298,TRUE,TRUE,6.921769588686136e-4,0.08788157249459903,NA,+/-16% shift
0.16,299,TRUE,TRUE,1.5993776421376044e-4,0.10177929476971992,NA,+/-16% shift
0.16,300,TRUE,TRUE,0.05506920872113061,0.7412610637652146,NA,+/-16% shift
0.16,301,TRUE,TRUE,2.7412740307237976e-6,0.6083863688567017,NA,+/-16% shift
0.16,302,TRUE,TRUE,2.1993181596269103e-4,0.5925705772526622,NA,+/-16% shift
0.16,303,TRUE,TRUE,0.0016001582061194264,0.36855367935999844,NA,+/-16% shift
0.16,304,TRUE,TRUE,0.006371060854331835,0.3091976093630774,NA,+/-16% shift
0.16,305,TRUE,TRUE,8.344454803318518e-4,0.07842867744002581,NA,+/-16% shift
0.16,306,TRUE,TRUE,8.085821663235728e-4,0.8675420647290856,NA,+/-16% shift
0.16,307,TRUE,TRUE,1.1511609884133965e-4,0.35593722761277125,NA,+/-16% shift
0.16,308,TRUE,TRUE,0.0407664225749805,0.852074020655541,NA,+/-16% shift
0.16,309,TRUE,TRUE,0.34835600944495565,0.758229802616778,NA,+/-16% shift
0.16,310,TRUE,TRUE,0.0011362072699980306,0.4418036434184201,NA,+/-16% shift
0.16,311,TRUE,TRUE,0.039872449255808476,0.8992459826358108,NA,+/-16% shift
0.16,312,TRUE,TRUE,8.052679791186976e-5,0.9743497188592335,NA,+/-16% shift
0.16,313,TRUE,TRUE,0.030217299143518436,0.3798404916545544,NA,+/-16% shift
0.16,314,TRUE,TRUE,5.775506769016889e-4,0.9359428556441749,NA,+/-16% shift
0.16,315,TRUE,TRUE,0.04699808734851804,0.04319320401892191,NA,+/-16% shift
0.16,316,TRUE,TRUE,5.185856932870477e-5,0.12215484514320843,NA,+/-16% shift
0.16,317,TRUE,TRUE,0.032037086452886644,0.03830562167682421,NA,+/-16% shift
0.16,318,TRUE,TRUE,1.1388025607862599e-7,0.7939196873708607,NA,+/-16% shift
0.16,319,TRUE,TRUE,0.013702646234990812,0.2517091604659138,NA,+/-16% shift
0.16,320,TRUE,TRUE,0.0056329674633818485,0.36683436656744045,NA,+/-16% shift
0.16,321,TRUE,TRUE,0.07558944445506471,0.2802871914223857,NA,+/-16% shift
0.16,322,TRUE,TRUE,8.588945249089761e-7,0.6525610357254756,NA,+/-16% shift
0.16,323,TRUE,TRUE,0.00396929808921815,0.11931274543678544,NA,+/-16% shift
0.16,324,TRUE,TRUE,0.0036671571407004195,0.11127657231643145,NA,+/-16% shift
0.16,325,TRUE,TRUE,2.942962059708528e-6,0.6766016451817265,NA,+/-16% shift
0.16,326,TRUE,TRUE,3.205526994580356e-4,0.7507761216587908,NA,+/-16% shift
0.16,327,TRUE,TRUE,0.010986426508458411,0.3782775274682244,NA,+/-16% shift
0.16,328,TRUE,TRUE,5.078397315648027e-5,0.7527863786444242,NA,+/-16% shift
0.16,329,TRUE,TRUE,0.007094978371161406,0.49486500317242604,NA,+/-16% shift
0.16,330,TRUE,TRUE,0.07494676236616075,0.6992352461291585,NA,+/-16% shift
0.16,331,TRUE,TRUE,0.03246066629637917,0.9275920952993799,NA,+/-16% shift
0.16,332,TRUE,TRUE,0.00616384093827372,0.22960583279442104,NA,+/-16% shift
0.16,333,TRUE,TRUE,4.174943020481766e-5,0.2334070257922897,NA,+/-16% shift
0.16,334,TRUE,TRUE,1.02749450822053e-4,0.5569462240934817,NA,+/-16% shift
0.16,335,TRUE,TRUE,0.0027223183090805325,0.0648247653783684,NA,+/-16% shift
0.16,336,TRUE,TRUE,1.3403856246960098e-5,0.17246102208120775,NA,+/-16% shift
0.16,337,TRUE,TRUE,2.9050202215085095e-5,0.2538474926114495,NA,+/-16% shift
0.16,338,TRUE,TRUE,3.9140140724130475e-6,0.8523326400276531,NA,+/-16% shift
0.16,339,TRUE,TRUE,0.1025021789524975,0.3528058205771248,NA,+/-16% shift
0.16,340,TRUE,TRUE,0.049876123894188704,0.39938888229125513,NA,+/-16% shift
0.16,341,TRUE,TRUE,0.007449714488713842,0.009052517561281505,NA,+/-16% shift
0.16,342,TRUE,TRUE,0.09468610167920011,0.08732517593520558,NA,+/-16% shift
0.16,343,TRUE,TRUE,1.1057818473803333e-4,0.028459716208532677,NA,+/-16% shift
0.16,344,TRUE,TRUE,0.030930036385399318,0.6211051258639526,NA,+/-16% shift
0.16,345,TRUE,TRUE,0.00972651421633826,0.885463221123565,NA,+/-16% shift
0.16,346,TRUE,TRUE,0.0025986986046999325,0.9666261646886178,NA,+/-16% shift
0.16,347,TRUE,TRUE,7.476811284701263e-11,0.4520653283469837,NA,+/-16% shift
0.16,348,TRUE,TRUE,3.296969241665346e-4,0.3396823208724633,NA,+/-16% shift
0.16,349,TRUE,TRUE,2.8584544006858396e-4,0.3984536741237931,NA,+/-16% shift
0.16,350,TRUE,TRUE,3.537598346316183e-5,0.05476739563130862,NA,+/-16% shift
0.16,351,TRUE,TRUE,2.0587770303714323e-5,0.03919321023407443,NA,+/-16% shift
0.16,352,TRUE,TRUE,2.1343406577983433e-4,0.7420854295207754,NA,+/-16% shift
0.16,353,TRUE,TRUE,1.496954344901793e-5,0.04602573783480612,NA,+/-16% shift
0.16,354,TRUE,TRUE,3.93375591222126e-4,0.1325982903480656,NA,+/-16% shift
0.16,355,TRUE,TRUE,3.155898572473936e-4,0.013720140794385577,NA,+/-16% shift
0.16,356,TRUE,TRUE,7.644889267789049e-4,0.3324283590000833,NA,+/-16% shift
0.16,357,TRUE,TRUE,0.03097160003050368,0.7942207394837992,NA,+/-16% shift
0.16,358,TRUE,TRUE,3.887895961596168e-4,0.3980739986444484,NA,+/-16% shift
0.16,359,TRUE,TRUE,2.5968772291139106e-5,0.08340178339155495,NA,+/-16% shift
0.16,360,TRUE,TRUE,0.002434821063296324,0.07757035904133648,NA,+/-16% shift
0.16,361,TRUE,TRUE,0.005437370759682974,0.5483241701874548,NA,+/-16% shift
0.16,362,TRUE,TRUE,0.038011552988434616,0.7256840183581645,NA,+/-16% shift
0.16,363,TRUE,TRUE,2.990918310102749e-4,0.15869323137193608,NA,+/-16% shift
0.16,364,TRUE,TRUE,0.015039197064457312,0.7011533817183931,NA,+/-16% shift
0.16,365,TRUE,TRUE,1.1861054769012514e-4,0.8630884013088653,NA,+/-16% shift
0.16,366,TRUE,TRUE,0.005318423993305129,0.03454127350374085,NA,+/-16% shift
0.16,367,TRUE,TRUE,0.004921119228250517,0.9890846493476907,NA,+/-16% shift
0.16,368,TRUE,TRUE,0.0026323080344281763,0.33186513427119313,NA,+/-16% shift
0.16,369,TRUE,TRUE,3.7859577306765684e-5,0.3051628960600328,NA,+/-16% shift
0.16,370,TRUE,TRUE,1.975563474588996e-4,0.008880202171130145,NA,+/-16% shift
0.16,371,TRUE,TRUE,1.1693974055423803e-5,0.9184116315884747,NA,+/-16% shift
0.16,372,TRUE,TRUE,0.0011456678763365408,0.46070380166961705,NA,+/-16% shift
0.16,373,TRUE,TRUE,4.624904049573881e-6,0.8886136921030474,NA,+/-16% shift
0.16,374,TRUE,TRUE,0.011608186756396896,0.2159815163142429,NA,+/-16% shift
0.16,375,TRUE,TRUE,0.16186683804371924,0.9917716302245694,NA,+/-16% shift
0.16,376,TRUE,TRUE,4.52501150066679e-6,0.7138056964201844,NA,+/-16% shift
0.16,377,TRUE,TRUE,0.011324808642658555,0.4058661615825971,NA,+/-16% shift
0.16,378,TRUE,TRUE,2.2613658701025816e-4,0.21859922195977272,NA,+/-16% shift
0.16,379,TRUE,TRUE,0.0387926135835573,0.5241009463624168,NA,+/-16% shift
0.16,380,TRUE,TRUE,0.004712092625541176,0.8250210649070183,NA,+/-16% shift
0.16,381,TRUE,TRUE,4.057522041857599e-5,0.7199168934442955,NA,+/-16% shift
0.16,382,TRUE,TRUE,4.181550180066665e-4,0.8472074303384978,NA,+/-16% shift
0.16,383,TRUE,TRUE,7.580883353462051e-4,0.9874583884103044,NA,+/-16% shift
0.16,384,TRUE,TRUE,0.008245996530044965,0.7624254309864289,NA,+/-16% shift
0.16,385,TRUE,TRUE,9.984422051177426e-8,0.6022420359042792,NA,+/-16% shift
0.16,386,TRUE,TRUE,1.3146572386431302e-5,0.08537480952985206,NA,+/-16% shift
0.16,387,TRUE,TRUE,3.24559814839588e-5,0.29287202116278654,NA,+/-16% shift
0.16,388,TRUE,TRUE,5.217645021059925e-4,0.7587897340384735,NA,+/-16% shift
0.16,389,TRUE,TRUE,8.309608955581264e-6,0.903435115769148,NA,+/-16% shift
0.16,390,TRUE,TRUE,2.039390992329258e-8,0.28503569055828776,NA,+/-16% shift
0.16,391,TRUE,TRUE,0.2567837871104678,0.20176643205701078,NA,+/-16% shift
0.16,392,TRUE,TRUE,0.007439113462769137,0.12047936214442632,NA,+/-16% shift
0.16,393,TRUE,TRUE,1.8115438199971638e-5,0.9848039875919983,NA,+/-16% shift
0.16,394,TRUE,TRUE,0.006829411238817695,0.8663412988412044,NA,+/-16% shift
0.16,395,TRUE,TRUE,0.05986827605421614,0.08369704516950338,NA,+/-16% shift
0.16,396,TRUE,TRUE,0.0035096040381981525,0.021834541671276367,NA,+/-16% shift
0.16,397,TRUE,TRUE,0.014143200344997508,0.3671758054328628,NA,+/-16% shift
0.16,398,TRUE,TRUE,0.0884628350279308,0.1680465297212617,NA,+/-16% shift
0.16,399,TRUE,TRUE,0.09466226573496547,0.0039098592607407804,NA,+/-16% shift
0.16,400,TRUE,TRUE,2.5748335898080267e-5,0.24731700141877022,NA,+/-16% shift
0.16,401,TRUE,TRUE,5.957164808618456e-4,0.40998499422883844,NA,+/-16% shift
0.16,402,TRUE,TRUE,5.570074519884025e-4,0.5585367508699783,NA,+/-16% shift
0.16,403,TRUE,TRUE,0.004583941008364986,0.5594369055088514,NA,+/-16% shift
0.16,404,TRUE,TRUE,1.6516850672127924e-4,0.005678266348544881,NA,+/-16% shift
0.16,405,TRUE,TRUE,0.18608016638507777,0.27211181582290545,NA,+/-16% shift
0.16,406,TRUE,TRUE,0.0010170877856741348,0.18535218523837177,NA,+/-16% shift
0.16,407,TRUE,TRUE,7.222837803989674e-7,0.28891944255804614,NA,+/-16% shift
0.16,408,TRUE,TRUE,0.017274975393524173,0.8318898439857783,NA,+/-16% shift
0.16,409,TRUE,TRUE,1.2389605879626437e-4,0.006511498906842877,NA,+/-16% shift
0.16,410,TRUE,TRUE,0.0013718122400843975,0.7881740478014835,NA,+/-16% shift
0.16,411,TRUE,TRUE,6.950131907721553e-5,0.661356514191176,NA,+/-16% shift
0.16,412,TRUE,TRUE,0.005467605515793577,0.037314528434437104,NA,+/-16% shift
0.16,413,TRUE,TRUE,0.004769002285789099,0.8246364019187113,NA,+/-16% shift
0.16,414,TRUE,TRUE,2.3813295476338576e-4,0.3721696024784974,NA,+/-16% shift
0.16,415,TRUE,TRUE,0.00880086524574123,0.04491599860030297,NA,+/-16% shift
0.16,416,TRUE,TRUE,5.800712794741365e-5,0.005763384373050061,NA,+/-16% shift
0.16,417,TRUE,TRUE,0.07432856567265207,0.14046226370293738,NA,+/-16% shift
0.16,418,TRUE,TRUE,1.5935022699240222e-4,0.10322595470613381,NA,+/-16% shift
0.16,419,TRUE,TRUE,0.01500099193019185,0.04364694795665706,NA,+/-16% shift
0.16,420,TRUE,TRUE,8.735435264018104e-4,0.5735484876656316,NA,+/-16% shift
0.16,421,TRUE,TRUE,2.422212467719777e-6,0.2845642995870214,NA,+/-16% shift
0.16,422,TRUE,TRUE,0.027399526512315715,0.23714650346698754,NA,+/-16% shift
0.16,423,TRUE,TRUE,2.9968192565163364e-5,0.5151151751501137,NA,+/-16% shift
0.16,424,TRUE,TRUE,0.0016320944280817412,0.5664367310194424,NA,+/-16% shift
0.16,425,TRUE,TRUE,0.0011612744807560525,0.08154119426913868,NA,+/-16% shift
0.16,426,TRUE,TRUE,0.002314421995978306,0.08345352686139645,NA,+/-16% shift
0.16,427,TRUE,TRUE,6.76124153458636e-5,0.25815492507298377,NA,+/-16% shift
0.16,428,TRUE,TRUE,0.03282380476772427,0.3854161062425356,NA,+/-16% shift
0.16,429,TRUE,TRUE,0.008901498623688565,0.7768449339776484,NA,+/-16% shift
0.16,430,TRUE,TRUE,7.315535682870566e-5,0.8760743104802378,NA,+/-16% shift
0.16,431,TRUE,TRUE,0.012942998519125441,0.5639318218221626,NA,+/-16% shift
0.16,432,TRUE,TRUE,0.0022368650491935735,0.8424961302463008,NA,+/-16% shift
0.16,433,TRUE,TRUE,8.96053227107523e-6,0.8654647083836053,NA,+/-16% shift
0.16,434,TRUE,TRUE,1.628992152928106e-4,0.9215793545472586,NA,+/-16% shift
0.16,435,TRUE,TRUE,0.05243549765478808,0.4282965551604964,NA,+/-16% shift
0.16,436,TRUE,TRUE,0.10364776817349008,0.593282662405705,NA,+/-16% shift
0.16,437,TRUE,TRUE,0.005949437527229437,0.16462086230342432,NA,+/-16% shift
0.16,438,TRUE,TRUE,0.2314704238260944,0.4695332763300847,NA,+/-16% shift
0.16,439,TRUE,TRUE,0.005725213089019514,0.06345798675627541,NA,+/-16% shift
0.16,440,TRUE,TRUE,0.024247779543358796,0.40438212509559696,NA,+/-16% shift
0.16,441,TRUE,TRUE,0.07179707789006294,0.5457853956009312,NA,+/-16% shift
0.16,442,TRUE,TRUE,5.057979101168671e-4,0.5981679610736208,NA,+/-16% shift
0.16,443,TRUE,TRUE,0.003008243461507268,0.2756083995514755,NA,+/-16% shift
0.16,444,TRUE,TRUE,3.6904733259265783e-05,0.9681104568327235,NA,+/-16% shift
0.16,445,TRUE,TRUE,0.0020039902236107946,0.31923911749348377,NA,+/-16% shift
0.16,446,TRUE,TRUE,0.006473685268562387,0.2217181956221831,NA,+/-16% shift
0.16,447,TRUE,TRUE,0.09798559351115321,0.05153925693557341,NA,+/-16% shift
0.16,448,TRUE,TRUE,0.0012769851730156376,0.4985799573110975,NA,+/-16% shift
0.16,449,TRUE,TRUE,8.15875322055902e-4,0.25774348885030945,NA,+/-16% shift
0.16,450,TRUE,TRUE,7.520620392752741e-5,0.7842517655737582,NA,+/-16% shift
0.16,451,TRUE,TRUE,0.032773576756184836,0.14065595440752546,NA,+/-16% shift
0.16,452,TRUE,TRUE,1.6175422335622678e-4,0.5760770092949072,NA,+/-16% shift
0.16,453,TRUE,TRUE,0.03645434541627314,0.8838145693188993,NA,+/-16% shift
0.16,454,TRUE,TRUE,0.06407091569412629,0.9402490210481779,NA,+/-16% shift
0.16,455,TRUE,TRUE,8.778265104803094e-5,0.7817063039797729,NA,+/-16% shift
0.16,456,TRUE,TRUE,0.06779660548014019,0.5200676110251402,NA,+/-16% shift
0.16,457,TRUE,TRUE,4.036255587777638e-11,0.5987088797287206,NA,+/-16% shift
0.16,458,TRUE,TRUE,0.15674348517456682,0.12034769424693174,NA,+/-16% shift
0.16,459,TRUE,TRUE,0.049497725602986375,0.21000029618474406,NA,+/-16% shift
0.16,460,TRUE,TRUE,0.004761347758285855,0.6487450682132547,NA,+/-16% shift
0.16,461,TRUE,TRUE,0.0020256727876193097,0.07176089675754126,NA,+/-16% shift
0.16,462,TRUE,TRUE,2.7154431469504225e-6,0.11901966511337467,NA,+/-16% shift
0.16,463,TRUE,TRUE,5.78565401948545e-5,0.20662384322158014,NA,+/-16% shift
0.16,464,TRUE,TRUE,0.010767119845900498,0.49338970321174797,NA,+/-16% shift
0.16,465,TRUE,TRUE,0.0010916138852283526,0.16506467157346952,NA,+/-16% shift
0.16,466,TRUE,TRUE,8.713133420529338e-4,0.419065166137854,NA,+/-16% shift
0.16,467,TRUE,TRUE,3.880706339017782e-6,0.7363220040351781,NA,+/-16% shift
0.16,468,TRUE,TRUE,1.3184027759441226e-4,0.39358455670994275,NA,+/-16% shift
0.16,469,TRUE,TRUE,3.4435582953780224e-4,0.012763250758885023,NA,+/-16% shift
0.16,470,TRUE,TRUE,8.519373867927821e-4,0.40018140923431345,NA,+/-16% shift
0.16,471,TRUE,TRUE,0.004480759148352324,0.3089633579216159,NA,+/-16% shift
0.16,472,TRUE,TRUE,0.11352242273043368,0.46177598528775726,NA,+/-16% shift
0.16,473,TRUE,TRUE,1.890686408329208e-4,0.44860426013027305,NA,+/-16% shift
0.16,474,TRUE,TRUE,0.01794426306558553,0.5444730271833222,NA,+/-16% shift
0.16,475,TRUE,TRUE,1.7334616616762434e-8,0.0421690514613006,NA,+/-16% shift
0.16,476,TRUE,TRUE,0.11836476377385591,0.04054257614756708,NA,+/-16% shift
0.16,477,TRUE,TRUE,0.0017203276710286743,0.037557514236301916,NA,+/-16% shift
0.16,478,TRUE,TRUE,0.00677922796235343,0.4452538826129706,NA,+/-16% shift
0.16,479,TRUE,TRUE,0.0036837737739068544,0.05023495035654097,NA,+/-16% shift
0.16,480,TRUE,TRUE,0.055716573188043454,0.27569160022100697,NA,+/-16% shift
0.16,481,TRUE,TRUE,3.976907686167678e-4,0.7788279550514627,NA,+/-16% shift
0.16,482,TRUE,TRUE,8.403443828166904e-4,0.1529595428070165,NA,+/-16% shift
0.16,483,TRUE,TRUE,1.1199294880419497e-4,0.04048939487340793,NA,+/-16% shift
0.16,484,TRUE,TRUE,3.6646896741330837e-4,0.47395746135492556,NA,+/-16% shift
0.16,485,TRUE,TRUE,1.2146987218211255e-6,0.9136551645644453,NA,+/-16% shift
0.16,486,TRUE,TRUE,0.0037121692527117872,0.4562821009939683,NA,+/-16% shift
0.16,487,TRUE,TRUE,4.783850542363058e-6,0.23783321659689535,NA,+/-16% shift
0.16,488,TRUE,TRUE,0.0017552492518196595,0.055672312368538354,NA,+/-16% shift
0.16,489,TRUE,TRUE,8.277809017855754e-4,0.7481392568772187,NA,+/-16% shift
0.16,490,TRUE,TRUE,0.02540594415751425,0.9971252120188643,NA,+/-16% shift
0.16,491,TRUE,TRUE,0.003437613037124114,0.1933554673118737,NA,+/-16% shift
0.16,492,TRUE,TRUE,0.06663209407393547,0.2739181636678051,NA,+/-16% shift
0.16,493,TRUE,TRUE,0.04603385851081496,0.7750686688617887,NA,+/-16% shift
0.16,494,TRUE,TRUE,0.0021499729775154614,0.030835755493377283,NA,+/-16% shift
0.16,495,TRUE,TRUE,0.09415552186814811,0.7476201851748359,NA,+/-16% shift
0.16,496,TRUE,TRUE,4.8019739914825007e-4,0.5961815536099838,NA,+/-16% shift
0.16,497,TRUE,TRUE,0.0015709427277881733,0.10361788447218849,NA,+/-16% shift
0.16,498,TRUE,TRUE,0.0796145837432135,0.4541363496727616,NA,+/-16% shift
0.16,499,TRUE,TRUE,1.1445927087168117e-4,0.9791820296987834,NA,+/-16% shift
0.16,500,TRUE,TRUE,0.4713312326744821,0.8264850540018326,NA,+/-16% shift
