max_shift,simulation,converged,pdHess,p_fix_medication,p_group_fix_medication,error,scenario_label
0,1,TRUE,TRUE,0.8415847884325579,0.8470972847638818,NA,Null baseline
0,2,TRUE,TRUE,0.3914441101449547,0.2753825006368428,NA,Null baseline
0,3,TRUE,TRUE,0.4821672352592135,0.4535225514760924,NA,Null baseline
0,4,TRUE,TRUE,0.08502898707615056,0.1567504895771613,NA,Null baseline
0,5,TRUE,TRUE,0.0011816679683288968,0.5108329554127118,NA,Null baseline
0,6,TRUE,TRUE,0.5430769325588337,0.4558040793248941,NA,Null baseline
0,7,TRUE,TRUE,0.10177401916469325,0.3541599277291052,NA,Null baseline
0,8,TRUE,TRUE,0.5563874547274978,0.7694957478018225,NA,Null baseline
0,9,TRUE,TRUE,0.4726741839871851,0.18025035353476987,NA,Null baseline
0,10,TRUE,TRUE,0.8678993431393999,0.3222239850669858,NA,Null baseline
0,11,TRUE,TRUE,0.8547043955944463,0.390780782081704,NA,Null baseline
0,12,TRUE,TRUE,0.028309179282265694,0.3365415751896322,NA,Null baseline
0,13,TRUE,TRUE,0.33406684142364934,0.5389487957765974,NA,Null baseline
0,14,TRUE,TRUE,0.629629246039883,0.30597515256183916,NA,Null baseline
0,15,TRUE,TRUE,0.9389666481059312,0.9737744116462378,NA,Null baseline
0,16,TRUE,TRUE,0.1772895413994998,0.57150514118022,NA,Null baseline
0,17,TRUE,TRUE,0.10599155671108514,0.33068085953488485,NA,Null baseline
0,18,TRUE,TRUE,0.09944214442673308,0.15280265777670948,NA,Null baseline
0,19,TRUE,TRUE,0.43712474384208416,0.21485351432862554,NA,Null baseline
0,20,TRUE,TRUE,0.18516947610276582,0.4335281102638731,NA,Null baseline
0,21,TRUE,TRUE,0.9988287846127173,0.943052501887209,NA,Null baseline
0,22,TRUE,TRUE,0.8289314397349073,0.8212685064265439,NA,Null baseline
0,23,TRUE,TRUE,0.36110868466422313,0.4330321070117439,NA,Null baseline
0,24,TRUE,TRUE,0.1744909528080274,0.5577608339550627,NA,Null baseline
0,25,TRUE,TRUE,0.27984719602163055,0.2693241034104244,NA,Null baseline
0,26,TRUE,TRUE,0.8678500487295722,0.6048364161246793,NA,Null baseline
0,27,TRUE,TRUE,0.1460507462139146,0.4548545695240586,NA,Null baseline
0,28,TRUE,TRUE,0.855372712915986,0.8315781288007901,NA,Null baseline
0,29,TRUE,TRUE,0.6558399712273819,0.5952924921257593,NA,Null baseline
0,30,TRUE,TRUE,0.01662280335373624,0.03140755807936912,NA,Null baseline
0,31,TRUE,TRUE,0.8478304944140088,0.8867103152451767,NA,Null baseline
0,32,TRUE,TRUE,0.658975640457411,0.7007482192244978,NA,Null baseline
0,33,TRUE,TRUE,0.42419305012253206,0.17771476937099107,NA,Null baseline
0,34,TRUE,TRUE,0.16320357688525652,0.37264123455038634,NA,Null baseline
0,35,TRUE,TRUE,0.4985277228435873,0.17523314328487521,NA,Null baseline
0,36,TRUE,TRUE,0.9342155620183914,0.7384843394798004,NA,Null baseline
0,37,TRUE,TRUE,0.9835553249726472,0.09643056276284773,NA,Null baseline
0,38,TRUE,TRUE,0.15864892408511536,0.2688723343106815,NA,Null baseline
0,39,TRUE,TRUE,0.9081790460415469,0.6434911361710178,NA,Null baseline
0,40,TRUE,TRUE,0.26422883141161224,0.6020171218699603,NA,Null baseline
0,41,TRUE,TRUE,0.4950185505855523,0.6202520811736253,NA,Null baseline
0,42,TRUE,TRUE,0.7380874399141484,0.853607147876827,NA,Null baseline
0,43,TRUE,TRUE,0.9989355962048998,0.630236530373448,NA,Null baseline
0,44,TRUE,TRUE,0.10415024755869325,0.6047289368423207,NA,Null baseline
0,45,TRUE,TRUE,0.16198590459927092,0.7561403578034439,NA,Null baseline
0,46,TRUE,TRUE,0.7368776686536054,0.7504764739523188,NA,Null baseline
0,47,TRUE,TRUE,0.9371964126908638,0.9867071993925232,NA,Null baseline
0,48,TRUE,TRUE,0.5764138027549724,0.19032062829858767,NA,Null baseline
0,49,TRUE,TRUE,0.04892199559195378,0.11938516107262129,NA,Null baseline
0,50,TRUE,TRUE,0.6937435754132435,0.5742947327288678,NA,Null baseline
0,51,TRUE,TRUE,0.18272549285937081,0.5554920110723099,NA,Null baseline
0,52,TRUE,TRUE,0.8355336798366761,0.8343998469232727,NA,Null baseline
0,53,TRUE,TRUE,0.5508293271334155,0.9533240194031518,NA,Null baseline
0,54,TRUE,TRUE,0.9860671888518402,0.5216926390210131,NA,Null baseline
0,55,TRUE,TRUE,0.7127894570636839,0.6626160379425554,NA,Null baseline
0,56,TRUE,TRUE,0.4846067405507036,0.1852442562143082,NA,Null baseline
0,57,TRUE,TRUE,0.08018529087570533,0.27229752776207083,NA,Null baseline
0,58,TRUE,TRUE,0.4272628467585419,0.33661302422071304,NA,Null baseline
0,59,TRUE,TRUE,0.535016991856008,0.311738691967132,NA,Null baseline
0,60,TRUE,TRUE,0.047019912955292134,0.06819724004503684,NA,Null baseline
0,61,TRUE,TRUE,0.23604104770428183,0.13181967548635676,NA,Null baseline
0,62,TRUE,TRUE,0.6290368174023607,0.614889621998552,NA,Null baseline
0,63,TRUE,TRUE,0.6940533498487631,0.3422519554856348,NA,Null baseline
0,64,TRUE,TRUE,0.7014038847307758,0.7039809227773547,NA,Null baseline
0,65,TRUE,TRUE,0.9791224259807667,0.537259625913442,NA,Null baseline
0,66,TRUE,TRUE,0.1478494968121971,0.13520658376005276,NA,Null baseline
0,67,TRUE,TRUE,0.5806965200250597,0.7725460287038728,NA,Null baseline
0,68,TRUE,TRUE,0.49222877438684554,0.713036145362531,NA,Null baseline
0,69,TRUE,TRUE,0.24517164002465863,0.4449511738440927,NA,Null baseline
0,70,TRUE,TRUE,0.7495726338098614,0.7268489998052512,NA,Null baseline
0,71,TRUE,TRUE,0.2302267602364892,0.478230095699537,NA,Null baseline
0,72,TRUE,TRUE,0.7438029596943119,0.3049392140780511,NA,Null baseline
0,73,TRUE,TRUE,0.4339065838773377,0.9644263483626299,NA,Null baseline
0,74,TRUE,TRUE,0.9671753044976843,0.9028891926557455,NA,Null baseline
0,75,TRUE,TRUE,0.952261818103475,0.9935439491599296,NA,Null baseline
0,76,TRUE,TRUE,0.4542374695066466,0.7647474132687574,NA,Null baseline
0,77,TRUE,TRUE,0.7295950357465941,0.15685760504672738,NA,Null baseline
0,78,TRUE,TRUE,0.13511347272087892,0.3576122332637343,NA,Null baseline
0,79,TRUE,TRUE,0.195919744617806,0.6161083985601062,NA,Null baseline
0,80,TRUE,TRUE,0.052814177125064254,0.1668902552255844,NA,Null baseline
0,81,TRUE,TRUE,0.7004212267700292,0.2587983064359735,NA,Null baseline
0,82,TRUE,TRUE,0.2826741488193096,0.4586686762013095,NA,Null baseline
0,83,TRUE,TRUE,0.42372015336935176,0.6069723087140325,NA,Null baseline
0,84,TRUE,TRUE,0.1763408906748673,0.2718387179823961,NA,Null baseline
0,85,TRUE,TRUE,0.29072860521106975,0.14382527789502997,NA,Null baseline
0,86,TRUE,TRUE,0.0792793062061648,0.461538645828899,NA,Null baseline
0,87,TRUE,TRUE,0.9129793105971296,0.14890849586634627,NA,Null baseline
0,88,TRUE,TRUE,0.19911489872385868,0.03986497097433937,NA,Null baseline
0,89,TRUE,TRUE,0.5782981804108444,0.4611909088361885,NA,Null baseline
0,90,TRUE,TRUE,0.4274859270700248,0.4368552362199359,NA,Null baseline
0,91,TRUE,TRUE,0.7880267422941769,0.4619187718899728,NA,Null baseline
0,92,TRUE,TRUE,0.008133142608187649,0.35211245185117096,NA,Null baseline
0,93,TRUE,TRUE,0.29278618436125114,0.7209985789688454,NA,Null baseline
0,94,TRUE,TRUE,0.527666375378734,0.23528986438148783,NA,Null baseline
0,95,TRUE,TRUE,0.012252424803636495,1.966506197124292e-4,NA,Null baseline
0,96,TRUE,TRUE,0.8493932542185361,0.9316697231433833,NA,Null baseline
0,97,TRUE,TRUE,0.28131806870028736,0.3563470816282101,NA,Null baseline
0,98,TRUE,TRUE,0.21082175607393333,0.36112102009476116,NA,Null baseline
0,99,TRUE,TRUE,0.889502957212809,0.9268864208210357,NA,Null baseline
0,100,TRUE,TRUE,0.6121429313608959,0.9500829948890263,NA,Null baseline
0,101,TRUE,TRUE,0.2749226457473792,0.4330144869314089,NA,Null baseline
0,102,TRUE,TRUE,0.09807274062533688,0.5315217359615356,NA,Null baseline
0,103,TRUE,TRUE,0.20567119073964807,0.3839122896852228,NA,Null baseline
0,104,TRUE,TRUE,0.6830915386663804,0.15369248363473784,NA,Null baseline
0,105,TRUE,TRUE,0.23302387474674233,0.7984932455093592,NA,Null baseline
0,106,TRUE,TRUE,0.3419811475329623,0.1453317304164244,NA,Null baseline
0,107,TRUE,TRUE,0.8324354347142888,0.15643541408376777,NA,Null baseline
0,108,TRUE,TRUE,0.47984843804792987,0.9611497740637222,NA,Null baseline
0,109,TRUE,TRUE,0.4055701053884539,0.7035096473886109,NA,Null baseline
0,110,TRUE,TRUE,0.5130884477902427,0.4731987056708672,NA,Null baseline
0,111,TRUE,TRUE,0.6021669663737201,0.7610952194957243,NA,Null baseline
0,112,TRUE,TRUE,0.9606265880247182,0.696298339985394,NA,Null baseline
0,113,TRUE,TRUE,0.023475928830945136,0.04144617612856725,NA,Null baseline
0,114,TRUE,TRUE,0.26699794421362416,0.21969673679973475,NA,Null baseline
0,115,TRUE,TRUE,0.10901063630931551,0.4671819012302989,NA,Null baseline
0,116,TRUE,TRUE,0.1174056737235685,0.023428927277573664,NA,Null baseline
0,117,TRUE,TRUE,0.10090133291340475,0.5123279933272419,NA,Null baseline
0,118,TRUE,TRUE,0.6392987740143165,0.3191534431820708,NA,Null baseline
0,119,TRUE,TRUE,0.21016781215012448,0.689427963465326,NA,Null baseline
0,120,TRUE,TRUE,0.7718784832709827,0.35891327677111096,NA,Null baseline
0,121,TRUE,TRUE,0.6462977057011848,0.7211013640543422,NA,Null baseline
0,122,TRUE,TRUE,0.45763094194766324,0.07052005591600821,NA,Null baseline
0,123,TRUE,TRUE,0.8699395109699576,0.6900591835214944,NA,Null baseline
0,124,TRUE,TRUE,0.3358621041835051,0.632991044779662,NA,Null baseline
0,125,TRUE,TRUE,0.9515095994284926,0.7791084093921391,NA,Null baseline
0,126,TRUE,TRUE,0.21170373662172493,0.15256281571179225,NA,Null baseline
0,127,TRUE,TRUE,0.38552253068783043,0.49406067214725047,NA,Null baseline
0,128,TRUE,TRUE,0.29264566515707435,0.8443504901075782,NA,Null baseline
0,129,TRUE,TRUE,0.0674419515656841,0.23436115794589016,NA,Null baseline
0,130,TRUE,TRUE,0.6438381306795593,0.9834996044102863,NA,Null baseline
0,131,TRUE,TRUE,0.4101106366468545,0.3608005271704598,NA,Null baseline
0,132,TRUE,TRUE,0.2923124677446271,0.07513248500264248,NA,Null baseline
0,133,TRUE,TRUE,0.3924675108238493,0.20474823019858077,NA,Null baseline
0,134,TRUE,TRUE,0.5002357189913477,0.11727087949788087,NA,Null baseline
0,135,TRUE,TRUE,0.8048347115386846,0.8583409776440514,NA,Null baseline
0,136,TRUE,TRUE,0.6999056530315206,0.9093140492286181,NA,Null baseline
0,137,TRUE,TRUE,0.10079980997852549,0.029538842594405184,NA,Null baseline
0,138,TRUE,TRUE,0.18179905505068997,0.9119462197266702,NA,Null baseline
0,139,TRUE,TRUE,0.017354233831795508,0.25142508860912877,NA,Null baseline
0,140,TRUE,TRUE,0.024560363696579064,0.0793619276541951,NA,Null baseline
0,141,TRUE,TRUE,0.6709351225400948,0.5774311401980649,NA,Null baseline
0,142,TRUE,TRUE,0.8928392101087438,0.7069326175569952,NA,Null baseline
0,143,TRUE,TRUE,0.3896435603875905,0.4318055303020374,NA,Null baseline
0,144,TRUE,TRUE,0.5020659846680736,0.5224710146404286,NA,Null baseline
0,145,TRUE,TRUE,0.5648287853529524,0.33071571902394004,NA,Null baseline
0,146,TRUE,TRUE,0.7631870686085372,0.9348139375263873,NA,Null baseline
0,147,TRUE,TRUE,0.010192041745750951,0.00892900795452166,NA,Null baseline
0,148,TRUE,TRUE,0.1234673542270997,0.8890994787119644,NA,Null baseline
0,149,TRUE,TRUE,0.04229162038128432,0.06189364166678499,NA,Null baseline
0,150,TRUE,TRUE,0.7982039776819132,0.9047824619432906,NA,Null baseline
0,151,TRUE,TRUE,0.2283514349058833,0.06446227166020876,NA,Null baseline
0,152,TRUE,TRUE,0.9202445867629427,0.9693649640611889,NA,Null baseline
0,153,TRUE,TRUE,0.8881918279251755,0.7924333958146635,NA,Null baseline
0,154,TRUE,TRUE,0.17807690563009987,0.5927422968036086,NA,Null baseline
0,155,TRUE,TRUE,0.1181588258088113,0.026407215166308878,NA,Null baseline
0,156,TRUE,TRUE,0.5454571964022903,0.3709615544263824,NA,Null baseline
0,157,TRUE,TRUE,0.4431609776997835,0.8334490042798828,NA,Null baseline
0,158,TRUE,TRUE,0.08885800299599222,0.4885107346295476,NA,Null baseline
0,159,TRUE,TRUE,0.03781921836555772,0.3258429820499669,NA,Null baseline
0,160,TRUE,TRUE,0.8496971452638927,0.9037213502333611,NA,Null baseline
0,161,TRUE,TRUE,0.7915700282137618,0.1222366701537996,NA,Null baseline
0,162,TRUE,TRUE,0.157362468971102,0.05931725988472035,NA,Null baseline
0,163,TRUE,TRUE,0.9709553344743885,0.5535696810689076,NA,Null baseline
0,164,TRUE,TRUE,0.41722738374502066,0.24041483412490816,NA,Null baseline
0,165,TRUE,TRUE,0.3876216396418904,0.18482875742889796,NA,Null baseline
0,166,TRUE,TRUE,0.42038531964930315,0.20196474337039602,NA,Null baseline
0,167,TRUE,TRUE,0.946831741483842,0.9884163502262286,NA,Null baseline
0,168,TRUE,TRUE,0.0017582198764892914,0.0019643441475552,NA,Null baseline
0,169,TRUE,TRUE,0.05428227960570476,0.04934658806924923,NA,Null baseline
0,170,TRUE,TRUE,0.19418689456483243,0.394835573016479,NA,Null baseline
0,171,TRUE,TRUE,0.4329576552997754,0.7343162315626821,NA,Null baseline
0,172,TRUE,TRUE,0.6406221192488304,0.5204123812380863,NA,Null baseline
0,173,TRUE,TRUE,0.7231313319140404,0.4330639489354325,NA,Null baseline
0,174,TRUE,TRUE,0.15926581881232552,0.4209906540096518,NA,Null baseline
0,175,TRUE,TRUE,0.767957092923047,0.24433338716439967,NA,Null baseline
0,176,TRUE,TRUE,0.12291738639591003,0.4792016082738925,NA,Null baseline
0,177,TRUE,TRUE,0.23391857493107218,0.4749109149747578,NA,Null baseline
0,178,TRUE,TRUE,0.865462417273604,0.37097093827505195,NA,Null baseline
0,179,TRUE,TRUE,0.6524960106818934,0.5479191393189718,NA,Null baseline
0,180,TRUE,TRUE,0.15917762287861695,0.6879666907851645,NA,Null baseline
0,181,TRUE,TRUE,0.5284986306713992,0.45111431266650687,NA,Null baseline
0,182,TRUE,TRUE,0.6333095636227302,0.8069009043009974,NA,Null baseline
0,183,TRUE,TRUE,0.10501379278180833,0.31623786895622025,NA,Null baseline
0,184,TRUE,TRUE,0.5638635573223465,0.3485169725752217,NA,Null baseline
0,185,TRUE,TRUE,0.5047310345277294,0.8472550916905291,NA,Null baseline
0,186,TRUE,TRUE,0.8615105141110571,0.2652886773356654,NA,Null baseline
0,187,TRUE,TRUE,0.556087033259775,0.569435099118733,NA,Null baseline
0,188,TRUE,TRUE,0.2113955015578275,0.5758057959886013,NA,Null baseline
0,189,TRUE,TRUE,0.09410927397093775,0.43363095380066874,NA,Null baseline
0,190,TRUE,TRUE,0.7145847280211334,0.9455758007647076,NA,Null baseline
0,191,TRUE,TRUE,0.44656443339594265,0.44396029280941596,NA,Null baseline
0,192,TRUE,TRUE,0.030141003994837427,0.13788920279811065,NA,Null baseline
0,193,TRUE,TRUE,0.37424191514518595,0.38004136824468554,NA,Null baseline
0,194,TRUE,TRUE,0.9789676379088513,0.638023214871607,NA,Null baseline
0,195,TRUE,TRUE,0.9555726831737131,0.9010719877392772,NA,Null baseline
0,196,TRUE,TRUE,0.14853107872610619,0.4068290706434269,NA,Null baseline
0,197,TRUE,TRUE,0.17686698633190778,0.07349615231125695,NA,Null baseline
0,198,TRUE,TRUE,0.7642536142929388,0.797491897576043,NA,Null baseline
0,199,TRUE,TRUE,0.6887910510004431,0.8649915521771391,NA,Null baseline
0,200,TRUE,TRUE,0.21138358125988987,0.4128400199794354,NA,Null baseline
0,201,TRUE,TRUE,0.11773749306375077,0.3250914376090932,NA,Null baseline
0,202,TRUE,TRUE,0.30116050368005687,0.07307851457998156,NA,Null baseline
0,203,TRUE,TRUE,0.35044087345933905,0.9183406906125208,NA,Null baseline
0,204,TRUE,TRUE,0.7347941666613214,0.6690671793861767,NA,Null baseline
0,205,TRUE,TRUE,0.7373342895720556,0.8842215338561377,NA,Null baseline
0,206,TRUE,TRUE,0.05111770250735965,0.3529365729327706,NA,Null baseline
0,207,TRUE,TRUE,0.1780986707673088,0.20300660265290563,NA,Null baseline
0,208,TRUE,TRUE,0.9487168692986805,0.9926016857789159,NA,Null baseline
0,209,TRUE,TRUE,0.28757537247918974,0.3957672165992153,NA,Null baseline
0,210,TRUE,TRUE,0.3360136886402001,0.30188142875955903,NA,Null baseline
0,211,TRUE,TRUE,0.10414738335333536,0.13933275003659804,NA,Null baseline
0,212,TRUE,TRUE,0.5502729268341827,0.5653902297179069,NA,Null baseline
0,213,TRUE,TRUE,0.2567272914476731,0.2828481506156423,NA,Null baseline
0,214,TRUE,TRUE,0.3698983836922961,0.20826433902564653,NA,Null baseline
0,215,TRUE,TRUE,0.29645585847996914,0.03352330860759315,NA,Null baseline
0,216,TRUE,TRUE,0.21312645674911287,0.020463216374142564,NA,Null baseline
0,217,TRUE,TRUE,0.3586526995737939,0.07467942149982942,NA,Null baseline
0,218,TRUE,TRUE,0.36101802059425325,0.9839958699365359,NA,Null baseline
0,219,TRUE,TRUE,0.728168221502248,0.3714671879937656,NA,Null baseline
0,220,TRUE,TRUE,0.03189687933293707,1.97994509615022e-4,NA,Null baseline
0,221,TRUE,TRUE,0.5586390939099392,0.5630832995290443,NA,Null baseline
0,222,TRUE,TRUE,0.5414547568550803,0.9216943531092626,NA,Null baseline
0,223,TRUE,TRUE,0.6035933460161113,0.5108712095282291,NA,Null baseline
0,224,TRUE,TRUE,0.02421472475402028,0.6049485834974323,NA,Null baseline
0,225,TRUE,TRUE,0.6459607617121015,0.7186632797497737,NA,Null baseline
0,226,TRUE,TRUE,0.27507910619363213,0.3399467567103883,NA,Null baseline
0,227,TRUE,TRUE,0.07613058923255239,0.3265060309382012,NA,Null baseline
0,228,TRUE,TRUE,0.22167081099532693,0.5399841953002436,NA,Null baseline
0,229,TRUE,TRUE,0.18355396328082213,0.5062932009677765,NA,Null baseline
0,230,TRUE,TRUE,0.5172334812871765,0.2619210683100997,NA,Null baseline
0,231,TRUE,TRUE,0.23312794085487742,0.3548409511922182,NA,Null baseline
0,232,TRUE,TRUE,0.3017000139133403,0.28017838024490194,NA,Null baseline
0,233,TRUE,TRUE,0.22860372786437413,0.3655841613942473,NA,Null baseline
0,234,TRUE,TRUE,0.5809660522979724,0.5616652928649999,NA,Null baseline
0,235,TRUE,TRUE,0.23525821550564377,0.3040236414109898,NA,Null baseline
0,236,TRUE,TRUE,0.4395038483307703,0.34308256200233667,NA,Null baseline
0,237,TRUE,TRUE,0.7265399272171738,0.379067370532406,NA,Null baseline
0,238,TRUE,TRUE,0.402916651479376,0.5405431086489699,NA,Null baseline
0,239,TRUE,TRUE,0.09213220599790845,0.47264127991036015,NA,Null baseline
0,240,TRUE,TRUE,0.17748971056174997,0.06355585644723728,NA,Null baseline
0,241,TRUE,TRUE,0.3323222885319336,0.7936492557219302,NA,Null baseline
0,242,TRUE,TRUE,0.9327751416262029,0.43259825232495447,NA,Null baseline
0,243,TRUE,TRUE,0.08221844592504748,0.1616174043166631,NA,Null baseline
0,244,TRUE,TRUE,0.3773240226278614,0.2695788796180865,NA,Null baseline
0,245,TRUE,TRUE,0.6950476140412697,0.7247697606337572,NA,Null baseline
0,246,TRUE,TRUE,0.728763391889816,0.9189276139699009,NA,Null baseline
0,247,TRUE,TRUE,0.24318940826266966,0.06534609446959422,NA,Null baseline
0,248,TRUE,TRUE,0.6193378650381396,0.7984896034292772,NA,Null baseline
0,249,TRUE,TRUE,0.2476408051100981,0.17226871007431008,NA,Null baseline
0,250,TRUE,TRUE,0.501677906204563,0.22560057078860557,NA,Null baseline
0,251,TRUE,TRUE,0.40184356069054056,0.5534249607279053,NA,Null baseline
0,252,TRUE,TRUE,0.9994728880925309,0.8440970570994529,NA,Null baseline
0,253,TRUE,TRUE,0.33148707015898055,0.9525712106911246,NA,Null baseline
0,254,TRUE,TRUE,0.48056503288955826,0.6563684691091354,NA,Null baseline
0,255,TRUE,TRUE,0.42169194489423806,0.8793872896338099,NA,Null baseline
0,256,TRUE,TRUE,0.3868857496381011,0.9590373196026112,NA,Null baseline
0,257,TRUE,TRUE,0.9843096562329473,0.7052779260335416,NA,Null baseline
0,258,TRUE,TRUE,0.3884503563046712,0.07200843138501842,NA,Null baseline
0,259,TRUE,TRUE,0.6721164339611956,0.39510239853272444,NA,Null baseline
0,260,TRUE,TRUE,0.6749716198307515,0.24588585597390963,NA,Null baseline
0,261,TRUE,TRUE,0.18950305074364573,0.19835505064588604,NA,Null baseline
0,262,TRUE,TRUE,0.5672220471382495,0.8750889589194438,NA,Null baseline
0,263,TRUE,TRUE,0.621789833805176,0.672022853326414,NA,Null baseline
0,264,TRUE,TRUE,0.53997494162751,0.7968016587528669,NA,Null baseline
0,265,TRUE,TRUE,0.41470965990808406,0.7222323027610753,NA,Null baseline
0,266,TRUE,TRUE,0.864698141938429,0.13371039104906277,NA,Null baseline
0,267,TRUE,TRUE,0.13286098442772765,0.0010123593606118449,NA,Null baseline
0,268,TRUE,TRUE,0.36793776599806594,0.9682427486442229,NA,Null baseline
0,269,TRUE,TRUE,0.7579621971516143,0.8703432489097996,NA,Null baseline
0,270,TRUE,TRUE,0.18900303041736982,0.36784919553011297,NA,Null baseline
0,271,TRUE,TRUE,0.380222447254084,0.4087023352969028,NA,Null baseline
0,272,TRUE,TRUE,0.7265674707736602,0.6498016249086164,NA,Null baseline
0,273,TRUE,TRUE,0.12511239294213491,0.08212345071673505,NA,Null baseline
0,274,TRUE,TRUE,0.8388413016651004,0.6071145428585987,NA,Null baseline
0,275,TRUE,TRUE,0.6341781450057907,0.3454762808565367,NA,Null baseline
0,276,TRUE,TRUE,0.1016980535137772,0.24382273057916956,NA,Null baseline
0,277,TRUE,TRUE,0.4081288666396583,0.5683189321649196,NA,Null baseline
0,278,TRUE,TRUE,4.8816503652372245e-4,0.006780997122770026,NA,Null baseline
0,279,TRUE,TRUE,0.011835218058122902,0.31226669848111444,NA,Null baseline
0,280,TRUE,TRUE,0.033043038571368574,0.20852382448715884,NA,Null baseline
0,281,TRUE,TRUE,0.8907243640836624,0.7520886164730751,NA,Null baseline
0,282,TRUE,TRUE,0.23314941422001886,0.08296817839866856,NA,Null baseline
0,283,TRUE,TRUE,0.9540492848923808,0.5259023121288525,NA,Null baseline
0,284,TRUE,TRUE,0.39232983075353256,0.22445775498586906,NA,Null baseline
0,285,TRUE,TRUE,0.6075116694288434,0.792664982290052,NA,Null baseline
0,286,TRUE,TRUE,0.6015177763374849,0.45454580489058316,NA,Null baseline
0,287,TRUE,TRUE,0.37068516659735185,0.514458340012328,NA,Null baseline
0,288,TRUE,TRUE,0.9823584491784894,0.44821837598220204,NA,Null baseline
0,289,TRUE,TRUE,0.19032484465363908,0.6008284890645108,NA,Null baseline
0,290,TRUE,TRUE,0.2180162215417606,0.42099487360001364,NA,Null baseline
0,291,TRUE,TRUE,0.02609542682756161,0.14825230011534032,NA,Null baseline
0,292,TRUE,TRUE,0.12959585688394262,0.12320475669795247,NA,Null baseline
0,293,TRUE,TRUE,0.004959137944949725,0.12434837268397542,NA,Null baseline
0,294,TRUE,TRUE,0.7338250894961628,0.745918291811667,NA,Null baseline
0,295,TRUE,TRUE,0.8202364558417288,0.7326976471683604,NA,Null baseline
0,296,TRUE,TRUE,0.5639331868436889,0.18455754251536924,NA,Null baseline
0,297,TRUE,TRUE,0.027011767227049673,0.37147441460750724,NA,Null baseline
0,298,TRUE,TRUE,0.9763261818169288,0.8842861451318978,NA,Null baseline
0,299,TRUE,TRUE,0.7679165680835764,0.6010685837372696,NA,Null baseline
0,300,TRUE,TRUE,0.9268252954484144,0.8130190129942483,NA,Null baseline
0,301,TRUE,TRUE,0.49822841473615415,0.6333077034631134,NA,Null baseline
0,302,TRUE,TRUE,0.10396233155174087,0.03442026504206899,NA,Null baseline
0,303,TRUE,TRUE,0.0035243775383991052,0.03683488200373116,NA,Null baseline
0,304,TRUE,TRUE,0.3375147530127057,0.4351386964979809,NA,Null baseline
0,305,TRUE,TRUE,0.44827663429979286,0.5125976962293209,NA,Null baseline
0,306,TRUE,TRUE,0.632338421202891,0.21882072629841484,NA,Null baseline
0,307,TRUE,TRUE,0.016031860507866043,0.04790190564078151,NA,Null baseline
0,308,TRUE,TRUE,0.567778980631481,0.7720067475502634,NA,Null baseline
0,309,TRUE,TRUE,0.6946551752295922,0.8027991781757234,NA,Null baseline
0,310,TRUE,TRUE,0.77707784107006606,0.789420752062331,NA,Null baseline
0,311,TRUE,TRUE,0.5579951233242206,0.3181249978103573,NA,Null baseline
0,312,TRUE,TRUE,0.8066507671089685,0.7610924613130212,NA,Null baseline
0,313,TRUE,TRUE,0.702549210113715,0.49471112926190425,NA,Null baseline
0,314,TRUE,TRUE,0.36286791903958127,0.6571449441759192,NA,Null baseline
0,315,TRUE,TRUE,0.18119167642748557,0.24321434456828703,NA,Null baseline
0,316,TRUE,TRUE,0.10683309106098267,0.36406400325333366,NA,Null baseline
0,317,TRUE,TRUE,0.046803379505333594,0.011092817790443375,NA,Null baseline
0,318,TRUE,TRUE,0.21445522601208927,0.32283565010480497,NA,Null baseline
0,319,TRUE,TRUE,0.48515011475925973,0.9754304507008918,NA,Null baseline
0,320,TRUE,TRUE,0.6264607538161809,0.9756602755739372,NA,Null baseline
0,321,TRUE,TRUE,0.5982739272298635,0.980433165071368,NA,Null baseline
0,322,TRUE,TRUE,0.45997502232888793,0.1292113616379547,NA,Null baseline
0,323,TRUE,TRUE,0.04736662669319727,0.1583373477351526,NA,Null baseline
0,324,TRUE,TRUE,0.2733832956914226,0.05575877643651146,NA,Null baseline
0,325,TRUE,TRUE,0.9136068399892185,0.8092812209532064,NA,Null baseline
0,326,TRUE,TRUE,0.8555107987795995,0.42403727484890585,NA,Null baseline
0,327,TRUE,TRUE,0.6451381985209572,0.7801427119866428,NA,Null baseline
0,328,TRUE,TRUE,0.4045080721802998,0.6898434401932243,NA,Null baseline
0,329,TRUE,TRUE,0.19294201622800536,0.9776091876950802,NA,Null baseline
0,330,TRUE,TRUE,0.26187550335791243,0.9155392236788393,NA,Null baseline
0,331,TRUE,TRUE,0.6131571933830195,0.4448956951022478,NA,Null baseline
0,332,TRUE,TRUE,0.5608163752321661,0.2798521953476619,NA,Null baseline
0,333,TRUE,TRUE,0.3660567863453705,0.7972783958057457,NA,Null baseline
0,334,TRUE,TRUE,0.038130598231974816,0.329784398582977,NA,Null baseline
0,335,TRUE,TRUE,0.9282993235048734,0.7625755995300981,NA,Null baseline
0,336,TRUE,TRUE,0.36079795748820476,0.7772329723565311,NA,Null baseline
0,337,TRUE,TRUE,0.26028861685764393,0.2925273658050114,NA,Null baseline
0,338,TRUE,TRUE,0.667144873587185,0.6498652570898165,NA,Null baseline
0,339,TRUE,TRUE,0.8375920176538243,0.792559270405647,NA,Null baseline
0,340,TRUE,TRUE,0.2386664983979923,0.47192641772652805,NA,Null baseline
0,341,TRUE,TRUE,0.3008678868432615,0.9397156095177949,NA,Null baseline
0,342,TRUE,TRUE,0.9760857189613706,0.8301213519216107,NA,Null baseline
0,343,TRUE,TRUE,0.5436275596917088,0.6273459508184697,NA,Null baseline
0,344,TRUE,TRUE,0.19554426685815507,0.840216488403843,NA,Null baseline
0,345,TRUE,TRUE,0.4279862738340407,0.31902525683874094,NA,Null baseline
0,346,TRUE,TRUE,0.428961362147135,0.36476654000309433,NA,Null baseline
0,347,TRUE,TRUE,0.5381540030485131,0.6523476917165133,NA,Null baseline
0,348,TRUE,TRUE,0.4696512954500607,0.8025596289408266,NA,Null baseline
0,349,TRUE,TRUE,0.5978044478383585,0.8323406524052213,NA,Null baseline
0,350,TRUE,TRUE,0.5922263196046742,0.2719428989638862,NA,Null baseline
0,351,TRUE,TRUE,0.09151459952595303,0.7615095612064718,NA,Null baseline
0,352,TRUE,TRUE,0.18970706766229906,0.25580119848083366,NA,Null baseline
0,353,TRUE,TRUE,0.6203049251612561,0.633911047542637,NA,Null baseline
0,354,TRUE,TRUE,0.8350373731241075,0.6462016711978102,NA,Null baseline
0,355,TRUE,TRUE,0.6795758645468413,0.7599902404447679,NA,Null baseline
0,356,TRUE,TRUE,0.0960854035732836,0.5379737867178116,NA,Null baseline
0,357,TRUE,TRUE,0.048209451589366584,0.058867314392811045,NA,Null baseline
0,358,TRUE,TRUE,0.04739909432308606,0.4490702797651207,NA,Null baseline
0,359,TRUE,TRUE,0.36294578376319425,0.3711715681799517,NA,Null baseline
0,360,TRUE,TRUE,0.3692911118692403,0.8093871524247732,NA,Null baseline
0,361,TRUE,TRUE,0.33460927297086995,0.25554181508603313,NA,Null baseline
0,362,TRUE,TRUE,0.6149287812076993,0.2807366854806404,NA,Null baseline
0,363,TRUE,TRUE,0.961904409871409,0.8605561978631903,NA,Null baseline
0,364,TRUE,TRUE,0.9108971069737534,0.6898869243355681,NA,Null baseline
0,365,TRUE,TRUE,0.9914710402493332,0.5819400293174851,NA,Null baseline
0,366,TRUE,TRUE,0.7459432509102378,0.7080250264895082,NA,Null baseline
0,367,TRUE,TRUE,0.39218607337736733,0.22522942838640486,NA,Null baseline
0,368,TRUE,TRUE,0.11005622625332125,0.1407993241296088,NA,Null baseline
0,369,TRUE,TRUE,0.6728852138405457,0.6924224640167642,NA,Null baseline
0,370,TRUE,TRUE,0.5170752523178884,0.7828138815541971,NA,Null baseline
0,371,TRUE,TRUE,0.0015055434968018423,0.08266794665683466,NA,Null baseline
0,372,TRUE,TRUE,0.9002981905344901,0.9731866685329172,NA,Null baseline
0,373,TRUE,TRUE,0.9838038436633406,0.5613202619785845,NA,Null baseline
0,374,TRUE,TRUE,0.11176399864128392,0.5451713700918477,NA,Null baseline
0,375,TRUE,TRUE,0.5801234181876531,0.30070404882900664,NA,Null baseline
0,376,TRUE,TRUE,0.451128525643133,0.6330975174365723,NA,Null baseline
0,377,TRUE,TRUE,0.8705488283105949,0.7765023236982733,NA,Null baseline
0,378,TRUE,TRUE,0.014578718758638061,0.029440818508179246,NA,Null baseline
0,379,TRUE,TRUE,0.5551947594682058,0.862692879509565,NA,Null baseline
0,380,TRUE,TRUE,0.5031639456193415,0.41335610105745,NA,Null baseline
0,381,TRUE,TRUE,0.03704853510946244,0.08459152516506273,NA,Null baseline
0,382,TRUE,TRUE,0.5529560295013901,0.7708920990214846,NA,Null baseline
0,383,TRUE,TRUE,0.5925908774102218,0.25917633972865944,NA,Null baseline
0,384,TRUE,TRUE,0.8187108198067583,0.9546195087936877,NA,Null baseline
0,385,TRUE,TRUE,0.002790239000604872,0.015868349830119033,NA,Null baseline
0,386,TRUE,TRUE,0.06986677657625491,0.34906887987374563,NA,Null baseline
0,387,TRUE,TRUE,0.7477910780133838,0.6655390128017635,NA,Null baseline
0,388,TRUE,TRUE,0.4754078754588471,0.8788782734520086,NA,Null baseline
0,389,TRUE,TRUE,0.06524672516344959,0.16721029332897056,NA,Null baseline
0,390,TRUE,TRUE,0.7340253393840038,0.5540674266226342,NA,Null baseline
0,391,TRUE,TRUE,0.9759225174983189,0.46506666187870815,NA,Null baseline
0,392,TRUE,TRUE,0.32059862921221555,0.3453139531995427,NA,Null baseline
0,393,TRUE,TRUE,0.5321917923754391,0.5765078075996632,NA,Null baseline
0,394,TRUE,TRUE,0.8405966125126508,0.9124899307079993,NA,Null baseline
0,395,TRUE,TRUE,0.3859271548847726,0.19548084024979667,NA,Null baseline
0,396,TRUE,TRUE,0.1279034375681404,0.058486909930220224,NA,Null baseline
0,397,TRUE,TRUE,0.6048876921742788,0.7715986923697646,NA,Null baseline
0,398,TRUE,TRUE,0.8136536148775096,0.5221668114561163,NA,Null baseline
0,399,TRUE,TRUE,0.8269857936397438,0.9844389462681582,NA,Null baseline
0,400,TRUE,TRUE,0.5027895665010106,0.5518672397929206,NA,Null baseline
0,401,TRUE,TRUE,0.9288292292842313,0.6717049510998266,NA,Null baseline
0,402,TRUE,TRUE,0.12422404950416477,0.02045068401662553,NA,Null baseline
0,403,TRUE,TRUE,0.1888362745225067,0.032794978766178186,NA,Null baseline
0,404,TRUE,TRUE,0.7146773813922458,0.9069509360189344,NA,Null baseline
0,405,TRUE,TRUE,0.519918970271868,0.37838544078047426,NA,Null baseline
0,406,TRUE,TRUE,0.44836177281134065,0.3140696061292988,NA,Null baseline
0,407,TRUE,TRUE,0.27568385823709574,0.25476130602549346,NA,Null baseline
0,408,TRUE,TRUE,0.6464300904273679,0.018940147396416623,NA,Null baseline
0,409,TRUE,TRUE,0.9443379542281459,0.9748368869376517,NA,Null baseline
0,410,TRUE,TRUE,0.9481488425427091,0.725490221034164,NA,Null baseline
0,411,TRUE,TRUE,0.08128502552088988,0.6401170571083423,NA,Null baseline
0,412,TRUE,TRUE,0.20535268132151444,0.3972796795006721,NA,Null baseline
0,413,TRUE,TRUE,0.9469402573475878,0.6907862289377351,NA,Null baseline
0,414,TRUE,TRUE,0.7202967419311517,0.831383098915013,NA,Null baseline
0,415,TRUE,TRUE,0.2946175555159808,0.19533971373082512,NA,Null baseline
0,416,TRUE,TRUE,0.10084761126025207,0.5990676144261944,NA,Null baseline
0,417,TRUE,TRUE,0.9018801377893505,0.601054239476493,NA,Null baseline
0,418,TRUE,TRUE,0.9264961791503892,0.539494381504881,NA,Null baseline
0,419,TRUE,TRUE,0.9865978328443143,0.7666653966563107,NA,Null baseline
0,420,TRUE,TRUE,0.07934438464807715,0.5905341399629299,NA,Null baseline
0,421,TRUE,TRUE,0.2654707114446801,0.026810424383478186,NA,Null baseline
0,422,TRUE,TRUE,0.5897632398080442,0.17081252674474906,NA,Null baseline
0,423,TRUE,TRUE,0.9570974676816103,0.8551465248869664,NA,Null baseline
0,424,TRUE,TRUE,0.9888861648726287,0.8489119047784284,NA,Null baseline
0,425,TRUE,TRUE,0.2909535674828853,0.6363057450874939,NA,Null baseline
0,426,TRUE,TRUE,0.2664370517061242,0.8829062005022836,NA,Null baseline
0,427,TRUE,TRUE,0.383808144232356,0.2856426867662385,NA,Null baseline
0,428,TRUE,TRUE,0.6892107020755347,0.22036434410813802,NA,Null baseline
0,429,TRUE,TRUE,0.672822669350291,0.9915554998031842,NA,Null baseline
0,430,TRUE,TRUE,0.3556328990072984,0.6299072771674172,NA,Null baseline
0,431,TRUE,TRUE,0.3932023982551196,0.5948985787744222,NA,Null baseline
0,432,TRUE,TRUE,0.8031208184355589,0.7765550743947096,NA,Null baseline
0,433,TRUE,TRUE,0.5765986803079698,0.04704531988988172,NA,Null baseline
0,434,TRUE,TRUE,0.3189504351768414,0.6392266522445775,NA,Null baseline
0,435,TRUE,TRUE,0.032517973727718634,0.051438190719907226,NA,Null baseline
0,436,TRUE,TRUE,0.19116499494150624,0.5782880936735412,NA,Null baseline
0,437,TRUE,TRUE,0.3598620318841139,0.10708258954623964,NA,Null baseline
0,438,TRUE,TRUE,0.5750740137918495,0.9199985444697537,NA,Null baseline
0,439,TRUE,TRUE,0.0636652372826999,0.05202476979347678,NA,Null baseline
0,440,TRUE,TRUE,0.6065272573047306,0.08815696753429283,NA,Null baseline
0,441,TRUE,TRUE,0.343232187951196,0.4928643189912441,NA,Null baseline
0,442,TRUE,TRUE,0.7437934850301947,0.44795014568169667,NA,Null baseline
0,443,TRUE,TRUE,0.5354742813432589,0.8928260201763385,NA,Null baseline
0,444,TRUE,TRUE,0.9784104063466648,0.424484788725892,NA,Null baseline
0,445,TRUE,TRUE,0.5205679482955512,0.44943356318179845,NA,Null baseline
0,446,TRUE,TRUE,0.8611047401154697,0.8659549729593095,NA,Null baseline
0,447,TRUE,TRUE,0.8190085542550128,0.8480347673568135,NA,Null baseline
0,448,TRUE,TRUE,0.6047107794857842,0.35314307630297354,NA,Null baseline
0,449,TRUE,TRUE,0.5279188796860645,0.9150246861863489,NA,Null baseline
0,450,TRUE,TRUE,0.996116331138359,0.9905448688664625,NA,Null baseline
0,451,TRUE,TRUE,0.6579391143038977,0.7642917144204293,NA,Null baseline
0,452,TRUE,TRUE,0.22576829246893548,0.19818187864777576,NA,Null baseline
0,453,TRUE,TRUE,0.532932121020229,0.5586160064814536,NA,Null baseline
0,454,TRUE,TRUE,0.13859934946138402,0.049878564497635364,NA,Null baseline
0,455,TRUE,TRUE,0.6067149731761595,0.47546884221317615,NA,Null baseline
0,456,TRUE,TRUE,0.9019317292475167,0.17095018967078218,NA,Null baseline
0,457,TRUE,TRUE,0.47963366163039656,0.26543162922335456,NA,Null baseline
0,458,TRUE,TRUE,0.5176077145212745,0.7630411083683786,NA,Null baseline
0,459,TRUE,TRUE,0.10414336397853603,0.06102398264397815,NA,Null baseline
0,460,TRUE,TRUE,0.8465544312333494,0.9705838363253253,NA,Null baseline
0,461,TRUE,TRUE,0.6074156899423765,0.41704490808124006,NA,Null baseline
0,462,TRUE,TRUE,0.022280150264405815,0.030922924274046838,NA,Null baseline
0,463,TRUE,TRUE,0.5542083847206093,0.8362891155577467,NA,Null baseline
0,464,TRUE,TRUE,0.0229358969024825,0.03279895836805872,NA,Null baseline
0,465,TRUE,TRUE,0.6311122580361161,0.9442519925827516,NA,Null baseline
0,466,TRUE,TRUE,0.2369764639884239,0.5210910930566622,NA,Null baseline
0,467,TRUE,TRUE,0.048168123127812865,0.03372862712931067,NA,Null baseline
0,468,TRUE,TRUE,0.7952019824406539,0.4723012991660368,NA,Null baseline
0,469,TRUE,TRUE,0.2180564264148851,0.10206953174346124,NA,Null baseline
0,470,TRUE,TRUE,0.7984104678983075,0.1678949599335329,NA,Null baseline
0,471,TRUE,TRUE,0.07406217423737395,0.2127050503274836,NA,Null baseline
0,472,TRUE,TRUE,0.2929620277674334,0.6707554809638587,NA,Null baseline
0,473,TRUE,TRUE,0.36085489713916774,0.9509010525169743,NA,Null baseline
0,474,TRUE,TRUE,0.14757320258530449,0.013969703004777073,NA,Null baseline
0,475,TRUE,TRUE,0.19803313770878703,0.440582022380912,NA,Null baseline
0,476,TRUE,TRUE,0.7782576658951272,0.3856760150774987,NA,Null baseline
0,477,TRUE,TRUE,0.9037943143491234,0.7773058936380762,NA,Null baseline
0,478,TRUE,TRUE,0.9871311416347718,0.5716273229772445,NA,Null baseline
0,479,TRUE,TRUE,0.6568522479025123,0.6453406243766265,NA,Null baseline
0,480,TRUE,TRUE,0.0268096336317302,0.22634140021344837,NA,Null baseline
0,481,TRUE,TRUE,0.6283921088574022,0.2892548462951893,NA,Null baseline
0,482,TRUE,TRUE,0.670273055001442,0.9892041553308341,NA,Null baseline
0,483,TRUE,TRUE,0.5388417584985309,0.7254525714973813,NA,Null baseline
0,484,TRUE,TRUE,0.2528826959828439,0.5948448532239498,NA,Null baseline
0,485,TRUE,TRUE,0.647735783921807,0.041797536470567394,NA,Null baseline
0,486,TRUE,TRUE,0.4347533600051075,0.21653881935307484,NA,Null baseline
0,487,TRUE,TRUE,0.4930201897847559,0.7084560650993764,NA,Null baseline
0,488,TRUE,TRUE,0.5923822624268077,0.5283351856004773,NA,Null baseline
0,489,TRUE,TRUE,0.21877384320305984,0.7458792906495988,NA,Null baseline
0,490,TRUE,TRUE,0.18196097501148772,0.029227185970096745,NA,Null baseline
0,491,TRUE,TRUE,0.8159746120279135,0.18065240228370213,NA,Null baseline
0,492,TRUE,TRUE,0.38480006300383335,0.09615926040721688,NA,Null baseline
0,493,TRUE,TRUE,0.6469749275171575,0.612688046505922,NA,Null baseline
0,494,TRUE,TRUE,0.216769976624237,0.35741148740132517,NA,Null baseline
0,495,TRUE,TRUE,0.7073121369253934,0.46322893906401386,NA,Null baseline
0,496,TRUE,TRUE,0.6121061551456808,0.4132707974788079,NA,Null baseline
0,497,TRUE,TRUE,0.8740380107369607,0.5173234826017962,NA,Null baseline
0,498,TRUE,TRUE,0.6539679173029755,0.37758851518104947,NA,Null baseline
0,499,TRUE,TRUE,0.734337344113021,0.21137539117883208,NA,Null baseline
0,500,TRUE,TRUE,0.008699122839566472,1.2928502177844762e-4,NA,Null baseline
0.08,1,TRUE,TRUE,0.009843082788767422,0.7181562921113196,NA,"BOTH +/-8%, OXT/NAL +/-4%"
0.08,2,TRUE,TRUE,0.4133344390133624,0.9326795294476556,NA,"BOTH +/-8%, OXT/NAL +/-4%"
0.08,3,TRUE,TRUE,0.1252287275171339,0.1932318059567805,NA,"BOTH +/-8%, OXT/NAL +/-4%"
0.08,4,TRUE,TRUE,0.015914462999914274,0.3525542864918252,NA,"BOTH +/-8%, OXT/NAL +/-4%"
0.08,5,TRUE,TRUE,0.7732448695327538,0.25342139812818687,NA,"BOTH +/-8%, OXT/NAL +/-4%"
0.08,6,TRUE,TRUE,0.05336117230507364,0.786100456569212,NA,"BOTH +/-8%, OXT/NAL +/-4%"
0.08,7,TRUE,TRUE,0.07219038600252393,0.042226764602406215,NA,"BOTH +/-8%, OXT/NAL +/-4%"
0.08,8,TRUE,TRUE,0.055808522569964984,0.7988839204888556,NA,"BOTH +/-8%, OXT/NAL +/-4%"
0.08,9,TRUE,TRUE,0.4757735532310765,0.42210036171216253,NA,"BOTH +/-8%, OXT/NAL +/-4%"
0.08,10,TRUE,TRUE,0.17116816559565262,0.7609710975214019,NA,"BOTH +/-8%, OXT/NAL +/-4%"
0.08,11,TRUE,TRUE,0.34007333497192516,0.3680501202847638,NA,"BOTH +/-8%, OXT/NAL +/-4%"
0.08,12,TRUE,TRUE,0.012314123314279704,0.07399090601343192,NA,"BOTH +/-8%, OXT/NAL +/-4%"
0.08,13,TRUE,TRUE,0.3713856370176596,0.22590931950035922,NA,"BOTH +/-8%, OXT/NAL +/-4%"
0.08,14,TRUE,TRUE,0.01606859417715738,0.08959342940749311,NA,"BOTH +/-8%, OXT/NAL +/-4%"
0.08,15,TRUE,TRUE,0.15966570848941414,0.5062322786090435,NA,"BOTH +/-8%, OXT/NAL +/-4%"
0.08,16,TRUE,TRUE,0.0024226435381467255,0.03352881842299146,NA,"BOTH +/-8%, OXT/NAL +/-4%"
0.08,17,TRUE,TRUE,0.2756045776804226,0.9176180978629751,NA,"BOTH +/-8%, OXT/NAL +/-4%"
0.08,18,TRUE,TRUE,0.06490265836466354,0.00630051646060415,NA,"BOTH +/-8%, OXT/NAL +/-4%"
0.08,19,TRUE,TRUE,0.08723789625981233,0.5906362640452811,NA,"BOTH +/-8%, OXT/NAL +/-4%"
0.08,20,TRUE,TRUE,0.04062319108162618,0.0668532884519991,NA,"BOTH +/-8%, OXT/NAL +/-4%"
0.08,21,TRUE,TRUE,0.20600887913726545,0.21529086029622654,NA,"BOTH +/-8%, OXT/NAL +/-4%"
0.08,22,TRUE,TRUE,0.0029381763370615863,0.6547330098563164,NA,"BOTH +/-8%, OXT/NAL +/-4%"
0.08,23,TRUE,TRUE,0.00185074001857701,0.740499954063151,NA,"BOTH +/-8%, OXT/NAL +/-4%"
0.08,24,TRUE,TRUE,0.13729473653738028,0.8700163030752103,NA,"BOTH +/-8%, OXT/NAL +/-4%"
0.08,25,TRUE,TRUE,0.11677755989247816,0.9126059125569216,NA,"BOTH +/-8%, OXT/NAL +/-4%"
0.08,26,TRUE,TRUE,0.2589418877081095,0.6259996368333747,NA,"BOTH +/-8%, OXT/NAL +/-4%"
0.08,27,TRUE,TRUE,0.08499027530875358,0.6692196133387034,NA,"BOTH +/-8%, OXT/NAL +/-4%"
0.08,28,TRUE,TRUE,0.45799552100903196,0.640826039242087,NA,"BOTH +/-8%, OXT/NAL +/-4%"
0.08,29,TRUE,TRUE,0.15357386145277488,0.22335711360807123,NA,"BOTH +/-8%, OXT/NAL +/-4%"
0.08,30,TRUE,TRUE,0.22461552812070618,0.1766180279900435,NA,"BOTH +/-8%, OXT/NAL +/-4%"
0.08,31,TRUE,TRUE,0.5907342674749343,0.8913627983572057,NA,"BOTH +/-8%, OXT/NAL +/-4%"
0.08,32,TRUE,TRUE,0.02347389800604659,0.9474617665736507,NA,"BOTH +/-8%, OXT/NAL +/-4%"
0.08,33,TRUE,TRUE,0.40158565638691623,0.719864375854381,NA,"BOTH +/-8%, OXT/NAL +/-4%"
0.08,34,TRUE,TRUE,0.038080121121625905,0.3533917160121945,NA,"BOTH +/-8%, OXT/NAL +/-4%"
0.08,35,TRUE,TRUE,0.12423332478858588,0.5334387618250336,NA,"BOTH +/-8%, OXT/NAL +/-4%"
0.08,36,TRUE,TRUE,0.40521596427379,0.9029107982941383,NA,"BOTH +/-8%, OXT/NAL +/-4%"
0.08,37,TRUE,TRUE,0.3465070189898928,0.3767403942800827,NA,"BOTH +/-8%, OXT/NAL +/-4%"
0.08,38,TRUE,TRUE,0.03088805110617087,0.39073101427947354,NA,"BOTH +/-8%, OXT/NAL +/-4%"
0.08,39,TRUE,TRUE,0.8244468557170952,0.8840630019575776,NA,"BOTH +/-8%, OXT/NAL +/-4%"
0.08,40,TRUE,TRUE,0.0019789002667858512,0.8632975715568287,NA,"BOTH +/-8%, OXT/NAL +/-4%"
0.08,41,TRUE,TRUE,0.11841960151647471,0.4405159802080064,NA,"BOTH +/-8%, OXT/NAL +/-4%"
0.08,42,TRUE,TRUE,0.012724386438262455,0.4541456958699861,NA,"BOTH +/-8%, OXT/NAL +/-4%"
0.08,43,TRUE,TRUE,0.12732162379045422,0.11928851281982959,NA,"BOTH +/-8%, OXT/NAL +/-4%"
0.08,44,TRUE,TRUE,0.08132398990949236,0.0277385574699091,NA,"BOTH +/-8%, OXT/NAL +/-4%"
0.08,45,TRUE,TRUE,0.05054787402283695,0.008041911551495171,NA,"BOTH +/-8%, OXT/NAL +/-4%"
0.08,46,TRUE,TRUE,0.4341443235936552,0.9585756683079409,NA,"BOTH +/-8%, OXT/NAL +/-4%"
0.08,47,TRUE,TRUE,0.4401237072895838,0.2722049797508877,NA,"BOTH +/-8%, OXT/NAL +/-4%"
0.08,48,TRUE,TRUE,2.0634414210075089e-4,0.2918280106565293,NA,"BOTH +/-8%, OXT/NAL +/-4%"
0.08,49,TRUE,TRUE,0.5298060078578963,0.9162270922209995,NA,"BOTH +/-8%, OXT/NAL +/-4%"
0.08,50,TRUE,TRUE,0.00863118349640629,0.6787862852363657,NA,"BOTH +/-8%, OXT/NAL +/-4%"
0.08,51,TRUE,TRUE,0.15009284929871936,0.3567141984779286,NA,"BOTH +/-8%, OXT/NAL +/-4%"
0.08,52,TRUE,TRUE,3.8353654497834574e-5,0.047767154612891105,NA,"BOTH +/-8%, OXT/NAL +/-4%"
0.08,53,TRUE,TRUE,0.0529981912018251,0.004911369804958221,NA,"BOTH +/-8%, OXT/NAL +/-4%"
0.08,54,TRUE,TRUE,0.0564073444188921,0.5541793099573672,NA,"BOTH +/-8%, OXT/NAL +/-4%"
0.08,55,TRUE,TRUE,0.007630220806898315,0.24722720833487064,NA,"BOTH +/-8%, OXT/NAL +/-4%"
0.08,56,TRUE,TRUE,0.08164824427163397,0.07527379202265004,NA,"BOTH +/-8%, OXT/NAL +/-4%"
0.08,57,TRUE,TRUE,0.003638587696158646,0.06038094462813593,NA,"BOTH +/-8%, OXT/NAL +/-4%"
0.08,58,TRUE,TRUE,0.009075831917756351,0.2768973117537733,NA,"BOTH +/-8%, OXT/NAL +/-4%"
0.08,59,TRUE,TRUE,0.13702887595749225,0.8565806409538367,NA,"BOTH +/-8%, OXT/NAL +/-4%"
0.08,60,TRUE,TRUE,0.026352770104360056,0.30970695162361106,NA,"BOTH +/-8%, OXT/NAL +/-4%"
0.08,61,TRUE,TRUE,0.01290914593901416,0.29626698757953673,NA,"BOTH +/-8%, OXT/NAL +/-4%"
0.08,62,TRUE,TRUE,0.015003860047677939,0.7130689647922877,NA,"BOTH +/-8%, OXT/NAL +/-4%"
0.08,63,TRUE,TRUE,0.014042779567072982,0.12403050675606737,NA,"BOTH +/-8%, OXT/NAL +/-4%"
0.08,64,TRUE,TRUE,0.8895988966929043,0.7594503400997271,NA,"BOTH +/-8%, OXT/NAL +/-4%"
0.08,65,TRUE,TRUE,0.17214114573555855,0.7356918915370616,NA,"BOTH +/-8%, OXT/NAL +/-4%"
0.08,66,TRUE,TRUE,0.7642550225772016,0.44931382869119707,NA,"BOTH +/-8%, OXT/NAL +/-4%"
0.08,67,TRUE,TRUE,0.008352528430457615,0.07079594597129317,NA,"BOTH +/-8%, OXT/NAL +/-4%"
0.08,68,TRUE,TRUE,0.5154851409004356,0.6723663814061369,NA,"BOTH +/-8%, OXT/NAL +/-4%"
0.08,69,TRUE,TRUE,0.02376723356469871,0.4160136704279673,NA,"BOTH +/-8%, OXT/NAL +/-4%"
0.08,70,TRUE,TRUE,0.3150911418368378,0.33895882735432664,NA,"BOTH +/-8%, OXT/NAL +/-4%"
0.08,71,TRUE,TRUE,0.08419007952773608,0.48273468279855203,NA,"BOTH +/-8%, OXT/NAL +/-4%"
0.08,72,TRUE,TRUE,0.03854084568989454,0.9015786395739139,NA,"BOTH +/-8%, OXT/NAL +/-4%"
0.08,73,TRUE,TRUE,0.11228149249512204,0.5224704043842237,NA,"BOTH +/-8%, OXT/NAL +/-4%"
0.08,74,TRUE,TRUE,0.0049199055728604306,0.1422411904985722,NA,"BOTH +/-8%, OXT/NAL +/-4%"
0.08,75,TRUE,TRUE,0.09665842670734567,0.5500076287206239,NA,"BOTH +/-8%, OXT/NAL +/-4%"
0.08,76,TRUE,TRUE,5.670588032617578e-7,0.0164375534716982,NA,"BOTH +/-8%, OXT/NAL +/-4%"
0.08,77,TRUE,TRUE,0.0354794432159788,0.4411761496013155,NA,"BOTH +/-8%, OXT/NAL +/-4%"
0.08,78,TRUE,TRUE,0.9205365063754095,0.20014431830277077,NA,"BOTH +/-8%, OXT/NAL +/-4%"
0.08,79,TRUE,TRUE,0.010825128591552137,0.1575210379990531,NA,"BOTH +/-8%, OXT/NAL +/-4%"
0.08,80,TRUE,TRUE,0.05695121649050691,0.10685579401440684,NA,"BOTH +/-8%, OXT/NAL +/-4%"
0.08,81,TRUE,TRUE,0.02853825098573088,0.057285250993062725,NA,"BOTH +/-8%, OXT/NAL +/-4%"
0.08,82,TRUE,TRUE,0.6042682862047787,0.7785500448902756,NA,"BOTH +/-8%, OXT/NAL +/-4%"
0.08,83,TRUE,TRUE,0.012991654576345865,0.2891070046529962,NA,"BOTH +/-8%, OXT/NAL +/-4%"
0.08,84,TRUE,TRUE,0.009251511452246865,0.9782187506589247,NA,"BOTH +/-8%, OXT/NAL +/-4%"
0.08,85,TRUE,TRUE,0.22921945285762993,0.06666190261097579,NA,"BOTH +/-8%, OXT/NAL +/-4%"
0.08,86,TRUE,TRUE,0.0947549016458092,0.07683621186902309,NA,"BOTH +/-8%, OXT/NAL +/-4%"
0.08,87,TRUE,TRUE,0.005228541648140563,0.8499014328372991,NA,"BOTH +/-8%, OXT/NAL +/-4%"
0.08,88,TRUE,TRUE,0.5166048713494215,0.5259037061895845,NA,"BOTH +/-8%, OXT/NAL +/-4%"
0.08,89,TRUE,TRUE,0.4875024406336211,0.8636112273092225,NA,"BOTH +/-8%, OXT/NAL +/-4%"
0.08,90,TRUE,TRUE,0.00236312748242945,0.10663072274860859,NA,"BOTH +/-8%, OXT/NAL +/-4%"
0.08,91,TRUE,TRUE,0.3477553336085074,0.3018860132564997,NA,"BOTH +/-8%, OXT/NAL +/-4%"
0.08,92,TRUE,TRUE,0.16293257904578534,0.4504508763662134,NA,"BOTH +/-8%, OXT/NAL +/-4%"
0.08,93,TRUE,TRUE,0.6010182635957446,0.9573450644853341,NA,"BOTH +/-8%, OXT/NAL +/-4%"
0.08,94,TRUE,TRUE,0.017058430960281,0.769362505575075,NA,"BOTH +/-8%, OXT/NAL +/-4%"
0.08,95,TRUE,TRUE,0.09854797497548548,0.08746082771122962,NA,"BOTH +/-8%, OXT/NAL +/-4%"
0.08,96,TRUE,TRUE,0.022510668368054338,0.8238084848510586,NA,"BOTH +/-8%, OXT/NAL +/-4%"
0.08,97,TRUE,TRUE,0.039847886028024006,0.7113664317672883,NA,"BOTH +/-8%, OXT/NAL +/-4%"
0.08,98,TRUE,TRUE,0.1033338783261481,0.5072549948682243,NA,"BOTH +/-8%, OXT/NAL +/-4%"
0.08,99,TRUE,TRUE,0.009711224886106786,0.2943077029406354,NA,"BOTH +/-8%, OXT/NAL +/-4%"
0.08,100,TRUE,TRUE,0.020797201544311663,0.40117891798033084,NA,"BOTH +/-8%, OXT/NAL +/-4%"
0.08,101,TRUE,TRUE,0.874933140929403,0.8385144280484207,NA,"BOTH +/-8%, OXT/NAL +/-4%"
0.08,102,TRUE,TRUE,0.41262588789430454,0.7880022580834208,NA,"BOTH +/-8%, OXT/NAL +/-4%"
0.08,103,TRUE,TRUE,0.1543979416288339,0.013488928358115701,NA,"BOTH +/-8%, OXT/NAL +/-4%"
0.08,104,TRUE,TRUE,0.14141369532407397,0.8516759306738049,NA,"BOTH +/-8%, OXT/NAL +/-4%"
0.08,105,TRUE,TRUE,0.020147976620479034,0.867404301382737,NA,"BOTH +/-8%, OXT/NAL +/-4%"
0.08,106,TRUE,TRUE,0.24272217378522373,0.5680626544787049,NA,"BOTH +/-8%, OXT/NAL +/-4%"
0.08,107,TRUE,TRUE,0.7562380060680629,0.46878221044974094,NA,"BOTH +/-8%, OXT/NAL +/-4%"
0.08,108,TRUE,TRUE,0.019336337841201666,0.6302588672250394,NA,"BOTH +/-8%, OXT/NAL +/-4%"
0.08,109,TRUE,TRUE,0.20175953755993162,0.4276123630577925,NA,"BOTH +/-8%, OXT/NAL +/-4%"
0.08,110,TRUE,TRUE,0.14100197798305458,0.5824436802232773,NA,"BOTH +/-8%, OXT/NAL +/-4%"
0.08,111,TRUE,TRUE,0.2657315595042382,0.5970736979211838,NA,"BOTH +/-8%, OXT/NAL +/-4%"
0.08,112,TRUE,TRUE,0.008192886024682402,0.4678739662410585,NA,"BOTH +/-8%, OXT/NAL +/-4%"
0.08,113,TRUE,TRUE,0.07796004460529676,0.5832796651892248,NA,"BOTH +/-8%, OXT/NAL +/-4%"
0.08,114,TRUE,TRUE,0.10903234792233532,0.6737235815411138,NA,"BOTH +/-8%, OXT/NAL +/-4%"
0.08,115,TRUE,TRUE,0.003927744240829811,0.47829917097829067,NA,"BOTH +/-8%, OXT/NAL +/-4%"
0.08,116,TRUE,TRUE,0.01023696766097983,0.8334915163310823,NA,"BOTH +/-8%, OXT/NAL +/-4%"
0.08,117,TRUE,TRUE,0.11937284634027547,0.3633183471615619,NA,"BOTH +/-8%, OXT/NAL +/-4%"
0.08,118,TRUE,TRUE,0.4221570418745861,0.035472547893626354,NA,"BOTH +/-8%, OXT/NAL +/-4%"
0.08,119,TRUE,TRUE,0.006636508563797727,0.042300060390486394,NA,"BOTH +/-8%, OXT/NAL +/-4%"
0.08,120,TRUE,TRUE,0.4062874623966055,0.14952391754364008,NA,"BOTH +/-8%, OXT/NAL +/-4%"
0.08,121,TRUE,TRUE,0.3286984646470787,0.8745629647449698,NA,"BOTH +/-8%, OXT/NAL +/-4%"
0.08,122,TRUE,TRUE,0.17076430038890542,0.49118587123773605,NA,"BOTH +/-8%, OXT/NAL +/-4%"
0.08,123,TRUE,TRUE,0.12590166060423302,0.26450646298356784,NA,"BOTH +/-8%, OXT/NAL +/-4%"
0.08,124,TRUE,TRUE,0.5211292212907997,0.6081892584285028,NA,"BOTH +/-8%, OXT/NAL +/-4%"
0.08,125,TRUE,TRUE,0.437072016311175,0.7133208151364498,NA,"BOTH +/-8%, OXT/NAL +/-4%"
0.08,126,TRUE,TRUE,0.16316008757219444,0.06665681736476341,NA,"BOTH +/-8%, OXT/NAL +/-4%"
0.08,127,TRUE,TRUE,0.07276828403254793,0.32803753693254484,NA,"BOTH +/-8%, OXT/NAL +/-4%"
0.08,128,TRUE,TRUE,0.04117894098713165,0.45412631039307966,NA,"BOTH +/-8%, OXT/NAL +/-4%"
0.08,129,TRUE,TRUE,0.028496135539030222,0.9457798943567893,NA,"BOTH +/-8%, OXT/NAL +/-4%"
0.08,130,TRUE,TRUE,0.573630241763459,0.6341924178791559,NA,"BOTH +/-8%, OXT/NAL +/-4%"
0.08,131,TRUE,TRUE,0.008299503269983407,0.03639590526305166,NA,"BOTH +/-8%, OXT/NAL +/-4%"
0.08,132,TRUE,TRUE,0.1775038188185199,0.6149026647300674,NA,"BOTH +/-8%, OXT/NAL +/-4%"
0.08,133,TRUE,TRUE,0.26832569481203183,0.7078728532542273,NA,"BOTH +/-8%, OXT/NAL +/-4%"
0.08,134,TRUE,TRUE,9.134366780700868e-4,0.055705616362730574,NA,"BOTH +/-8%, OXT/NAL +/-4%"
0.08,135,TRUE,TRUE,0.03158793792988864,0.7467884183542485,NA,"BOTH +/-8%, OXT/NAL +/-4%"
0.08,136,TRUE,TRUE,0.0012558624487903239,0.11280691117505025,NA,"BOTH +/-8%, OXT/NAL +/-4%"
0.08,137,TRUE,TRUE,0.5663358602985435,0.9365270165402021,NA,"BOTH +/-8%, OXT/NAL +/-4%"
0.08,138,TRUE,TRUE,0.2553539952096922,0.40106603743374997,NA,"BOTH +/-8%, OXT/NAL +/-4%"
0.08,139,TRUE,TRUE,0.04610349745378084,0.10856191752018717,NA,"BOTH +/-8%, OXT/NAL +/-4%"
0.08,140,TRUE,TRUE,0.05816622801121674,0.9678597998608144,NA,"BOTH +/-8%, OXT/NAL +/-4%"
0.08,141,TRUE,TRUE,0.0036138998905589624,0.5679405275445296,NA,"BOTH +/-8%, OXT/NAL +/-4%"
0.08,142,TRUE,TRUE,0.5627931867458023,0.699409071032377,NA,"BOTH +/-8%, OXT/NAL +/-4%"
0.08,143,TRUE,TRUE,0.42021913651523496,0.8141959941438052,NA,"BOTH +/-8%, OXT/NAL +/-4%"
0.08,144,TRUE,TRUE,0.6642063540971153,0.9627491255065203,NA,"BOTH +/-8%, OXT/NAL +/-4%"
0.08,145,TRUE,TRUE,0.08543149859866285,0.8716029448823489,NA,"BOTH +/-8%, OXT/NAL +/-4%"
0.08,146,TRUE,TRUE,0.3505989519452097,0.42336707368830406,NA,"BOTH +/-8%, OXT/NAL +/-4%"
0.08,147,TRUE,TRUE,0.0035997767646040405,0.6078322762695907,NA,"BOTH +/-8%, OXT/NAL +/-4%"
0.08,148,TRUE,TRUE,0.001271525250871735,0.11618335910028557,NA,"BOTH +/-8%, OXT/NAL +/-4%"
0.08,149,TRUE,TRUE,0.9405450651025596,0.8010635378688178,NA,"BOTH +/-8%, OXT/NAL +/-4%"
0.08,150,TRUE,TRUE,0.07598972478584583,0.577318181626503,NA,"BOTH +/-8%, OXT/NAL +/-4%"
0.08,151,TRUE,TRUE,0.277549288430227,0.7688308490181672,NA,"BOTH +/-8%, OXT/NAL +/-4%"
0.08,152,TRUE,TRUE,0.552787689513795,0.9192065525373553,NA,"BOTH +/-8%, OXT/NAL +/-4%"
0.08,153,TRUE,TRUE,0.4483518411482254,0.9158505629431039,NA,"BOTH +/-8%, OXT/NAL +/-4%"
0.08,154,TRUE,TRUE,0.4954087526484408,0.28340579502347685,NA,"BOTH +/-8%, OXT/NAL +/-4%"
0.08,155,TRUE,TRUE,0.1497516306992153,0.8316043257069282,NA,"BOTH +/-8%, OXT/NAL +/-4%"
0.08,156,TRUE,TRUE,0.007623160127335801,0.16273900673790442,NA,"BOTH +/-8%, OXT/NAL +/-4%"
0.08,157,TRUE,TRUE,0.8436961395782852,0.33081249904638754,NA,"BOTH +/-8%, OXT/NAL +/-4%"
0.08,158,TRUE,TRUE,0.8597666991614741,0.31071290990503586,NA,"BOTH +/-8%, OXT/NAL +/-4%"
0.08,159,TRUE,TRUE,0.01926162166713314,0.037240499978247216,NA,"BOTH +/-8%, OXT/NAL +/-4%"
0.08,160,TRUE,TRUE,0.1741481559588075,0.9282744406181341,NA,"BOTH +/-8%, OXT/NAL +/-4%"
0.08,161,TRUE,TRUE,0.04915435947002131,0.4960229608661217,NA,"BOTH +/-8%, OXT/NAL +/-4%"
0.08,162,TRUE,TRUE,0.15094955696245585,0.7723223811624201,NA,"BOTH +/-8%, OXT/NAL +/-4%"
0.08,163,TRUE,TRUE,0.17541857497331964,0.8167609353996259,NA,"BOTH +/-8%, OXT/NAL +/-4%"
0.08,164,TRUE,TRUE,0.04160207632253621,0.10753277580153241,NA,"BOTH +/-8%, OXT/NAL +/-4%"
0.08,165,TRUE,TRUE,0.001050323391113436,0.0625188210265711,NA,"BOTH +/-8%, OXT/NAL +/-4%"
0.08,166,TRUE,TRUE,0.07614745332379012,0.7862058496814618,NA,"BOTH +/-8%, OXT/NAL +/-4%"
0.08,167,TRUE,TRUE,0.08190451629736578,0.8066115231717921,NA,"BOTH +/-8%, OXT/NAL +/-4%"
0.08,168,TRUE,TRUE,0.7585081187784983,0.6204435305683964,NA,"BOTH +/-8%, OXT/NAL +/-4%"
0.08,169,TRUE,TRUE,5.381133474881237e-4,0.05798725971412502,NA,"BOTH +/-8%, OXT/NAL +/-4%"
0.08,170,TRUE,TRUE,0.2921821714946933,0.46291179889259315,NA,"BOTH +/-8%, OXT/NAL +/-4%"
0.08,171,TRUE,TRUE,0.2527275895702576,0.3862705121093842,NA,"BOTH +/-8%, OXT/NAL +/-4%"
0.08,172,TRUE,TRUE,0.1517845712512557,0.8870558971055014,NA,"BOTH +/-8%, OXT/NAL +/-4%"
0.08,173,TRUE,TRUE,0.1919658265197635,0.5988434112465258,NA,"BOTH +/-8%, OXT/NAL +/-4%"
0.08,174,TRUE,TRUE,0.04201741140385504,0.8301273219150326,NA,"BOTH +/-8%, OXT/NAL +/-4%"
0.08,175,TRUE,TRUE,0.018304514764409367,0.24431012258409,NA,"BOTH +/-8%, OXT/NAL +/-4%"
0.08,176,TRUE,TRUE,0.0011150801389593495,0.7271878906795094,NA,"BOTH +/-8%, OXT/NAL +/-4%"
0.08,177,TRUE,TRUE,0.004663944655756602,0.7298840814383192,NA,"BOTH +/-8%, OXT/NAL +/-4%"
0.08,178,TRUE,TRUE,0.12809940927367772,0.8099876523593766,NA,"BOTH +/-8%, OXT/NAL +/-4%"
0.08,179,TRUE,TRUE,0.05258278893598107,0.684202795855126,NA,"BOTH +/-8%, OXT/NAL +/-4%"
0.08,180,TRUE,TRUE,8.923356035860744e-4,0.18044564503252786,NA,"BOTH +/-8%, OXT/NAL +/-4%"
0.08,181,TRUE,TRUE,0.28171455101284515,0.8645373482388259,NA,"BOTH +/-8%, OXT/NAL +/-4%"
0.08,182,TRUE,TRUE,0.6208704306156814,0.9652828545144072,NA,"BOTH +/-8%, OXT/NAL +/-4%"
0.08,183,TRUE,TRUE,0.14076744702262556,0.9561374274849723,NA,"BOTH +/-8%, OXT/NAL +/-4%"
0.08,184,TRUE,TRUE,0.6794091145235318,0.9258075069706555,NA,"BOTH +/-8%, OXT/NAL +/-4%"
0.08,185,TRUE,TRUE,0.15487669945093446,0.6011900938736126,NA,"BOTH +/-8%, OXT/NAL +/-4%"
0.08,186,TRUE,TRUE,0.0032280647914010446,0.8076001585971933,NA,"BOTH +/-8%, OXT/NAL +/-4%"
0.08,187,TRUE,TRUE,0.28819994814222005,0.4648695575639177,NA,"BOTH +/-8%, OXT/NAL +/-4%"
0.08,188,TRUE,TRUE,0.04298486558952986,0.7961270062177888,NA,"BOTH +/-8%, OXT/NAL +/-4%"
0.08,189,TRUE,TRUE,0.09726941822591857,0.8653738527537294,NA,"BOTH +/-8%, OXT/NAL +/-4%"
0.08,190,TRUE,TRUE,0.019080094718421776,0.1693516202773228,NA,"BOTH +/-8%, OXT/NAL +/-4%"
0.08,191,TRUE,TRUE,0.11274410889728162,0.0691925643391651,NA,"BOTH +/-8%, OXT/NAL +/-4%"
0.08,192,TRUE,TRUE,0.020840018043277966,0.9805756503651195,NA,"BOTH +/-8%, OXT/NAL +/-4%"
0.08,193,TRUE,TRUE,0.03409395767871064,0.3821818439382376,NA,"BOTH +/-8%, OXT/NAL +/-4%"
0.08,194,TRUE,TRUE,0.03917993262214458,0.29497503973814176,NA,"BOTH +/-8%, OXT/NAL +/-4%"
0.08,195,TRUE,TRUE,0.464456628975002,0.4339965645987256,NA,"BOTH +/-8%, OXT/NAL +/-4%"
0.08,196,TRUE,TRUE,0.3676755550538065,0.36794350188493324,NA,"BOTH +/-8%, OXT/NAL +/-4%"
0.08,197,TRUE,TRUE,0.09948809547415355,0.6873841678575772,NA,"BOTH +/-8%, OXT/NAL +/-4%"
0.08,198,TRUE,TRUE,0.16062806847437736,0.5882396358801318,NA,"BOTH +/-8%, OXT/NAL +/-4%"
0.08,199,TRUE,TRUE,0.24105512529603984,0.25676785205685265,NA,"BOTH +/-8%, OXT/NAL +/-4%"
0.08,200,TRUE,TRUE,8.405292903706475e-4,0.022141252517230044,NA,"BOTH +/-8%, OXT/NAL +/-4%"
0.08,201,TRUE,TRUE,0.029175127518722768,0.6912232179867509,NA,"BOTH +/-8%, OXT/NAL +/-4%"
0.08,202,TRUE,TRUE,0.3464225252988741,0.7486822218037517,NA,"BOTH +/-8%, OXT/NAL +/-4%"
0.08,203,TRUE,TRUE,0.013241292015181507,0.7878997669100252,NA,"BOTH +/-8%, OXT/NAL +/-4%"
0.08,204,TRUE,TRUE,0.07720194818556092,0.22417499057131524,NA,"BOTH +/-8%, OXT/NAL +/-4%"
0.08,205,TRUE,TRUE,0.03817834421760322,0.6770917319243279,NA,"BOTH +/-8%, OXT/NAL +/-4%"
0.08,206,TRUE,TRUE,0.18175318861487424,0.8087081613328617,NA,"BOTH +/-8%, OXT/NAL +/-4%"
0.08,207,TRUE,TRUE,0.006074727870277035,0.01665019640480265,NA,"BOTH +/-8%, OXT/NAL +/-4%"
0.08,208,TRUE,TRUE,2.0662563239021715e-4,0.19856814825914482,NA,"BOTH +/-8%, OXT/NAL +/-4%"
0.08,209,TRUE,TRUE,0.023621600470415727,0.5655335784610904,NA,"BOTH +/-8%, OXT/NAL +/-4%"
0.08,210,TRUE,TRUE,0.561643543883237,0.11048271809189164,NA,"BOTH +/-8%, OXT/NAL +/-4%"
0.08,211,TRUE,TRUE,0.0032696429462665154,0.4274228991011201,NA,"BOTH +/-8%, OXT/NAL +/-4%"
0.08,212,TRUE,TRUE,4.3841515435833893e-4,0.679337942072421,NA,"BOTH +/-8%, OXT/NAL +/-4%"
0.08,213,TRUE,TRUE,0.2868966279536892,0.40446104340033107,NA,"BOTH +/-8%, OXT/NAL +/-4%"
0.08,214,TRUE,TRUE,0.005470555610890013,0.43419661748886906,NA,"BOTH +/-8%, OXT/NAL +/-4%"
0.08,215,TRUE,TRUE,0.06395876608488449,0.07311954387045773,NA,"BOTH +/-8%, OXT/NAL +/-4%"
0.08,216,TRUE,TRUE,0.2594134784127582,0.5281427544833864,NA,"BOTH +/-8%, OXT/NAL +/-4%"
0.08,217,TRUE,TRUE,0.013354001959042738,0.7544790332285687,NA,"BOTH +/-8%, OXT/NAL +/-4%"
0.08,218,TRUE,TRUE,0.028451235647479495,0.4617802578588433,NA,"BOTH +/-8%, OXT/NAL +/-4%"
0.08,219,TRUE,TRUE,0.43727759242651176,0.6517220070604894,NA,"BOTH +/-8%, OXT/NAL +/-4%"
0.08,220,TRUE,TRUE,0.2943487816485249,0.9355257725186177,NA,"BOTH +/-8%, OXT/NAL +/-4%"
0.08,221,TRUE,TRUE,0.05178049773488388,0.6319288377748616,NA,"BOTH +/-8%, OXT/NAL +/-4%"
0.08,222,TRUE,TRUE,0.05061556932102896,0.07604334133123739,NA,"BOTH +/-8%, OXT/NAL +/-4%"
0.08,223,TRUE,TRUE,0.25143020580275877,0.31927904139191127,NA,"BOTH +/-8%, OXT/NAL +/-4%"
0.08,224,TRUE,TRUE,0.6260082658194532,0.43632294539348654,NA,"BOTH +/-8%, OXT/NAL +/-4%"
0.08,225,TRUE,TRUE,0.5337228416668127,0.1904804288196171,NA,"BOTH +/-8%, OXT/NAL +/-4%"
0.08,226,TRUE,TRUE,0.05406721324591861,0.8140709817028239,NA,"BOTH +/-8%, OXT/NAL +/-4%"
0.08,227,TRUE,TRUE,0.37779937097610883,0.991804807162055,NA,"BOTH +/-8%, OXT/NAL +/-4%"
0.08,228,TRUE,TRUE,0.06746521648698207,0.8139734579370785,NA,"BOTH +/-8%, OXT/NAL +/-4%"
0.08,229,TRUE,TRUE,0.1502197397947223,0.01412514526046685,NA,"BOTH +/-8%, OXT/NAL +/-4%"
0.08,230,TRUE,TRUE,0.2208834238133948,0.3648415607997348,NA,"BOTH +/-8%, OXT/NAL +/-4%"
0.08,231,TRUE,TRUE,0.4758363466028591,0.8698547714629048,NA,"BOTH +/-8%, OXT/NAL +/-4%"
0.08,232,TRUE,TRUE,0.19633043656572016,0.4247145200397457,NA,"BOTH +/-8%, OXT/NAL +/-4%"
0.08,233,TRUE,TRUE,0.15849212985238326,0.5005083290287021,NA,"BOTH +/-8%, OXT/NAL +/-4%"
0.08,234,TRUE,TRUE,0.28381238717507307,0.5279655706066952,NA,"BOTH +/-8%, OXT/NAL +/-4%"
0.08,235,TRUE,TRUE,0.47633454995449087,0.7239656448633949,NA,"BOTH +/-8%, OXT/NAL +/-4%"
0.08,236,TRUE,TRUE,0.04040460147537281,0.12044494545267119,NA,"BOTH +/-8%, OXT/NAL +/-4%"
0.08,237,TRUE,TRUE,0.010758278971549124,0.1929527242072218,NA,"BOTH +/-8%, OXT/NAL +/-4%"
0.08,238,TRUE,TRUE,0.06407419360928429,0.10589656294084858,NA,"BOTH +/-8%, OXT/NAL +/-4%"
0.08,239,TRUE,TRUE,0.3241646907496939,0.8226746813574155,NA,"BOTH +/-8%, OXT/NAL +/-4%"
0.08,240,TRUE,TRUE,0.057153450121636126,0.3558585023282078,NA,"BOTH +/-8%, OXT/NAL +/-4%"
0.08,241,TRUE,TRUE,0.021931022631492363,0.8532926403650104,NA,"BOTH +/-8%, OXT/NAL +/-4%"
0.08,242,TRUE,TRUE,0.04194942062022872,0.4681046187645034,NA,"BOTH +/-8%, OXT/NAL +/-4%"
0.08,243,TRUE,TRUE,6.975204790277745e-4,0.18748191272083292,NA,"BOTH +/-8%, OXT/NAL +/-4%"
0.08,244,TRUE,TRUE,0.34273946579138,0.6698359476792324,NA,"BOTH +/-8%, OXT/NAL +/-4%"
0.08,245,TRUE,TRUE,0.18443081603686884,0.40440589382590036,NA,"BOTH +/-8%, OXT/NAL +/-4%"
0.08,246,TRUE,TRUE,0.5482031924104039,0.8740601391274334,NA,"BOTH +/-8%, OXT/NAL +/-4%"
0.08,247,TRUE,TRUE,0.0822143579977447,0.17704411609684223,NA,"BOTH +/-8%, OXT/NAL +/-4%"
0.08,248,TRUE,TRUE,0.00404167669081542,0.033648925494443135,NA,"BOTH +/-8%, OXT/NAL +/-4%"
0.08,249,TRUE,TRUE,0.09049635916691563,0.8645476159674568,NA,"BOTH +/-8%, OXT/NAL +/-4%"
0.08,250,TRUE,TRUE,0.03063598817363977,0.5899973521753153,NA,"BOTH +/-8%, OXT/NAL +/-4%"
0.08,251,TRUE,TRUE,0.05484887106238735,0.8792200286337837,NA,"BOTH +/-8%, OXT/NAL +/-4%"
0.08,252,TRUE,TRUE,0.004997881282888368,0.09572265101551972,NA,"BOTH +/-8%, OXT/NAL +/-4%"
0.08,253,TRUE,TRUE,0.2404430113781691,0.6693726162135676,NA,"BOTH +/-8%, OXT/NAL +/-4%"
0.08,254,TRUE,TRUE,0.83645399402539,0.9420329992771722,NA,"BOTH +/-8%, OXT/NAL +/-4%"
0.08,255,TRUE,TRUE,0.017957955810873633,0.33862507217735965,NA,"BOTH +/-8%, OXT/NAL +/-4%"
0.08,256,TRUE,TRUE,0.4900609598134241,0.38497002758379406,NA,"BOTH +/-8%, OXT/NAL +/-4%"
0.08,257,TRUE,TRUE,0.07199035186409475,0.4813695564620795,NA,"BOTH +/-8%, OXT/NAL +/-4%"
0.08,258,TRUE,TRUE,0.04499390287345232,0.8297846001919706,NA,"BOTH +/-8%, OXT/NAL +/-4%"
0.08,259,TRUE,TRUE,0.9130254500022053,0.7025789120049102,NA,"BOTH +/-8%, OXT/NAL +/-4%"
0.08,260,TRUE,TRUE,0.04474671240230034,0.6786565830354012,NA,"BOTH +/-8%, OXT/NAL +/-4%"
0.08,261,TRUE,TRUE,0.4424434282500746,0.53945931815666,NA,"BOTH +/-8%, OXT/NAL +/-4%"
0.08,262,TRUE,TRUE,0.016186675878395406,0.24845653551265748,NA,"BOTH +/-8%, OXT/NAL +/-4%"
0.08,263,TRUE,TRUE,0.4628348311646911,0.6890280916461864,NA,"BOTH +/-8%, OXT/NAL +/-4%"
0.08,264,TRUE,TRUE,0.6697867788274967,0.4156106086299745,NA,"BOTH +/-8%, OXT/NAL +/-4%"
0.08,265,TRUE,TRUE,0.03262966590877737,0.2637693498789869,NA,"BOTH +/-8%, OXT/NAL +/-4%"
0.08,266,TRUE,TRUE,0.6619056848398266,0.8137837643416495,NA,"BOTH +/-8%, OXT/NAL +/-4%"
0.08,267,TRUE,TRUE,0.08953278288669766,0.8969754928880241,NA,"BOTH +/-8%, OXT/NAL +/-4%"
0.08,268,TRUE,TRUE,0.2868251796207405,0.9596479891794469,NA,"BOTH +/-8%, OXT/NAL +/-4%"
0.08,269,TRUE,TRUE,0.020535907616169486,0.020686509451507937,NA,"BOTH +/-8%, OXT/NAL +/-4%"
0.08,270,TRUE,TRUE,1.4150155767583182e-4,0.41949796275119283,NA,"BOTH +/-8%, OXT/NAL +/-4%"
0.08,271,TRUE,TRUE,0.16923061922412114,0.0077605150858736345,NA,"BOTH +/-8%, OXT/NAL +/-4%"
0.08,272,TRUE,TRUE,0.3331753423274571,0.8314432507688063,NA,"BOTH +/-8%, OXT/NAL +/-4%"
0.08,273,TRUE,TRUE,0.19238916543451975,0.5539950309563687,NA,"BOTH +/-8%, OXT/NAL +/-4%"
0.08,274,TRUE,TRUE,0.010409175671404168,0.16059132553890498,NA,"BOTH +/-8%, OXT/NAL +/-4%"
0.08,275,TRUE,TRUE,0.3461551231718483,0.3830451960486927,NA,"BOTH +/-8%, OXT/NAL +/-4%"
0.08,276,TRUE,TRUE,0.002955242430101947,0.49653394057775635,NA,"BOTH +/-8%, OXT/NAL +/-4%"
0.08,277,TRUE,TRUE,0.025477016024954748,0.7912471902577749,NA,"BOTH +/-8%, OXT/NAL +/-4%"
0.08,278,TRUE,TRUE,0.06537959321058233,0.41434807805553475,NA,"BOTH +/-8%, OXT/NAL +/-4%"
0.08,279,TRUE,TRUE,0.04233761504719995,0.08630373324709315,NA,"BOTH +/-8%, OXT/NAL +/-4%"
0.08,280,TRUE,TRUE,0.3497751740676338,0.09710768881094145,NA,"BOTH +/-8%, OXT/NAL +/-4%"
0.08,281,TRUE,TRUE,4.6904055058419645e-4,0.03700535971436733,NA,"BOTH +/-8%, OXT/NAL +/-4%"
0.08,282,TRUE,TRUE,0.30631166992152725,0.3231339312951688,NA,"BOTH +/-8%, OXT/NAL +/-4%"
0.08,283,TRUE,TRUE,0.4605391603919036,0.8786500455206828,NA,"BOTH +/-8%, OXT/NAL +/-4%"
0.08,284,TRUE,TRUE,0.6423981622279091,0.7309652115624601,NA,"BOTH +/-8%, OXT/NAL +/-4%"
0.08,285,TRUE,TRUE,0.2326305670114931,0.5102009569368127,NA,"BOTH +/-8%, OXT/NAL +/-4%"
0.08,286,TRUE,TRUE,0.22390196419824596,0.6521914102558224,NA,"BOTH +/-8%, OXT/NAL +/-4%"
0.08,287,TRUE,TRUE,0.03546158396544075,0.5941543570823435,NA,"BOTH +/-8%, OXT/NAL +/-4%"
0.08,288,TRUE,TRUE,0.047075154136484415,0.23547886005899726,NA,"BOTH +/-8%, OXT/NAL +/-4%"
0.08,289,TRUE,TRUE,0.3683458267273216,0.5976530317468435,NA,"BOTH +/-8%, OXT/NAL +/-4%"
0.08,290,TRUE,TRUE,0.11907900302527681,0.8415352570998293,NA,"BOTH +/-8%, OXT/NAL +/-4%"
0.08,291,TRUE,TRUE,0.11427181668273542,0.8713643376112993,NA,"BOTH +/-8%, OXT/NAL +/-4%"
0.08,292,TRUE,TRUE,0.22623707278196756,0.49860052595581617,NA,"BOTH +/-8%, OXT/NAL +/-4%"
0.08,293,TRUE,TRUE,0.1856157872744959,0.986881560440121,NA,"BOTH +/-8%, OXT/NAL +/-4%"
0.08,294,TRUE,TRUE,6.537954010009954e-4,0.604521654036258,NA,"BOTH +/-8%, OXT/NAL +/-4%"
0.08,295,TRUE,TRUE,0.07198553115778229,0.2917481649448072,NA,"BOTH +/-8%, OXT/NAL +/-4%"
0.08,296,TRUE,TRUE,0.3952339224168285,0.26765712398737074,NA,"BOTH +/-8%, OXT/NAL +/-4%"
0.08,297,TRUE,TRUE,0.7291354177407438,0.3890080882322197,NA,"BOTH +/-8%, OXT/NAL +/-4%"
0.08,298,TRUE,TRUE,0.20537181102813115,0.6328933220747132,NA,"BOTH +/-8%, OXT/NAL +/-4%"
0.08,299,TRUE,TRUE,0.049760006877209474,0.7205332049090449,NA,"BOTH +/-8%, OXT/NAL +/-4%"
0.08,300,TRUE,TRUE,0.1098120284395632,0.8421742479399363,NA,"BOTH +/-8%, OXT/NAL +/-4%"
0.08,301,TRUE,TRUE,0.0070119636353041855,0.4404174255384495,NA,"BOTH +/-8%, OXT/NAL +/-4%"
0.08,302,TRUE,TRUE,0.0661915262909323,0.906209190805436,NA,"BOTH +/-8%, OXT/NAL +/-4%"
0.08,303,TRUE,TRUE,0.8498904601234302,0.9409761235891394,NA,"BOTH +/-8%, OXT/NAL +/-4%"
0.08,304,TRUE,TRUE,0.25577708906088625,0.7811640032096038,NA,"BOTH +/-8%, OXT/NAL +/-4%"
0.08,305,TRUE,TRUE,0.03764840174861904,0.5105517615856696,NA,"BOTH +/-8%, OXT/NAL +/-4%"
0.08,306,TRUE,TRUE,0.08232852066646927,0.02160196029765811,NA,"BOTH +/-8%, OXT/NAL +/-4%"
0.08,307,TRUE,TRUE,0.506423662716292,0.8488123312172999,NA,"BOTH +/-8%, OXT/NAL +/-4%"
0.08,308,TRUE,TRUE,0.39679440689541107,0.22462837697105603,NA,"BOTH +/-8%, OXT/NAL +/-4%"
0.08,309,TRUE,TRUE,0.5007503626673415,0.6091273780684043,NA,"BOTH +/-8%, OXT/NAL +/-4%"
0.08,310,TRUE,TRUE,0.1603126803118462,0.49204497064330066,NA,"BOTH +/-8%, OXT/NAL +/-4%"
0.08,311,TRUE,TRUE,0.3733087791994939,0.1699324102889586,NA,"BOTH +/-8%, OXT/NAL +/-4%"
0.08,312,TRUE,TRUE,3.0271865099463856e-4,0.09689393363557064,NA,"BOTH +/-8%, OXT/NAL +/-4%"
0.08,313,TRUE,TRUE,0.002950763719062136,0.31575490149847973,NA,"BOTH +/-8%, OXT/NAL +/-4%"
0.08,314,TRUE,TRUE,0.6664298627172541,0.9588662881428003,NA,"BOTH +/-8%, OXT/NAL +/-4%"
0.08,315,TRUE,TRUE,0.7488267371162927,0.11845860202766147,NA,"BOTH +/-8%, OXT/NAL +/-4%"
0.08,316,TRUE,TRUE,0.19491113779886604,0.2108459426786631,NA,"BOTH +/-8%, OXT/NAL +/-4%"
0.08,317,TRUE,TRUE,0.18206100886616208,0.5917452417436642,NA,"BOTH +/-8%, OXT/NAL +/-4%"
0.08,318,TRUE,TRUE,0.22204558727523147,0.10656213589847242,NA,"BOTH +/-8%, OXT/NAL +/-4%"
0.08,319,TRUE,TRUE,0.029741977392591875,0.628178863957694,NA,"BOTH +/-8%, OXT/NAL +/-4%"
0.08,320,TRUE,TRUE,0.01371587286391459,0.7641341894115945,NA,"BOTH +/-8%, OXT/NAL +/-4%"
0.08,321,TRUE,TRUE,8.218788052787087e-4,0.21124031082508365,NA,"BOTH +/-8%, OXT/NAL +/-4%"
0.08,322,TRUE,TRUE,0.010193036919762949,0.6397153086655993,NA,"BOTH +/-8%, OXT/NAL +/-4%"
0.08,323,TRUE,TRUE,0.5486977154237506,0.8375043843339349,NA,"BOTH +/-8%, OXT/NAL +/-4%"
0.08,324,TRUE,TRUE,0.03406341618381944,0.5818510886593368,NA,"BOTH +/-8%, OXT/NAL +/-4%"
0.08,325,TRUE,TRUE,0.3107475150575123,0.8720379770586276,NA,"BOTH +/-8%, OXT/NAL +/-4%"
0.08,326,TRUE,TRUE,0.1274754257186087,0.23352489837316875,NA,"BOTH +/-8%, OXT/NAL +/-4%"
0.08,327,TRUE,TRUE,0.13184941248122983,0.9215512804816309,NA,"BOTH +/-8%, OXT/NAL +/-4%"
0.08,328,TRUE,TRUE,0.7799891526114238,0.9462037992667011,NA,"BOTH +/-8%, OXT/NAL +/-4%"
0.08,329,TRUE,TRUE,0.1071633376176408,0.459904950309261,NA,"BOTH +/-8%, OXT/NAL +/-4%"
0.08,330,TRUE,TRUE,0.07483347013311777,0.8314372502512866,NA,"BOTH +/-8%, OXT/NAL +/-4%"
0.08,331,TRUE,TRUE,0.1038419982885416,0.006869111475268822,NA,"BOTH +/-8%, OXT/NAL +/-4%"
0.08,332,TRUE,TRUE,0.3841632495880719,0.6535391967702605,NA,"BOTH +/-8%, OXT/NAL +/-4%"
0.08,333,TRUE,TRUE,0.10881854186705996,0.8959479203083152,NA,"BOTH +/-8%, OXT/NAL +/-4%"
0.08,334,TRUE,TRUE,0.27927898854071,0.3976300126721279,NA,"BOTH +/-8%, OXT/NAL +/-4%"
0.08,335,TRUE,TRUE,0.41069810396589623,0.7512245131185978,NA,"BOTH +/-8%, OXT/NAL +/-4%"
0.08,336,TRUE,TRUE,0.46638127253719985,0.9582046161134271,NA,"BOTH +/-8%, OXT/NAL +/-4%"
0.08,337,TRUE,TRUE,0.012984100223846676,0.31339933111907536,NA,"BOTH +/-8%, OXT/NAL +/-4%"
0.08,338,TRUE,TRUE,3.7332874847252677e-4,0.17181260849077876,NA,"BOTH +/-8%, OXT/NAL +/-4%"
0.08,339,TRUE,TRUE,0.10342810104744903,0.9823188492724808,NA,"BOTH +/-8%, OXT/NAL +/-4%"
0.08,340,TRUE,TRUE,0.5655971371299054,0.3087676780099367,NA,"BOTH +/-8%, OXT/NAL +/-4%"
0.08,341,TRUE,TRUE,0.0542484519446991,0.8939962203036821,NA,"BOTH +/-8%, OXT/NAL +/-4%"
0.08,342,TRUE,TRUE,0.017893931424919938,0.04797915954860963,NA,"BOTH +/-8%, OXT/NAL +/-4%"
0.08,343,TRUE,TRUE,0.6666138845021726,0.9210227297988473,NA,"BOTH +/-8%, OXT/NAL +/-4%"
0.08,344,TRUE,TRUE,0.002912276379383193,0.5799699922566193,NA,"BOTH +/-8%, OXT/NAL +/-4%"
0.08,345,TRUE,TRUE,0.4059308487116891,0.9508075160389367,NA,"BOTH +/-8%, OXT/NAL +/-4%"
0.08,346,TRUE,TRUE,0.4852270915347585,0.24904490746797286,NA,"BOTH +/-8%, OXT/NAL +/-4%"
0.08,347,TRUE,TRUE,0.1259278664502739,0.5700978008664088,NA,"BOTH +/-8%, OXT/NAL +/-4%"
0.08,348,TRUE,TRUE,0.03335442403975379,0.2887365671152205,NA,"BOTH +/-8%, OXT/NAL +/-4%"
0.08,349,TRUE,TRUE,0.1634483179429574,0.9708045737184171,NA,"BOTH +/-8%, OXT/NAL +/-4%"
0.08,350,TRUE,TRUE,0.0015066222580994877,0.32455172266792803,NA,"BOTH +/-8%, OXT/NAL +/-4%"
0.08,351,TRUE,TRUE,0.16425247933439155,0.8888841965934035,NA,"BOTH +/-8%, OXT/NAL +/-4%"
0.08,352,TRUE,TRUE,0.3338600367697818,0.6018754888710218,NA,"BOTH +/-8%, OXT/NAL +/-4%"
0.08,353,TRUE,TRUE,0.14774834216021313,0.7641365695989157,NA,"BOTH +/-8%, OXT/NAL +/-4%"
0.08,354,TRUE,TRUE,0.5574021482337441,0.7403371047519614,NA,"BOTH +/-8%, OXT/NAL +/-4%"
0.08,355,TRUE,TRUE,0.07506668840261692,0.20626200502230763,NA,"BOTH +/-8%, OXT/NAL +/-4%"
0.08,356,TRUE,TRUE,0.0748122322893118,0.9074021444148906,NA,"BOTH +/-8%, OXT/NAL +/-4%"
0.08,357,TRUE,TRUE,0.2566002777462632,0.5821636167638082,NA,"BOTH +/-8%, OXT/NAL +/-4%"
0.08,358,TRUE,TRUE,0.513664228800724,0.6187121922606983,NA,"BOTH +/-8%, OXT/NAL +/-4%"
0.08,359,TRUE,TRUE,0.9690018162171008,0.8520726525742814,NA,"BOTH +/-8%, OXT/NAL +/-4%"
0.08,360,TRUE,TRUE,0.46972486045936157,0.8087518016141333,NA,"BOTH +/-8%, OXT/NAL +/-4%"
0.08,361,TRUE,TRUE,0.0021872338268933127,0.06398165231797175,NA,"BOTH +/-8%, OXT/NAL +/-4%"
0.08,362,TRUE,TRUE,0.09099425562047217,0.1487476835695589,NA,"BOTH +/-8%, OXT/NAL +/-4%"
0.08,363,TRUE,TRUE,0.4778390490244705,0.9736703008003929,NA,"BOTH +/-8%, OXT/NAL +/-4%"
0.08,364,TRUE,TRUE,0.3067087941623423,0.7414639873793183,NA,"BOTH +/-8%, OXT/NAL +/-4%"
0.08,365,TRUE,TRUE,0.06865216793869545,0.3159860515198207,NA,"BOTH +/-8%, OXT/NAL +/-4%"
0.08,366,TRUE,TRUE,0.45300772541753237,0.2344187544503138,NA,"BOTH +/-8%, OXT/NAL +/-4%"
0.08,367,TRUE,TRUE,0.0034151055626753754,0.048571886277889345,NA,"BOTH +/-8%, OXT/NAL +/-4%"
0.08,368,TRUE,TRUE,0.3865387749333524,0.2133081627087753,NA,"BOTH +/-8%, OXT/NAL +/-4%"
0.08,369,TRUE,TRUE,0.3595292582802151,0.0856865162430607,NA,"BOTH +/-8%, OXT/NAL +/-4%"
0.08,370,TRUE,TRUE,0.44995614735918676,0.934257144571,NA,"BOTH +/-8%, OXT/NAL +/-4%"
0.08,371,TRUE,TRUE,0.0016115124043045556,0.007665312692285398,NA,"BOTH +/-8%, OXT/NAL +/-4%"
0.08,372,TRUE,TRUE,0.13234592260346387,0.5081076695724596,NA,"BOTH +/-8%, OXT/NAL +/-4%"
0.08,373,TRUE,TRUE,0.3587649601154443,0.7347004305362902,NA,"BOTH +/-8%, OXT/NAL +/-4%"
0.08,374,TRUE,TRUE,9.418253721339001e-4,0.7890860472691931,NA,"BOTH +/-8%, OXT/NAL +/-4%"
0.08,375,TRUE,TRUE,0.047504155259305667,0.16358556271210578,NA,"BOTH +/-8%, OXT/NAL +/-4%"
0.08,376,TRUE,TRUE,0.8798501827274456,0.09378251909037257,NA,"BOTH +/-8%, OXT/NAL +/-4%"
0.08,377,TRUE,TRUE,0.4040729855923245,0.9207550002711629,NA,"BOTH +/-8%, OXT/NAL +/-4%"
0.08,378,TRUE,TRUE,0.031990819108138016,0.013423907006135133,NA,"BOTH +/-8%, OXT/NAL +/-4%"
0.08,379,TRUE,TRUE,0.030884907797486105,0.800214576696953,NA,"BOTH +/-8%, OXT/NAL +/-4%"
0.08,380,TRUE,TRUE,0.17270886426009108,0.023868061546340132,NA,"BOTH +/-8%, OXT/NAL +/-4%"
0.08,381,TRUE,TRUE,0.040538790709189025,0.7861958107780881,NA,"BOTH +/-8%, OXT/NAL +/-4%"
0.08,382,TRUE,TRUE,0.008345416349087788,0.4029938586015123,NA,"BOTH +/-8%, OXT/NAL +/-4%"
0.08,383,TRUE,TRUE,0.1820797037132156,0.15336885321990298,NA,"BOTH +/-8%, OXT/NAL +/-4%"
0.08,384,TRUE,TRUE,0.04374851845898155,0.09643633427201746,NA,"BOTH +/-8%, OXT/NAL +/-4%"
0.08,385,TRUE,TRUE,0.030947278722728403,0.5722920470726129,NA,"BOTH +/-8%, OXT/NAL +/-4%"
0.08,386,TRUE,TRUE,0.014662810359813885,0.2995259008093734,NA,"BOTH +/-8%, OXT/NAL +/-4%"
0.08,387,TRUE,TRUE,0.24232462955504766,0.030442081537697806,NA,"BOTH +/-8%, OXT/NAL +/-4%"
0.08,388,TRUE,TRUE,0.008297947473270742,0.7718000786407564,NA,"BOTH +/-8%, OXT/NAL +/-4%"
0.08,389,TRUE,TRUE,0.7795076531928338,0.7779718284957617,NA,"BOTH +/-8%, OXT/NAL +/-4%"
0.08,390,TRUE,TRUE,0.03143606672791861,0.8615121616348559,NA,"BOTH +/-8%, OXT/NAL +/-4%"
0.08,391,TRUE,TRUE,2.449253484394551e-6,0.023879369788028036,NA,"BOTH +/-8%, OXT/NAL +/-4%"
0.08,392,TRUE,TRUE,0.007933427611145486,0.4286210597459314,NA,"BOTH +/-8%, OXT/NAL +/-4%"
0.08,393,TRUE,TRUE,0.18839578497111134,0.5929994216623045,NA,"BOTH +/-8%, OXT/NAL +/-4%"
0.08,394,TRUE,TRUE,0.1587808491117727,0.7348063218101604,NA,"BOTH +/-8%, OXT/NAL +/-4%"
0.08,395,TRUE,TRUE,0.002539351799629119,0.19996021887896234,NA,"BOTH +/-8%, OXT/NAL +/-4%"
0.08,396,TRUE,TRUE,0.11355650209987293,0.6086793670474581,NA,"BOTH +/-8%, OXT/NAL +/-4%"
0.08,397,TRUE,TRUE,0.08392305518545692,0.45931562956763333,NA,"BOTH +/-8%, OXT/NAL +/-4%"
0.08,398,TRUE,TRUE,0.3238199060516535,0.8577466224790208,NA,"BOTH +/-8%, OXT/NAL +/-4%"
0.08,399,TRUE,TRUE,0.020557018972366097,0.35752571648971265,NA,"BOTH +/-8%, OXT/NAL +/-4%"
0.08,400,TRUE,TRUE,0.16536446726614898,0.4480426513103631,NA,"BOTH +/-8%, OXT/NAL +/-4%"
0.08,401,TRUE,TRUE,0.016927782601273155,0.0629790816363673,NA,"BOTH +/-8%, OXT/NAL +/-4%"
0.08,402,TRUE,TRUE,0.26086482280402706,0.9854305868226167,NA,"BOTH +/-8%, OXT/NAL +/-4%"
0.08,403,TRUE,TRUE,0.49292869988990357,0.17195032953662667,NA,"BOTH +/-8%, OXT/NAL +/-4%"
0.08,404,TRUE,TRUE,0.33029047913930976,0.4885994763487514,NA,"BOTH +/-8%, OXT/NAL +/-4%"
0.08,405,TRUE,TRUE,0.3855503503146051,0.5531418857070091,NA,"BOTH +/-8%, OXT/NAL +/-4%"
0.08,406,TRUE,TRUE,0.012877858234813966,0.07911288159582956,NA,"BOTH +/-8%, OXT/NAL +/-4%"
0.08,407,TRUE,TRUE,0.21175199241455628,0.7794150699427128,NA,"BOTH +/-8%, OXT/NAL +/-4%"
0.08,408,TRUE,TRUE,0.009874108637095534,0.714372935809678,NA,"BOTH +/-8%, OXT/NAL +/-4%"
0.08,409,TRUE,TRUE,0.22045894435161642,0.0486936251850053,NA,"BOTH +/-8%, OXT/NAL +/-4%"
0.08,410,TRUE,TRUE,0.04468565291688382,0.9653636396159867,NA,"BOTH +/-8%, OXT/NAL +/-4%"
0.08,411,TRUE,TRUE,0.09177313756151008,0.025954091903087017,NA,"BOTH +/-8%, OXT/NAL +/-4%"
0.08,412,TRUE,TRUE,0.6259190585808692,0.8645440085847291,NA,"BOTH +/-8%, OXT/NAL +/-4%"
0.08,413,TRUE,TRUE,0.07251961109929321,0.797190667703198,NA,"BOTH +/-8%, OXT/NAL +/-4%"
0.08,414,TRUE,TRUE,0.16917070126499686,0.6027228445603646,NA,"BOTH +/-8%, OXT/NAL +/-4%"
0.08,415,TRUE,TRUE,0.12093460971538045,0.5737214270957156,NA,"BOTH +/-8%, OXT/NAL +/-4%"
0.08,416,TRUE,TRUE,0.04187867908517416,0.2214897191467302,NA,"BOTH +/-8%, OXT/NAL +/-4%"
0.08,417,TRUE,TRUE,0.1713657107085883,0.707440652280316,NA,"BOTH +/-8%, OXT/NAL +/-4%"
0.08,418,TRUE,TRUE,0.9425776751091529,0.9553094950643295,NA,"BOTH +/-8%, OXT/NAL +/-4%"
0.08,419,TRUE,TRUE,0.24440537537163748,0.6485222688764465,NA,"BOTH +/-8%, OXT/NAL +/-4%"
0.08,420,TRUE,TRUE,5.416295754726778e-4,0.6654512396515679,NA,"BOTH +/-8%, OXT/NAL +/-4%"
0.08,421,TRUE,TRUE,0.08176900663500472,0.09894455794493673,NA,"BOTH +/-8%, OXT/NAL +/-4%"
0.08,422,TRUE,TRUE,0.024171128224681683,0.16810034561580525,NA,"BOTH +/-8%, OXT/NAL +/-4%"
0.08,423,TRUE,TRUE,0.6225569247714486,0.45445036770342734,NA,"BOTH +/-8%, OXT/NAL +/-4%"
0.08,424,TRUE,TRUE,0.003109477964310769,0.40597350761869627,NA,"BOTH +/-8%, OXT/NAL +/-4%"
0.08,425,TRUE,TRUE,0.04091525531646589,0.45831255346624755,NA,"BOTH +/-8%, OXT/NAL +/-4%"
0.08,426,TRUE,TRUE,0.025233551472018306,0.7317134236222131,NA,"BOTH +/-8%, OXT/NAL +/-4%"
0.08,427,TRUE,TRUE,0.06002675766659856,0.35476194522747145,NA,"BOTH +/-8%, OXT/NAL +/-4%"
0.08,428,TRUE,TRUE,0.19750639920975546,0.4757180933214378,NA,"BOTH +/-8%, OXT/NAL +/-4%"
0.08,429,TRUE,TRUE,0.12726970657057282,0.5374452278485159,NA,"BOTH +/-8%, OXT/NAL +/-4%"
0.08,430,TRUE,TRUE,0.02271334375915329,0.8357255402588875,NA,"BOTH +/-8%, OXT/NAL +/-4%"
0.08,431,TRUE,TRUE,0.21690472965529012,0.5915146450354648,NA,"BOTH +/-8%, OXT/NAL +/-4%"
0.08,432,TRUE,TRUE,0.26488951659879617,0.7693939107675629,NA,"BOTH +/-8%, OXT/NAL +/-4%"
0.08,433,TRUE,TRUE,0.39859554866348285,0.9959104787027362,NA,"BOTH +/-8%, OXT/NAL +/-4%"
0.08,434,TRUE,TRUE,0.3990999222689691,0.6717045542688851,NA,"BOTH +/-8%, OXT/NAL +/-4%"
0.08,435,TRUE,TRUE,0.09634310684677652,0.5604536443524963,NA,"BOTH +/-8%, OXT/NAL +/-4%"
0.08,436,TRUE,TRUE,0.16524861271350824,0.46604807484096866,NA,"BOTH +/-8%, OXT/NAL +/-4%"
0.08,437,TRUE,TRUE,0.01228804368727486,0.331434305896373,NA,"BOTH +/-8%, OXT/NAL +/-4%"
0.08,438,TRUE,TRUE,0.257337724028242,0.9919739136570408,NA,"BOTH +/-8%, OXT/NAL +/-4%"
0.08,439,TRUE,TRUE,0.18281579143068127,0.3051326087423196,NA,"BOTH +/-8%, OXT/NAL +/-4%"
0.08,440,TRUE,TRUE,0.34589927818439486,0.7681273300428322,NA,"BOTH +/-8%, OXT/NAL +/-4%"
0.08,441,TRUE,TRUE,0.4576967206208014,0.7749868521734813,NA,"BOTH +/-8%, OXT/NAL +/-4%"
0.08,442,TRUE,TRUE,0.6618527073281787,0.912487348288626,NA,"BOTH +/-8%, OXT/NAL +/-4%"
0.08,443,TRUE,TRUE,0.5543083378466452,0.03262301053309311,NA,"BOTH +/-8%, OXT/NAL +/-4%"
0.08,444,TRUE,TRUE,0.7137938725423075,0.4073526872995137,NA,"BOTH +/-8%, OXT/NAL +/-4%"
0.08,445,TRUE,TRUE,0.525083327910001,0.5574911760860329,NA,"BOTH +/-8%, OXT/NAL +/-4%"
0.08,446,TRUE,TRUE,0.6881505673374388,0.5433481918294053,NA,"BOTH +/-8%, OXT/NAL +/-4%"
0.08,447,TRUE,TRUE,0.013555195560709063,0.23795832646638612,NA,"BOTH +/-8%, OXT/NAL +/-4%"
0.08,448,TRUE,TRUE,0.47859044502255027,0.7211300112108643,NA,"BOTH +/-8%, OXT/NAL +/-4%"
0.08,449,TRUE,TRUE,0.12404072515401374,0.06809416656188855,NA,"BOTH +/-8%, OXT/NAL +/-4%"
0.08,450,TRUE,TRUE,0.005087951041624257,0.2670130770173339,NA,"BOTH +/-8%, OXT/NAL +/-4%"
0.08,451,TRUE,TRUE,0.022350233616905378,0.7116900334464311,NA,"BOTH +/-8%, OXT/NAL +/-4%"
0.08,452,TRUE,TRUE,0.04748030131277881,0.6898091115162277,NA,"BOTH +/-8%, OXT/NAL +/-4%"
0.08,453,TRUE,TRUE,0.0015593373380668582,0.020939562308004003,NA,"BOTH +/-8%, OXT/NAL +/-4%"
0.08,454,TRUE,TRUE,0.04113381128464553,0.144411407432289,NA,"BOTH +/-8%, OXT/NAL +/-4%"
0.08,455,TRUE,TRUE,0.6994814350377097,0.30525910140194923,NA,"BOTH +/-8%, OXT/NAL +/-4%"
0.08,456,TRUE,TRUE,0.24140594984575175,0.4999013813247008,NA,"BOTH +/-8%, OXT/NAL +/-4%"
0.08,457,TRUE,TRUE,0.21290176750388368,0.3241088750345253,NA,"BOTH +/-8%, OXT/NAL +/-4%"
0.08,458,TRUE,TRUE,0.4500804682016454,0.9834719450539825,NA,"BOTH +/-8%, OXT/NAL +/-4%"
0.08,459,TRUE,TRUE,0.18439783097826296,0.022862203832420245,NA,"BOTH +/-8%, OXT/NAL +/-4%"
0.08,460,TRUE,TRUE,0.14127338723371324,0.42688561249140267,NA,"BOTH +/-8%, OXT/NAL +/-4%"
0.08,461,TRUE,TRUE,0.5864271865204634,0.4116417693348452,NA,"BOTH +/-8%, OXT/NAL +/-4%"
0.08,462,TRUE,TRUE,0.5094716141225841,0.1064295842104211,NA,"BOTH +/-8%, OXT/NAL +/-4%"
0.08,463,TRUE,TRUE,0.3959417578321719,0.3412651579525707,NA,"BOTH +/-8%, OXT/NAL +/-4%"
0.08,464,TRUE,TRUE,0.015833445467217797,0.2663253446665263,NA,"BOTH +/-8%, OXT/NAL +/-4%"
0.08,465,TRUE,TRUE,0.012776124639664444,0.23230464250693597,NA,"BOTH +/-8%, OXT/NAL +/-4%"
0.08,466,TRUE,TRUE,0.08240952728809746,0.5361068485213621,NA,"BOTH +/-8%, OXT/NAL +/-4%"
0.08,467,TRUE,TRUE,0.022706144892398465,0.25183166589194617,NA,"BOTH +/-8%, OXT/NAL +/-4%"
0.08,468,TRUE,TRUE,0.22843398018503852,0.21634050380766312,NA,"BOTH +/-8%, OXT/NAL +/-4%"
0.08,469,TRUE,TRUE,0.21129475661677807,0.4831935193993585,NA,"BOTH +/-8%, OXT/NAL +/-4%"
0.08,470,TRUE,TRUE,0.23668394077295024,0.7895297268100515,NA,"BOTH +/-8%, OXT/NAL +/-4%"
0.08,471,TRUE,TRUE,0.3817413597366396,0.8082745362512173,NA,"BOTH +/-8%, OXT/NAL +/-4%"
0.08,472,TRUE,TRUE,0.22524002354979375,0.35124193852498853,NA,"BOTH +/-8%, OXT/NAL +/-4%"
0.08,473,TRUE,TRUE,0.011407625908495036,0.5451645814868992,NA,"BOTH +/-8%, OXT/NAL +/-4%"
0.08,474,TRUE,TRUE,0.6736686904083142,0.9854307931053607,NA,"BOTH +/-8%, OXT/NAL +/-4%"
0.08,475,TRUE,TRUE,0.6918450955790056,0.5069401855498408,NA,"BOTH +/-8%, OXT/NAL +/-4%"
0.08,476,TRUE,TRUE,0.8464349479793626,0.9497298791583674,NA,"BOTH +/-8%, OXT/NAL +/-4%"
0.08,477,TRUE,TRUE,0.11646499063712541,0.7891631390654207,NA,"BOTH +/-8%, OXT/NAL +/-4%"
0.08,478,TRUE,TRUE,0.288838106377696,0.543957678717957,NA,"BOTH +/-8%, OXT/NAL +/-4%"
0.08,479,TRUE,TRUE,0.050081172441126115,0.08556261632990028,NA,"BOTH +/-8%, OXT/NAL +/-4%"
0.08,480,TRUE,TRUE,0.4579741473326575,0.13231083738184188,NA,"BOTH +/-8%, OXT/NAL +/-4%"
0.08,481,TRUE,TRUE,0.005950815812396101,0.09037042644224644,NA,"BOTH +/-8%, OXT/NAL +/-4%"
0.08,482,TRUE,TRUE,0.3605202884192528,0.16938184659695074,NA,"BOTH +/-8%, OXT/NAL +/-4%"
0.08,483,TRUE,TRUE,0.06484606263733954,0.2851951206120958,NA,"BOTH +/-8%, OXT/NAL +/-4%"
0.08,484,TRUE,TRUE,0.5490014119610959,0.189498643588378,NA,"BOTH +/-8%, OXT/NAL +/-4%"
0.08,485,TRUE,TRUE,0.002050941702031739,0.11478050526383714,NA,"BOTH +/-8%, OXT/NAL +/-4%"
0.08,486,TRUE,TRUE,0.46675023070778743,0.09941547988057853,NA,"BOTH +/-8%, OXT/NAL +/-4%"
0.08,487,TRUE,TRUE,0.3210439239021312,0.9038518973704379,NA,"BOTH +/-8%, OXT/NAL +/-4%"
0.08,488,TRUE,TRUE,0.0987872911685162,0.004155021144850168,NA,"BOTH +/-8%, OXT/NAL +/-4%"
0.08,489,TRUE,TRUE,0.10655668974780051,0.5532969965985541,NA,"BOTH +/-8%, OXT/NAL +/-4%"
0.08,490,TRUE,TRUE,0.02005150314936031,0.6574773148905007,NA,"BOTH +/-8%, OXT/NAL +/-4%"
0.08,491,TRUE,TRUE,0.5060462297155206,0.7018527311319951,NA,"BOTH +/-8%, OXT/NAL +/-4%"
0.08,492,TRUE,TRUE,0.005197897879568793,0.4158339819722626,NA,"BOTH +/-8%, OXT/NAL +/-4%"
0.08,493,TRUE,TRUE,0.02272120751084859,0.09846362764930429,NA,"BOTH +/-8%, OXT/NAL +/-4%"
0.08,494,TRUE,TRUE,0.0804363569801122,0.153333988767327,NA,"BOTH +/-8%, OXT/NAL +/-4%"
0.08,495,TRUE,TRUE,0.04956915419697698,0.8420181393577322,NA,"BOTH +/-8%, OXT/NAL +/-4%"
0.08,496,TRUE,TRUE,0.029603305558678763,0.8897710743168433,NA,"BOTH +/-8%, OXT/NAL +/-4%"
0.08,497,TRUE,TRUE,0.1809962423792079,0.7492545176135559,NA,"BOTH +/-8%, OXT/NAL +/-4%"
0.08,498,TRUE,TRUE,0.1011045931832133,0.8048783234118683,NA,"BOTH +/-8%, OXT/NAL +/-4%"
0.08,499,TRUE,TRUE,0.5747617892335563,0.31728807344068455,NA,"BOTH +/-8%, OXT/NAL +/-4%"
0.08,500,TRUE,TRUE,0.3859305613440592,0.6294268354136747,NA,"BOTH +/-8%, OXT/NAL +/-4%"
0.12,1,TRUE,TRUE,0.09112147686797281,0.3696050307810147,NA,"BOTH +/-12%, OXT/NAL +/-6%"
0.12,2,TRUE,TRUE,0.013051217952111081,0.16252737494024289,NA,"BOTH +/-12%, OXT/NAL +/-6%"
0.12,3,TRUE,TRUE,0.08975922257509965,0.5560462136089479,NA,"BOTH +/-12%, OXT/NAL +/-6%"
0.12,4,TRUE,TRUE,0.0010406835212499147,0.4240077142543507,NA,"BOTH +/-12%, OXT/NAL +/-6%"
0.12,5,TRUE,TRUE,0.025639598327447756,0.15346957382910537,NA,"BOTH +/-12%, OXT/NAL +/-6%"
0.12,6,TRUE,TRUE,0.11010499620731216,0.2822637869028097,NA,"BOTH +/-12%, OXT/NAL +/-6%"
0.12,7,TRUE,TRUE,0.008172003129217746,0.0036149135814156096,NA,"BOTH +/-12%, OXT/NAL +/-6%"
0.12,8,TRUE,TRUE,7.749430517738979e-4,0.4822096145545501,NA,"BOTH +/-12%, OXT/NAL +/-6%"
0.12,9,TRUE,TRUE,0.06595623771918513,0.2966666216034383,NA,"BOTH +/-12%, OXT/NAL +/-6%"
0.12,10,TRUE,TRUE,0.12254284282144835,0.5781208088269766,NA,"BOTH +/-12%, OXT/NAL +/-6%"
0.12,11,TRUE,TRUE,0.024736298271141977,0.9284301950039633,NA,"BOTH +/-12%, OXT/NAL +/-6%"
0.12,12,TRUE,TRUE,3.9119005278078167e-4,0.16618198598568437,NA,"BOTH +/-12%, OXT/NAL +/-6%"
0.12,13,TRUE,TRUE,5.9114995963632635e-5,0.8345734966363645,NA,"BOTH +/-12%, OXT/NAL +/-6%"
0.12,14,TRUE,TRUE,0.3317045491329024,0.805789234026426,NA,"BOTH +/-12%, OXT/NAL +/-6%"
0.12,15,TRUE,TRUE,5.472644633319254e-4,0.6431305474352185,NA,"BOTH +/-12%, OXT/NAL +/-6%"
0.12,16,TRUE,TRUE,6.066036739449139e-5,0.2265042640001049,NA,"BOTH +/-12%, OXT/NAL +/-6%"
0.12,17,TRUE,TRUE,0.006740401153388741,0.6901305208709974,NA,"BOTH +/-12%, OXT/NAL +/-6%"
0.12,18,TRUE,TRUE,0.007190836314600381,0.49466694113548987,NA,"BOTH +/-12%, OXT/NAL +/-6%"
0.12,19,TRUE,TRUE,2.0736962666497314e-4,0.8140431813274464,NA,"BOTH +/-12%, OXT/NAL +/-6%"
0.12,20,TRUE,TRUE,0.004287266817654657,0.3757368234059946,NA,"BOTH +/-12%, OXT/NAL +/-6%"
0.12,21,TRUE,TRUE,0.4880703801662819,0.8167059162145452,NA,"BOTH +/-12%, OXT/NAL +/-6%"
0.12,22,TRUE,TRUE,3.05831115395532e-4,0.13075258088785727,NA,"BOTH +/-12%, OXT/NAL +/-6%"
0.12,23,TRUE,TRUE,0.021863376520383882,0.8579143791804724,NA,"BOTH +/-12%, OXT/NAL +/-6%"
0.12,24,TRUE,TRUE,0.0103228007910952,0.3610706617502798,NA,"BOTH +/-12%, OXT/NAL +/-6%"
0.12,25,TRUE,TRUE,0.06686276976520193,0.7946512166538462,NA,"BOTH +/-12%, OXT/NAL +/-6%"
0.12,26,TRUE,TRUE,0.03129857308645163,0.7412323069748165,NA,"BOTH +/-12%, OXT/NAL +/-6%"
0.12,27,TRUE,TRUE,0.010334844263625473,0.1462775712559232,NA,"BOTH +/-12%, OXT/NAL +/-6%"
0.12,28,TRUE,TRUE,0.0021400481884121902,0.5900729197907629,NA,"BOTH +/-12%, OXT/NAL +/-6%"
0.12,29,TRUE,TRUE,0.24424431424775084,0.3705548310760909,NA,"BOTH +/-12%, OXT/NAL +/-6%"
0.12,30,TRUE,TRUE,0.1059659735523912,0.499913959044073,NA,"BOTH +/-12%, OXT/NAL +/-6%"
0.12,31,TRUE,TRUE,0.005867806501594948,0.09071538605680919,NA,"BOTH +/-12%, OXT/NAL +/-6%"
0.12,32,TRUE,TRUE,0.004245743072302744,0.38969601906491885,NA,"BOTH +/-12%, OXT/NAL +/-6%"
0.12,33,TRUE,TRUE,0.005083401649085098,0.9569583657571882,NA,"BOTH +/-12%, OXT/NAL +/-6%"
0.12,34,TRUE,TRUE,0.14771875690179317,0.8659610932945697,NA,"BOTH +/-12%, OXT/NAL +/-6%"
0.12,35,TRUE,TRUE,0.4624958748837336,0.8864847208197831,NA,"BOTH +/-12%, OXT/NAL +/-6%"
0.12,36,TRUE,TRUE,0.014387549626256402,0.28431894101595506,NA,"BOTH +/-12%, OXT/NAL +/-6%"
0.12,37,TRUE,TRUE,0.009065077201229685,0.5774800226201297,NA,"BOTH +/-12%, OXT/NAL +/-6%"
0.12,38,TRUE,TRUE,0.007865592759469414,0.9919002200212398,NA,"BOTH +/-12%, OXT/NAL +/-6%"
0.12,39,TRUE,TRUE,4.658422528280848e-5,0.13697495382400435,NA,"BOTH +/-12%, OXT/NAL +/-6%"
0.12,40,TRUE,TRUE,0.004899368186933256,0.6984077260851924,NA,"BOTH +/-12%, OXT/NAL +/-6%"
0.12,41,TRUE,TRUE,0.025791653029984547,0.4778582081470072,NA,"BOTH +/-12%, OXT/NAL +/-6%"
0.12,42,TRUE,TRUE,0.012050798691774304,0.6664102047714138,NA,"BOTH +/-12%, OXT/NAL +/-6%"
0.12,43,TRUE,TRUE,2.256773482737348e-5,0.030421225051543745,NA,"BOTH +/-12%, OXT/NAL +/-6%"
0.12,44,TRUE,TRUE,0.07714338940006843,0.844845221366292,NA,"BOTH +/-12%, OXT/NAL +/-6%"
0.12,45,TRUE,TRUE,0.007962407863730401,0.919051341923604,NA,"BOTH +/-12%, OXT/NAL +/-6%"
0.12,46,TRUE,TRUE,0.11421687991435285,0.06132476103816343,NA,"BOTH +/-12%, OXT/NAL +/-6%"
0.12,47,TRUE,TRUE,0.020472681260975557,0.9507358518424849,NA,"BOTH +/-12%, OXT/NAL +/-6%"
0.12,48,TRUE,TRUE,1.9142412465369683e-4,0.3987698582051856,NA,"BOTH +/-12%, OXT/NAL +/-6%"
0.12,49,TRUE,TRUE,0.4016451454617411,0.9521200837642823,NA,"BOTH +/-12%, OXT/NAL +/-6%"
0.12,50,TRUE,TRUE,0.003977667004396384,0.7712725798719791,NA,"BOTH +/-12%, OXT/NAL +/-6%"
0.12,51,TRUE,TRUE,0.003782488021254427,0.41771035709907256,NA,"BOTH +/-12%, OXT/NAL +/-6%"
0.12,52,TRUE,TRUE,0.0011671357180536174,0.3388757843457119,NA,"BOTH +/-12%, OXT/NAL +/-6%"
0.12,53,TRUE,TRUE,1.7878906714525311e-4,0.562209197086079,NA,"BOTH +/-12%, OXT/NAL +/-6%"
0.12,54,TRUE,TRUE,0.001905377271571792,0.3244746583290337,NA,"BOTH +/-12%, OXT/NAL +/-6%"
0.12,55,TRUE,TRUE,0.0022718300063688476,0.28533533360665475,NA,"BOTH +/-12%, OXT/NAL +/-6%"
0.12,56,TRUE,TRUE,6.440633799669693e-4,0.9055680618906178,NA,"BOTH +/-12%, OXT/NAL +/-6%"
0.12,57,TRUE,TRUE,0.0023401724347506185,0.006111363766262662,NA,"BOTH +/-12%, OXT/NAL +/-6%"
0.12,58,TRUE,TRUE,0.006970801478358883,0.05167058920249667,NA,"BOTH +/-12%, OXT/NAL +/-6%"
0.12,59,TRUE,TRUE,6.115348527249085e-4,0.8340142652300463,NA,"BOTH +/-12%, OXT/NAL +/-6%"
0.12,60,TRUE,TRUE,2.861728981985441e-4,0.18957432870895546,NA,"BOTH +/-12%, OXT/NAL +/-6%"
0.12,61,TRUE,TRUE,0.18458602794280704,0.35652746500758375,NA,"BOTH +/-12%, OXT/NAL +/-6%"
0.12,62,TRUE,TRUE,0.09990290899578604,0.1222193971407901,NA,"BOTH +/-12%, OXT/NAL +/-6%"
0.12,63,TRUE,TRUE,0.006744370688582045,0.01640747785106568,NA,"BOTH +/-12%, OXT/NAL +/-6%"
0.12,64,TRUE,TRUE,2.572816771383105e-4,0.5723174141284375,NA,"BOTH +/-12%, OXT/NAL +/-6%"
0.12,65,TRUE,TRUE,0.008802602701990282,0.6007894128770251,NA,"BOTH +/-12%, OXT/NAL +/-6%"
0.12,66,TRUE,TRUE,0.01179731623472488,0.3285316930680687,NA,"BOTH +/-12%, OXT/NAL +/-6%"
0.12,67,TRUE,TRUE,5.676190967569511e-5,0.03489147065794812,NA,"BOTH +/-12%, OXT/NAL +/-6%"
0.12,68,TRUE,TRUE,0.002723592647628953,0.14054384148119703,NA,"BOTH +/-12%, OXT/NAL +/-6%"
0.12,69,TRUE,TRUE,0.0012291947061141024,0.3934646836593512,NA,"BOTH +/-12%, OXT/NAL +/-6%"
0.12,70,TRUE,TRUE,0.020863807521446686,0.7430288267151515,NA,"BOTH +/-12%, OXT/NAL +/-6%"
0.12,71,TRUE,TRUE,0.009543906272343566,0.800272006285685,NA,"BOTH +/-12%, OXT/NAL +/-6%"
0.12,72,TRUE,TRUE,0.8317361485658306,0.28471908704995874,NA,"BOTH +/-12%, OXT/NAL +/-6%"
0.12,73,TRUE,TRUE,6.764713330934338e-4,0.7214744832440761,NA,"BOTH +/-12%, OXT/NAL +/-6%"
0.12,74,TRUE,TRUE,0.0031511154433981605,0.06353431775221992,NA,"BOTH +/-12%, OXT/NAL +/-6%"
0.12,75,TRUE,TRUE,0.008768791332079697,0.4042348509526384,NA,"BOTH +/-12%, OXT/NAL +/-6%"
0.12,76,TRUE,TRUE,0.6365588164617427,0.20959449861960783,NA,"BOTH +/-12%, OXT/NAL +/-6%"
0.12,77,TRUE,TRUE,0.016256606522907856,0.6452705879563144,NA,"BOTH +/-12%, OXT/NAL +/-6%"
0.12,78,TRUE,TRUE,5.426446121722607e-6,0.3546556394677833,NA,"BOTH +/-12%, OXT/NAL +/-6%"
0.12,79,TRUE,TRUE,0.00888424399266828,0.8626150615142408,NA,"BOTH +/-12%, OXT/NAL +/-6%"
0.12,80,TRUE,TRUE,0.001543517480511596,0.3264222822181491,NA,"BOTH +/-12%, OXT/NAL +/-6%"
0.12,81,TRUE,TRUE,2.1054880280028755e-4,0.4123969188459636,NA,"BOTH +/-12%, OXT/NAL +/-6%"
0.12,82,TRUE,TRUE,4.8412786378991924e-6,0.29509701436691144,NA,"BOTH +/-12%, OXT/NAL +/-6%"
0.12,83,TRUE,TRUE,0.02760788275196229,0.39513576731467437,NA,"BOTH +/-12%, OXT/NAL +/-6%"
0.12,84,TRUE,TRUE,0.1468545851042059,0.42197295662204587,NA,"BOTH +/-12%, OXT/NAL +/-6%"
0.12,85,TRUE,TRUE,9.666787443942313e-4,0.5642513221611883,NA,"BOTH +/-12%, OXT/NAL +/-6%"
0.12,86,TRUE,TRUE,0.004782460224215221,0.9987020641830191,NA,"BOTH +/-12%, OXT/NAL +/-6%"
0.12,87,TRUE,TRUE,0.295614300437944,0.7425457724002562,NA,"BOTH +/-12%, OXT/NAL +/-6%"
0.12,88,TRUE,TRUE,0.014474925975281846,0.7828595437409522,NA,"BOTH +/-12%, OXT/NAL +/-6%"
0.12,89,TRUE,TRUE,0.39964886394587074,0.6794720072314397,NA,"BOTH +/-12%, OXT/NAL +/-6%"
0.12,90,TRUE,TRUE,1.6346815361122528e-5,0.22541847175218246,NA,"BOTH +/-12%, OXT/NAL +/-6%"
0.12,91,TRUE,TRUE,0.01505365534059549,0.9057776559617265,NA,"BOTH +/-12%, OXT/NAL +/-6%"
0.12,92,TRUE,TRUE,0.010868642371057674,0.7244682425194977,NA,"BOTH +/-12%, OXT/NAL +/-6%"
0.12,93,TRUE,TRUE,5.017458018342069e-5,0.028912618018667673,NA,"BOTH +/-12%, OXT/NAL +/-6%"
0.12,94,TRUE,TRUE,0.02116182977335863,0.8423021830688511,NA,"BOTH +/-12%, OXT/NAL +/-6%"
0.12,95,TRUE,TRUE,0.19259541625031762,0.24286665961278547,NA,"BOTH +/-12%, OXT/NAL +/-6%"
0.12,96,TRUE,TRUE,0.016751964694333005,0.3640763303184815,NA,"BOTH +/-12%, OXT/NAL +/-6%"
0.12,97,TRUE,TRUE,0.17734894045370014,0.9443619981903406,NA,"BOTH +/-12%, OXT/NAL +/-6%"
0.12,98,TRUE,TRUE,3.3712486305452385e-4,0.911089917729089,NA,"BOTH +/-12%, OXT/NAL +/-6%"
0.12,99,TRUE,TRUE,0.05386172108532077,0.6520602554956123,NA,"BOTH +/-12%, OXT/NAL +/-6%"
0.12,100,TRUE,TRUE,1.1376046974365772e-5,0.11195109494040716,NA,"BOTH +/-12%, OXT/NAL +/-6%"
0.12,101,TRUE,TRUE,0.22907840093404858,0.9774102117394802,NA,"BOTH +/-12%, OXT/NAL +/-6%"
0.12,102,TRUE,TRUE,0.006910326745457345,0.10652576556641272,NA,"BOTH +/-12%, OXT/NAL +/-6%"
0.12,103,TRUE,TRUE,0.12229250137309663,0.9869950511547704,NA,"BOTH +/-12%, OXT/NAL +/-6%"
0.12,104,TRUE,TRUE,0.004734012873892159,0.045632612053009225,NA,"BOTH +/-12%, OXT/NAL +/-6%"
0.12,105,TRUE,TRUE,0.002444074784234481,0.6902874840263319,NA,"BOTH +/-12%, OXT/NAL +/-6%"
0.12,106,TRUE,TRUE,5.490700366765001e-4,0.4457150254088753,NA,"BOTH +/-12%, OXT/NAL +/-6%"
0.12,107,TRUE,TRUE,0.05051564044486642,0.08980472496506188,NA,"BOTH +/-12%, OXT/NAL +/-6%"
0.12,108,TRUE,TRUE,0.005588210758634823,0.9013344343502598,NA,"BOTH +/-12%, OXT/NAL +/-6%"
0.12,109,TRUE,TRUE,0.17125421977166969,0.9471059449826013,NA,"BOTH +/-12%, OXT/NAL +/-6%"
0.12,110,TRUE,TRUE,0.03861825114137973,0.9405801768743389,NA,"BOTH +/-12%, OXT/NAL +/-6%"
0.12,111,TRUE,TRUE,0.008759831073168344,0.9044141675621556,NA,"BOTH +/-12%, OXT/NAL +/-6%"
0.12,112,TRUE,TRUE,5.968235937655711e-4,0.27454253418432006,NA,"BOTH +/-12%, OXT/NAL +/-6%"
0.12,113,TRUE,TRUE,2.2553494487994086e-5,0.10183565208085318,NA,"BOTH +/-12%, OXT/NAL +/-6%"
0.12,114,TRUE,TRUE,0.0795912389331587,0.4683077964150735,NA,"BOTH +/-12%, OXT/NAL +/-6%"
0.12,115,TRUE,TRUE,0.028553917067720348,0.4741561895864396,NA,"BOTH +/-12%, OXT/NAL +/-6%"
0.12,116,TRUE,TRUE,0.17271681149122392,0.6273431743513345,NA,"BOTH +/-12%, OXT/NAL +/-6%"
0.12,117,TRUE,TRUE,0.6466447355059981,0.9876648246096407,NA,"BOTH +/-12%, OXT/NAL +/-6%"
0.12,118,TRUE,TRUE,0.10418989473597559,0.6847174554291116,NA,"BOTH +/-12%, OXT/NAL +/-6%"
0.12,119,TRUE,TRUE,0.032623841637882664,0.10780364563173228,NA,"BOTH +/-12%, OXT/NAL +/-6%"
0.12,120,TRUE,TRUE,0.0201484622096587,0.46073592298385035,NA,"BOTH +/-12%, OXT/NAL +/-6%"
0.12,121,TRUE,TRUE,0.011428374216033795,0.785863621440433,NA,"BOTH +/-12%, OXT/NAL +/-6%"
0.12,122,TRUE,TRUE,0.0037323550198385684,0.23897923657264394,NA,"BOTH +/-12%, OXT/NAL +/-6%"
0.12,123,TRUE,TRUE,0.1189582110861324,0.8917117005743662,NA,"BOTH +/-12%, OXT/NAL +/-6%"
0.12,124,TRUE,TRUE,0.5712027082670074,0.3558051637376469,NA,"BOTH +/-12%, OXT/NAL +/-6%"
0.12,125,TRUE,TRUE,1.2208179851696605e-4,0.22597546896639278,NA,"BOTH +/-12%, OXT/NAL +/-6%"
0.12,126,TRUE,TRUE,0.3936280162980858,0.4538715370058124,NA,"BOTH +/-12%, OXT/NAL +/-6%"
0.12,127,TRUE,TRUE,0.0075092598214138,0.4996571981050594,NA,"BOTH +/-12%, OXT/NAL +/-6%"
0.12,128,TRUE,TRUE,0.014487415300296487,0.2912687542767586,NA,"BOTH +/-12%, OXT/NAL +/-6%"
0.12,129,TRUE,TRUE,0.028249455171738293,0.5349397638988673,NA,"BOTH +/-12%, OXT/NAL +/-6%"
0.12,130,TRUE,TRUE,1.5706672971448269e-6,0.338589840685496,NA,"BOTH +/-12%, OXT/NAL +/-6%"
0.12,131,TRUE,TRUE,0.019887480229312204,0.61177984077023,NA,"BOTH +/-12%, OXT/NAL +/-6%"
0.12,132,TRUE,TRUE,0.04709325777104091,0.5334996223758308,NA,"BOTH +/-12%, OXT/NAL +/-6%"
0.12,133,TRUE,TRUE,0.01013074284872869,0.38550468093782786,NA,"BOTH +/-12%, OXT/NAL +/-6%"
0.12,134,TRUE,TRUE,0.04338991143915922,0.9539560920803395,NA,"BOTH +/-12%, OXT/NAL +/-6%"
0.12,135,TRUE,TRUE,4.2518227012020276e-4,0.11799142591560288,NA,"BOTH +/-12%, OXT/NAL +/-6%"
0.12,136,TRUE,TRUE,0.04306582868383198,0.6699600568588788,NA,"BOTH +/-12%, OXT/NAL +/-6%"
0.12,137,TRUE,TRUE,0.014551440363824568,0.46413487473001286,NA,"BOTH +/-12%, OXT/NAL +/-6%"
0.12,138,TRUE,TRUE,0.15720699963264798,0.15192061806764165,NA,"BOTH +/-12%, OXT/NAL +/-6%"
0.12,139,TRUE,TRUE,0.026565078913792752,0.8575177852996931,NA,"BOTH +/-12%, OXT/NAL +/-6%"
0.12,140,TRUE,TRUE,0.006926938800323373,0.8856343189939434,NA,"BOTH +/-12%, OXT/NAL +/-6%"
0.12,141,TRUE,TRUE,5.458506230345082e-4,0.3311949704591616,NA,"BOTH +/-12%, OXT/NAL +/-6%"
0.12,142,TRUE,TRUE,0.11053063381432689,0.4907830969025543,NA,"BOTH +/-12%, OXT/NAL +/-6%"
0.12,143,TRUE,TRUE,0.2670076886077974,0.3854645680175058,NA,"BOTH +/-12%, OXT/NAL +/-6%"
0.12,144,TRUE,TRUE,0.29815098220225533,0.8673053543495949,NA,"BOTH +/-12%, OXT/NAL +/-6%"
0.12,145,TRUE,TRUE,0.3750332086949231,0.6542179309068851,NA,"BOTH +/-12%, OXT/NAL +/-6%"
0.12,146,TRUE,TRUE,0.016047958099957092,0.03306087395658775,NA,"BOTH +/-12%, OXT/NAL +/-6%"
0.12,147,TRUE,TRUE,0.006338767252102292,0.3738185648826377,NA,"BOTH +/-12%, OXT/NAL +/-6%"
0.12,148,TRUE,TRUE,0.009782788627961727,0.09331716939169359,NA,"BOTH +/-12%, OXT/NAL +/-6%"
0.12,149,TRUE,TRUE,3.130830697641513e-4,0.3785879735885572,NA,"BOTH +/-12%, OXT/NAL +/-6%"
0.12,150,TRUE,TRUE,0.003848198124414099,0.15526068673912696,NA,"BOTH +/-12%, OXT/NAL +/-6%"
0.12,151,TRUE,TRUE,0.14181923145779768,0.8062174571487797,NA,"BOTH +/-12%, OXT/NAL +/-6%"
0.12,152,TRUE,TRUE,0.058419001312751934,0.15031816893680866,NA,"BOTH +/-12%, OXT/NAL +/-6%"
0.12,153,TRUE,TRUE,0.10560890015312718,0.8004121024261259,NA,"BOTH +/-12%, OXT/NAL +/-6%"
0.12,154,TRUE,TRUE,0.044056580904835364,0.8348975009152726,NA,"BOTH +/-12%, OXT/NAL +/-6%"
0.12,155,TRUE,TRUE,0.2934816861798252,0.8496517050068373,NA,"BOTH +/-12%, OXT/NAL +/-6%"
0.12,156,TRUE,TRUE,0.006974330596849834,0.7310726505418512,NA,"BOTH +/-12%, OXT/NAL +/-6%"
0.12,157,TRUE,TRUE,0.010591396124321912,0.3052197734289324,NA,"BOTH +/-12%, OXT/NAL +/-6%"
0.12,158,TRUE,TRUE,3.395124401200835e-4,0.0991138067249501,NA,"BOTH +/-12%, OXT/NAL +/-6%"
0.12,159,TRUE,TRUE,4.8689794972125365e-4,0.37345028366744676,NA,"BOTH +/-12%, OXT/NAL +/-6%"
0.12,160,TRUE,TRUE,0.10734921676414902,0.8033484333951072,NA,"BOTH +/-12%, OXT/NAL +/-6%"
0.12,161,TRUE,TRUE,1.4028622707146754e-5,0.7407181468860634,NA,"BOTH +/-12%, OXT/NAL +/-6%"
0.12,162,TRUE,TRUE,0.009143567781787314,0.8679191634852552,NA,"BOTH +/-12%, OXT/NAL +/-6%"
0.12,163,TRUE,TRUE,0.17573684324122205,0.8969485692350228,NA,"BOTH +/-12%, OXT/NAL +/-6%"
0.12,164,TRUE,TRUE,0.012789626243451075,0.4549050112793521,NA,"BOTH +/-12%, OXT/NAL +/-6%"
0.12,165,TRUE,TRUE,6.936516413927528e-6,0.8121798460486818,NA,"BOTH +/-12%, OXT/NAL +/-6%"
0.12,166,TRUE,TRUE,2.6503187954680703e-5,0.06295339731910933,NA,"BOTH +/-12%, OXT/NAL +/-6%"
0.12,167,TRUE,TRUE,0.001003737066541322,0.5882308477585366,NA,"BOTH +/-12%, OXT/NAL +/-6%"
0.12,168,TRUE,TRUE,0.0012050706424076092,0.48546449538683983,NA,"BOTH +/-12%, OXT/NAL +/-6%"
0.12,169,TRUE,TRUE,2.040268266208562e-4,0.3411300452310702,NA,"BOTH +/-12%, OXT/NAL +/-6%"
0.12,170,TRUE,TRUE,0.04800674395897271,0.5822591613426973,NA,"BOTH +/-12%, OXT/NAL +/-6%"
0.12,171,TRUE,TRUE,0.014815650689856378,0.30970019263175175,NA,"BOTH +/-12%, OXT/NAL +/-6%"
0.12,172,TRUE,TRUE,0.2563378990428058,0.8593009300610263,NA,"BOTH +/-12%, OXT/NAL +/-6%"
0.12,173,TRUE,TRUE,1.5929303833463185e-4,0.5322734255462469,NA,"BOTH +/-12%, OXT/NAL +/-6%"
0.12,174,TRUE,TRUE,0.0014452831175849458,0.8723037993488651,NA,"BOTH +/-12%, OXT/NAL +/-6%"
0.12,175,TRUE,TRUE,1.5317329872352732e-4,0.5393581296128673,NA,"BOTH +/-12%, OXT/NAL +/-6%"
0.12,176,TRUE,TRUE,0.06765727193301209,0.4102313952727875,NA,"BOTH +/-12%, OXT/NAL +/-6%"
0.12,177,TRUE,TRUE,0.007870953560417783,0.6510698676297628,NA,"BOTH +/-12%, OXT/NAL +/-6%"
0.12,178,TRUE,TRUE,0.11768791543116681,0.840134278372785,NA,"BOTH +/-12%, OXT/NAL +/-6%"
0.12,179,TRUE,TRUE,0.013648303270781287,0.6573625596709454,NA,"BOTH +/-12%, OXT/NAL +/-6%"
0.12,180,TRUE,TRUE,0.0789457641603187,0.5320806872929869,NA,"BOTH +/-12%, OXT/NAL +/-6%"
0.12,181,TRUE,TRUE,0.00787466221392065,0.8621111671697588,NA,"BOTH +/-12%, OXT/NAL +/-6%"
0.12,182,TRUE,TRUE,0.07148079766057354,0.760207304619056,NA,"BOTH +/-12%, OXT/NAL +/-6%"
0.12,183,TRUE,TRUE,1.296786702988375e-4,0.14382813283016394,NA,"BOTH +/-12%, OXT/NAL +/-6%"
0.12,184,TRUE,TRUE,0.10133896003209483,0.900985884407292,NA,"BOTH +/-12%, OXT/NAL +/-6%"
0.12,185,TRUE,TRUE,4.024701714684493e-5,0.010518939742794385,NA,"BOTH +/-12%, OXT/NAL +/-6%"
0.12,186,TRUE,TRUE,0.7647190438323419,0.44023355503134737,NA,"BOTH +/-12%, OXT/NAL +/-6%"
0.12,187,TRUE,TRUE,0.0018353736504003611,0.09924139786744109,NA,"BOTH +/-12%, OXT/NAL +/-6%"
0.12,188,TRUE,TRUE,0.0025345888571558545,0.4239429493980944,NA,"BOTH +/-12%, OXT/NAL +/-6%"
0.12,189,TRUE,TRUE,0.023767362801424267,0.01967517959541125,NA,"BOTH +/-12%, OXT/NAL +/-6%"
0.12,190,TRUE,TRUE,0.002134888456520723,0.16258970380044985,NA,"BOTH +/-12%, OXT/NAL +/-6%"
0.12,191,TRUE,TRUE,0.013692320864011067,0.6671939912274905,NA,"BOTH +/-12%, OXT/NAL +/-6%"
0.12,192,TRUE,TRUE,8.515517637046633e-5,0.7926279609776672,NA,"BOTH +/-12%, OXT/NAL +/-6%"
0.12,193,TRUE,TRUE,0.019742382486233948,0.9082573130810645,NA,"BOTH +/-12%, OXT/NAL +/-6%"
0.12,194,TRUE,TRUE,9.433647178819316e-4,0.2513525614180194,NA,"BOTH +/-12%, OXT/NAL +/-6%"
0.12,195,TRUE,TRUE,1.554095948239912e-4,0.21294597267399915,NA,"BOTH +/-12%, OXT/NAL +/-6%"
0.12,196,TRUE,TRUE,3.2959370136245486e-5,0.4715398146542263,NA,"BOTH +/-12%, OXT/NAL +/-6%"
0.12,197,TRUE,TRUE,4.8794594356065684e-4,0.8269077587456687,NA,"BOTH +/-12%, OXT/NAL +/-6%"
0.12,198,TRUE,TRUE,0.009093853129007541,0.23641546887557952,NA,"BOTH +/-12%, OXT/NAL +/-6%"
0.12,199,TRUE,TRUE,0.07963420112917452,0.7659587145370992,NA,"BOTH +/-12%, OXT/NAL +/-6%"
0.12,200,TRUE,TRUE,0.017609935585829104,0.026928538649326584,NA,"BOTH +/-12%, OXT/NAL +/-6%"
0.12,201,TRUE,TRUE,0.16406321302821847,0.9619142169091979,NA,"BOTH +/-12%, OXT/NAL +/-6%"
0.12,202,TRUE,TRUE,8.646121806169467e-4,0.3628787915165107,NA,"BOTH +/-12%, OXT/NAL +/-6%"
0.12,203,TRUE,TRUE,0.006192862411619419,0.257708952474948,NA,"BOTH +/-12%, OXT/NAL +/-6%"
0.12,204,TRUE,TRUE,8.670045633081337e-4,0.5171406133763561,NA,"BOTH +/-12%, OXT/NAL +/-6%"
0.12,205,TRUE,TRUE,0.6110473245352454,0.04230363571484228,NA,"BOTH +/-12%, OXT/NAL +/-6%"
0.12,206,TRUE,TRUE,8.709396403979711e-4,0.3704358157793523,NA,"BOTH +/-12%, OXT/NAL +/-6%"
0.12,207,TRUE,TRUE,0.015321054987446838,0.18305021582017578,NA,"BOTH +/-12%, OXT/NAL +/-6%"
0.12,208,TRUE,TRUE,4.5550815271077355e-5,0.8747567212110718,NA,"BOTH +/-12%, OXT/NAL +/-6%"
0.12,209,TRUE,TRUE,2.657586095059434e-4,0.6236167250358597,NA,"BOTH +/-12%, OXT/NAL +/-6%"
0.12,210,TRUE,TRUE,0.10451204347670583,0.8410323055614626,NA,"BOTH +/-12%, OXT/NAL +/-6%"
0.12,211,TRUE,TRUE,8.172803365975927e-7,0.10830094045185859,NA,"BOTH +/-12%, OXT/NAL +/-6%"
0.12,212,TRUE,TRUE,0.06868865876571878,0.8411791150635083,NA,"BOTH +/-12%, OXT/NAL +/-6%"
0.12,213,TRUE,TRUE,0.028458200261137472,0.6090576917342369,NA,"BOTH +/-12%, OXT/NAL +/-6%"
0.12,214,TRUE,TRUE,0.0788610594813543,0.9420341282476131,NA,"BOTH +/-12%, OXT/NAL +/-6%"
0.12,215,TRUE,TRUE,0.04889837498835112,0.6103263408934237,NA,"BOTH +/-12%, OXT/NAL +/-6%"
0.12,216,TRUE,TRUE,0.0032104365792164713,0.8752176062417016,NA,"BOTH +/-12%, OXT/NAL +/-6%"
0.12,217,TRUE,TRUE,6.260027464507219e-6,0.208575179073152,NA,"BOTH +/-12%, OXT/NAL +/-6%"
0.12,218,TRUE,TRUE,7.904201012608101e-4,0.3826683674300235,NA,"BOTH +/-12%, OXT/NAL +/-6%"
0.12,219,TRUE,TRUE,2.0175314767260287e-4,0.03481087225938272,NA,"BOTH +/-12%, OXT/NAL +/-6%"
0.12,220,TRUE,TRUE,0.37355694707566445,0.7892908540298245,NA,"BOTH +/-12%, OXT/NAL +/-6%"
0.12,221,TRUE,TRUE,0.374388830740421,0.6342692051517629,NA,"BOTH +/-12%, OXT/NAL +/-6%"
0.12,222,TRUE,TRUE,0.039424851236459293,0.12152843306998727,NA,"BOTH +/-12%, OXT/NAL +/-6%"
0.12,223,TRUE,TRUE,0.026210131649071766,0.30256716468252465,NA,"BOTH +/-12%, OXT/NAL +/-6%"
0.12,224,TRUE,TRUE,1.2184002809109855e-4,0.5711939306400942,NA,"BOTH +/-12%, OXT/NAL +/-6%"
0.12,225,TRUE,TRUE,0.05016977246730089,0.9493782280706753,NA,"BOTH +/-12%, OXT/NAL +/-6%"
0.12,226,TRUE,TRUE,6.833252810065923e-5,0.08524518507044736,NA,"BOTH +/-12%, OXT/NAL +/-6%"
0.12,227,TRUE,TRUE,2.7972392756508867e-5,0.17742747886001609,NA,"BOTH +/-12%, OXT/NAL +/-6%"
0.12,228,TRUE,TRUE,0.010519892838963943,0.1097269986942147,NA,"BOTH +/-12%, OXT/NAL +/-6%"
0.12,229,TRUE,TRUE,0.04476067163701649,0.3426398566313133,NA,"BOTH +/-12%, OXT/NAL +/-6%"
0.12,230,TRUE,TRUE,0.0012136394591233993,0.8318347272524307,NA,"BOTH +/-12%, OXT/NAL +/-6%"
0.12,231,TRUE,TRUE,1.1739189090525422e-4,0.12928941360198346,NA,"BOTH +/-12%, OXT/NAL +/-6%"
0.12,232,TRUE,TRUE,0.021220027280137402,0.5924733978787486,NA,"BOTH +/-12%, OXT/NAL +/-6%"
0.12,233,TRUE,TRUE,0.015753010978329957,0.4730028182971271,NA,"BOTH +/-12%, OXT/NAL +/-6%"
0.12,234,TRUE,TRUE,0.04572444104300312,0.41552019986455446,NA,"BOTH +/-12%, OXT/NAL +/-6%"
0.12,235,TRUE,TRUE,0.027939454342719213,0.6295478528272782,NA,"BOTH +/-12%, OXT/NAL +/-6%"
0.12,236,TRUE,TRUE,0.022780234560207106,0.22593295010457357,NA,"BOTH +/-12%, OXT/NAL +/-6%"
0.12,237,TRUE,TRUE,0.08686266584487444,0.0905768953946197,NA,"BOTH +/-12%, OXT/NAL +/-6%"
0.12,238,TRUE,TRUE,0.45564513706299536,0.4355781412906461,NA,"BOTH +/-12%, OXT/NAL +/-6%"
0.12,239,TRUE,TRUE,0.015046701529846742,0.4273627416150547,NA,"BOTH +/-12%, OXT/NAL +/-6%"
0.12,240,TRUE,TRUE,0.029812871963712455,0.3956974480094346,NA,"BOTH +/-12%, OXT/NAL +/-6%"
0.12,241,TRUE,TRUE,0.0370259328526153,0.8392846978703492,NA,"BOTH +/-12%, OXT/NAL +/-6%"
0.12,242,TRUE,TRUE,0.0029516547106956835,0.8054415301186563,NA,"BOTH +/-12%, OXT/NAL +/-6%"
0.12,243,TRUE,TRUE,0.02348351247792841,0.14940617155989086,NA,"BOTH +/-12%, OXT/NAL +/-6%"
0.12,244,TRUE,TRUE,0.001611822735139233,0.46226283608514923,NA,"BOTH +/-12%, OXT/NAL +/-6%"
0.12,245,TRUE,TRUE,0.25537041155609386,0.9969112989676354,NA,"BOTH +/-12%, OXT/NAL +/-6%"
0.12,246,TRUE,TRUE,0.011467167837277496,0.5568648398643999,NA,"BOTH +/-12%, OXT/NAL +/-6%"
0.12,247,TRUE,TRUE,0.01066962608443153,0.6005139443426325,NA,"BOTH +/-12%, OXT/NAL +/-6%"
0.12,248,TRUE,TRUE,3.395787028956523e-4,0.9731891989609607,NA,"BOTH +/-12%, OXT/NAL +/-6%"
0.12,249,TRUE,TRUE,0.02114270579823191,0.6953503574851028,NA,"BOTH +/-12%, OXT/NAL +/-6%"
0.12,250,TRUE,TRUE,0.03724999169825325,0.09531699931924062,NA,"BOTH +/-12%, OXT/NAL +/-6%"
0.12,251,TRUE,TRUE,0.00728532548778639,0.31723796462383896,NA,"BOTH +/-12%, OXT/NAL +/-6%"
0.12,252,TRUE,TRUE,0.0031881689759221715,0.679284504069471,NA,"BOTH +/-12%, OXT/NAL +/-6%"
0.12,253,TRUE,TRUE,0.15418724518995947,0.7239539188891051,NA,"BOTH +/-12%, OXT/NAL +/-6%"
0.12,254,TRUE,TRUE,0.029922025544057283,0.5385591577819214,NA,"BOTH +/-12%, OXT/NAL +/-6%"
0.12,255,TRUE,TRUE,0.039411831529853066,0.5815923008508433,NA,"BOTH +/-12%, OXT/NAL +/-6%"
0.12,256,TRUE,TRUE,0.8703895124206844,0.3918523742695888,NA,"BOTH +/-12%, OXT/NAL +/-6%"
0.12,257,TRUE,TRUE,0.23022935412684922,0.3068130063118855,NA,"BOTH +/-12%, OXT/NAL +/-6%"
0.12,258,TRUE,TRUE,0.028302293874371866,0.06029987774061954,NA,"BOTH +/-12%, OXT/NAL +/-6%"
0.12,259,TRUE,TRUE,5.306148237859157e-6,0.10348026607529215,NA,"BOTH +/-12%, OXT/NAL +/-6%"
0.12,260,TRUE,TRUE,0.005064297389542102,0.10722189110109533,NA,"BOTH +/-12%, OXT/NAL +/-6%"
0.12,261,TRUE,TRUE,0.011144878068740635,0.22099395840621955,NA,"BOTH +/-12%, OXT/NAL +/-6%"
0.12,262,TRUE,TRUE,0.0470301317803103,0.9684975702121985,NA,"BOTH +/-12%, OXT/NAL +/-6%"
0.12,263,TRUE,TRUE,0.0016209416611334326,0.22225079687380445,NA,"BOTH +/-12%, OXT/NAL +/-6%"
0.12,264,TRUE,TRUE,0.5564565713651439,0.9182670122498724,NA,"BOTH +/-12%, OXT/NAL +/-6%"
0.12,265,TRUE,TRUE,0.004676531682757505,0.9710142296263939,NA,"BOTH +/-12%, OXT/NAL +/-6%"
0.12,266,TRUE,TRUE,0.012015651577173029,0.9474559498403666,NA,"BOTH +/-12%, OXT/NAL +/-6%"
0.12,267,TRUE,TRUE,0.01582376773196981,0.3832362313723488,NA,"BOTH +/-12%, OXT/NAL +/-6%"
0.12,268,TRUE,TRUE,0.02436532862497126,0.5073226124157227,NA,"BOTH +/-12%, OXT/NAL +/-6%"
0.12,269,TRUE,TRUE,0.10325195770683915,0.13260719557864223,NA,"BOTH +/-12%, OXT/NAL +/-6%"
0.12,270,TRUE,TRUE,0.0030658545201517674,0.5799906361965602,NA,"BOTH +/-12%, OXT/NAL +/-6%"
0.12,271,TRUE,TRUE,5.950879141244238e-4,0.14910039503854597,NA,"BOTH +/-12%, OXT/NAL +/-6%"
0.12,272,TRUE,TRUE,0.021262140309037062,0.7103123443480768,NA,"BOTH +/-12%, OXT/NAL +/-6%"
0.12,273,TRUE,TRUE,0.07434394491549727,0.33727068083986067,NA,"BOTH +/-12%, OXT/NAL +/-6%"
0.12,274,TRUE,TRUE,0.005607799116431844,0.13215003517590015,NA,"BOTH +/-12%, OXT/NAL +/-6%"
0.12,275,TRUE,TRUE,0.06875926804121694,0.1004375834316175,NA,"BOTH +/-12%, OXT/NAL +/-6%"
0.12,276,TRUE,TRUE,0.17805115637507113,0.4233358787622419,NA,"BOTH +/-12%, OXT/NAL +/-6%"
0.12,277,TRUE,TRUE,0.003737304592295422,0.4425426550734177,NA,"BOTH +/-12%, OXT/NAL +/-6%"
0.12,278,TRUE,TRUE,3.273827082075786e-5,0.6682724852258195,NA,"BOTH +/-12%, OXT/NAL +/-6%"
0.12,279,TRUE,TRUE,0.0636375673470591,0.4758917738038252,NA,"BOTH +/-12%, OXT/NAL +/-6%"
0.12,280,TRUE,TRUE,6.317192493079525e-5,0.4424731071199241,NA,"BOTH +/-12%, OXT/NAL +/-6%"
0.12,281,TRUE,TRUE,0.024694509697402233,0.004593159660963118,NA,"BOTH +/-12%, OXT/NAL +/-6%"
0.12,282,TRUE,TRUE,0.003157037842634676,0.4612764191529198,NA,"BOTH +/-12%, OXT/NAL +/-6%"
0.12,283,TRUE,TRUE,0.032793424675298,0.47839484131132437,NA,"BOTH +/-12%, OXT/NAL +/-6%"
0.12,284,TRUE,TRUE,0.10448143985368495,0.8014745040369596,NA,"BOTH +/-12%, OXT/NAL +/-6%"
0.12,285,TRUE,TRUE,0.002587515384161956,0.07596562240100573,NA,"BOTH +/-12%, OXT/NAL +/-6%"
0.12,286,TRUE,TRUE,0.013605516933744866,0.30243808000473754,NA,"BOTH +/-12%, OXT/NAL +/-6%"
0.12,287,TRUE,TRUE,0.11523347040977124,0.28702360452865083,NA,"BOTH +/-12%, OXT/NAL +/-6%"
0.12,288,TRUE,TRUE,0.012691169343660661,0.30157710196684334,NA,"BOTH +/-12%, OXT/NAL +/-6%"
0.12,289,TRUE,TRUE,2.8699668838878394e-4,0.36689361157146433,NA,"BOTH +/-12%, OXT/NAL +/-6%"
0.12,290,TRUE,TRUE,1.4053103824767177e-4,0.29352217993330026,NA,"BOTH +/-12%, OXT/NAL +/-6%"
0.12,291,TRUE,TRUE,4.7516677550430927e-7,0.18669629611134936,NA,"BOTH +/-12%, OXT/NAL +/-6%"
0.12,292,TRUE,TRUE,0.01773903527443589,0.6026037937777734,NA,"BOTH +/-12%, OXT/NAL +/-6%"
0.12,293,TRUE,TRUE,0.040530896938234535,0.1998318785956153,NA,"BOTH +/-12%, OXT/NAL +/-6%"
0.12,294,TRUE,TRUE,2.0113114084632296e-6,0.308901421265543,NA,"BOTH +/-12%, OXT/NAL +/-6%"
0.12,295,TRUE,TRUE,0.6835388905875687,0.12909916718787953,NA,"BOTH +/-12%, OXT/NAL +/-6%"
0.12,296,TRUE,TRUE,0.3343566357355698,0.851706941066041,NA,"BOTH +/-12%, OXT/NAL +/-6%"
0.12,297,TRUE,TRUE,0.002936118124024075,0.2521862623473628,NA,"BOTH +/-12%, OXT/NAL +/-6%"
0.12,298,TRUE,TRUE,0.004630733498158286,0.5960420866656799,NA,"BOTH +/-12%, OXT/NAL +/-6%"
0.12,299,TRUE,TRUE,0.040179391187764694,0.019386292444052766,NA,"BOTH +/-12%, OXT/NAL +/-6%"
0.12,300,TRUE,TRUE,0.11849322670170721,0.44273850525826086,NA,"BOTH +/-12%, OXT/NAL +/-6%"
0.12,301,TRUE,TRUE,0.01627546716675559,0.5283416661048195,NA,"BOTH +/-12%, OXT/NAL +/-6%"
0.12,302,TRUE,TRUE,0.04950666641096642,0.7716103567147402,NA,"BOTH +/-12%, OXT/NAL +/-6%"
0.12,303,TRUE,TRUE,0.6523965056848791,0.4209853195544846,NA,"BOTH +/-12%, OXT/NAL +/-6%"
0.12,304,TRUE,TRUE,0.054205036828490906,0.7756641799651128,NA,"BOTH +/-12%, OXT/NAL +/-6%"
0.12,305,TRUE,TRUE,1.1458853171742312e-4,0.09619313009921783,NA,"BOTH +/-12%, OXT/NAL +/-6%"
0.12,306,TRUE,TRUE,0.233725629820952,0.4161542102054622,NA,"BOTH +/-12%, OXT/NAL +/-6%"
0.12,307,TRUE,TRUE,0.0844044308583802,0.9517667566401901,NA,"BOTH +/-12%, OXT/NAL +/-6%"
0.12,308,TRUE,TRUE,6.80878387639172e-5,0.7564298564634175,NA,"BOTH +/-12%, OXT/NAL +/-6%"
0.12,309,TRUE,TRUE,0.04046925161303991,0.9609972269471924,NA,"BOTH +/-12%, OXT/NAL +/-6%"
0.12,310,TRUE,TRUE,0.0010490210475846008,0.6755671810588608,NA,"BOTH +/-12%, OXT/NAL +/-6%"
0.12,311,TRUE,TRUE,0.0017666551864446236,0.8412798693258319,NA,"BOTH +/-12%, OXT/NAL +/-6%"
0.12,312,TRUE,TRUE,0.009749548502533201,0.6233667036709021,NA,"BOTH +/-12%, OXT/NAL +/-6%"
0.12,313,TRUE,TRUE,1.7467662573933884e-4,0.9666918197617034,NA,"BOTH +/-12%, OXT/NAL +/-6%"
0.12,314,TRUE,TRUE,0.017715846547084628,0.5626640808619102,NA,"BOTH +/-12%, OXT/NAL +/-6%"
0.12,315,TRUE,TRUE,0.06736839999932609,0.6792935822352719,NA,"BOTH +/-12%, OXT/NAL +/-6%"
0.12,316,TRUE,TRUE,0.12733856562035836,0.2686135849773023,NA,"BOTH +/-12%, OXT/NAL +/-6%"
0.12,317,TRUE,TRUE,0.011703791520860188,0.13853803062834583,NA,"BOTH +/-12%, OXT/NAL +/-6%"
0.12,318,TRUE,TRUE,0.002634639229999689,0.7626326066316427,NA,"BOTH +/-12%, OXT/NAL +/-6%"
0.12,319,TRUE,TRUE,8.713596622136458e-5,0.2704628827725829,NA,"BOTH +/-12%, OXT/NAL +/-6%"
0.12,320,TRUE,TRUE,0.7758735466878349,0.507727973435171,NA,"BOTH +/-12%, OXT/NAL +/-6%"
0.12,321,TRUE,TRUE,0.02856389261455139,0.1102386470633656,NA,"BOTH +/-12%, OXT/NAL +/-6%"
0.12,322,TRUE,TRUE,9.915641658504988e-4,0.8310146496539514,NA,"BOTH +/-12%, OXT/NAL +/-6%"
0.12,323,TRUE,TRUE,0.02475102846371873,0.03847912137382244,NA,"BOTH +/-12%, OXT/NAL +/-6%"
0.12,324,TRUE,TRUE,0.47432536305481926,0.9135228507794085,NA,"BOTH +/-12%, OXT/NAL +/-6%"
0.12,325,TRUE,TRUE,0.03253335400400406,0.18008435738766382,NA,"BOTH +/-12%, OXT/NAL +/-6%"
0.12,326,TRUE,TRUE,0.019191340632737468,0.8836763052060503,NA,"BOTH +/-12%, OXT/NAL +/-6%"
0.12,327,TRUE,TRUE,0.004608763870571766,0.7099083822850346,NA,"BOTH +/-12%, OXT/NAL +/-6%"
0.12,328,TRUE,TRUE,0.014247822247886347,0.2847834836205628,NA,"BOTH +/-12%, OXT/NAL +/-6%"
0.12,329,TRUE,TRUE,0.01100970050630094,0.9646207065229992,NA,"BOTH +/-12%, OXT/NAL +/-6%"
0.12,330,TRUE,TRUE,0.02637149109757925,0.42691949645539623,NA,"BOTH +/-12%, OXT/NAL +/-6%"
0.12,331,TRUE,TRUE,9.143930027692913e-4,0.3348993085298989,NA,"BOTH +/-12%, OXT/NAL +/-6%"
0.12,332,TRUE,TRUE,6.006414098390037e-4,0.6761908557707509,NA,"BOTH +/-12%, OXT/NAL +/-6%"
0.12,333,TRUE,TRUE,0.008801643201899134,0.6743977005724516,NA,"BOTH +/-12%, OXT/NAL +/-6%"
0.12,334,TRUE,TRUE,7.317858330777731e-4,0.26439532397766874,NA,"BOTH +/-12%, OXT/NAL +/-6%"
0.12,335,TRUE,TRUE,0.03402855882111312,0.8600217741208807,NA,"BOTH +/-12%, OXT/NAL +/-6%"
0.12,336,TRUE,TRUE,0.009624717531985044,0.9353438921884648,NA,"BOTH +/-12%, OXT/NAL +/-6%"
0.12,337,TRUE,TRUE,0.004645158325525843,0.5952547949532572,NA,"BOTH +/-12%, OXT/NAL +/-6%"
0.12,338,TRUE,TRUE,0.06953207886477009,0.8673897456374964,NA,"BOTH +/-12%, OXT/NAL +/-6%"
0.12,339,TRUE,TRUE,0.03155043250566727,0.7673853109831845,NA,"BOTH +/-12%, OXT/NAL +/-6%"
0.12,340,TRUE,TRUE,0.017766356039558864,0.3316465885490474,NA,"BOTH +/-12%, OXT/NAL +/-6%"
0.12,341,TRUE,TRUE,2.7197516609544977e-4,0.3767075486525521,NA,"BOTH +/-12%, OXT/NAL +/-6%"
0.12,342,TRUE,TRUE,0.00106823880481012,0.7233552976761783,NA,"BOTH +/-12%, OXT/NAL +/-6%"
0.12,343,TRUE,TRUE,2.9884996796691955e-5,0.6237036085675862,NA,"BOTH +/-12%, OXT/NAL +/-6%"
0.12,344,TRUE,TRUE,3.210784980986207e-4,0.001281269739632714,NA,"BOTH +/-12%, OXT/NAL +/-6%"
0.12,345,TRUE,TRUE,0.11506531386219282,0.6589829968643139,NA,"BOTH +/-12%, OXT/NAL +/-6%"
0.12,346,TRUE,TRUE,0.07824955040396557,0.5355863036554537,NA,"BOTH +/-12%, OXT/NAL +/-6%"
0.12,347,TRUE,TRUE,0.06478032774067187,0.10400923888305222,NA,"BOTH +/-12%, OXT/NAL +/-6%"
0.12,348,TRUE,TRUE,0.08251282310621923,0.8778429684577607,NA,"BOTH +/-12%, OXT/NAL +/-6%"
0.12,349,TRUE,TRUE,6.759969625730662e-4,0.02468139041972144,NA,"BOTH +/-12%, OXT/NAL +/-6%"
0.12,350,TRUE,TRUE,0.13674718781223866,0.8262868402629411,NA,"BOTH +/-12%, OXT/NAL +/-6%"
0.12,351,TRUE,TRUE,0.03985432172823698,0.31506293818554554,NA,"BOTH +/-12%, OXT/NAL +/-6%"
0.12,352,TRUE,TRUE,0.7345669052228532,0.11683354118187418,NA,"BOTH +/-12%, OXT/NAL +/-6%"
0.12,353,TRUE,TRUE,2.4457137520257513e-4,0.5050210879260894,NA,"BOTH +/-12%, OXT/NAL +/-6%"
0.12,354,TRUE,TRUE,0.4850797276788481,0.6048432586214965,NA,"BOTH +/-12%, OXT/NAL +/-6%"
0.12,355,TRUE,TRUE,9.155097207574975e-4,0.21292180256279905,NA,"BOTH +/-12%, OXT/NAL +/-6%"
0.12,356,TRUE,TRUE,0.0015864887881578108,0.4847624996473149,NA,"BOTH +/-12%, OXT/NAL +/-6%"
0.12,357,TRUE,TRUE,0.06194085898411076,0.7270205029722991,NA,"BOTH +/-12%, OXT/NAL +/-6%"
0.12,358,TRUE,TRUE,0.1815674253444429,0.720321556384417,NA,"BOTH +/-12%, OXT/NAL +/-6%"
0.12,359,TRUE,TRUE,0.06525099252360056,0.6715938961619735,NA,"BOTH +/-12%, OXT/NAL +/-6%"
0.12,360,TRUE,TRUE,0.0023717389559759086,0.059567518981396055,NA,"BOTH +/-12%, OXT/NAL +/-6%"
0.12,361,TRUE,TRUE,0.004776340895604157,0.558225053760588,NA,"BOTH +/-12%, OXT/NAL +/-6%"
0.12,362,TRUE,TRUE,0.20341262881132482,0.6437929737501988,NA,"BOTH +/-12%, OXT/NAL +/-6%"
0.12,363,TRUE,TRUE,0.01306536606956792,0.355015737886855,NA,"BOTH +/-12%, OXT/NAL +/-6%"
0.12,364,TRUE,TRUE,2.019832428040539e-5,0.13541478917796493,NA,"BOTH +/-12%, OXT/NAL +/-6%"
0.12,365,TRUE,TRUE,0.14676659983566145,0.5175130151142299,NA,"BOTH +/-12%, OXT/NAL +/-6%"
0.12,366,TRUE,TRUE,0.0035133990646671097,0.07538553732847375,NA,"BOTH +/-12%, OXT/NAL +/-6%"
0.12,367,TRUE,TRUE,0.02217051272383568,0.8264746070392236,NA,"BOTH +/-12%, OXT/NAL +/-6%"
0.12,368,TRUE,TRUE,0.015561816189634651,0.7262998712058664,NA,"BOTH +/-12%, OXT/NAL +/-6%"
0.12,369,TRUE,TRUE,0.02420679065431107,0.6071618317308071,NA,"BOTH +/-12%, OXT/NAL +/-6%"
0.12,370,TRUE,TRUE,0.016881314471868046,0.6668100936560022,NA,"BOTH +/-12%, OXT/NAL +/-6%"
0.12,371,TRUE,TRUE,0.02468990375495482,0.07374172106362735,NA,"BOTH +/-12%, OXT/NAL +/-6%"
0.12,372,TRUE,TRUE,0.017634245267977744,0.22314633158326933,NA,"BOTH +/-12%, OXT/NAL +/-6%"
0.12,373,TRUE,TRUE,5.722512902926389e-4,0.5904920403637292,NA,"BOTH +/-12%, OXT/NAL +/-6%"
0.12,374,TRUE,TRUE,1.0614666355942219e-6,0.0010919834030989701,NA,"BOTH +/-12%, OXT/NAL +/-6%"
0.12,375,TRUE,TRUE,1.1253324632425228e-4,0.22377303480503238,NA,"BOTH +/-12%, OXT/NAL +/-6%"
0.12,376,TRUE,TRUE,0.06341510752995368,0.11423850700160548,NA,"BOTH +/-12%, OXT/NAL +/-6%"
0.12,377,TRUE,TRUE,0.0409135212855064,0.447776442396598,NA,"BOTH +/-12%, OXT/NAL +/-6%"
0.12,378,TRUE,TRUE,0.002654145716246247,0.5576983063936825,NA,"BOTH +/-12%, OXT/NAL +/-6%"
0.12,379,TRUE,TRUE,1.640624407588364e-4,0.4569352567314615,NA,"BOTH +/-12%, OXT/NAL +/-6%"
0.12,380,TRUE,TRUE,0.001467167926983442,0.8869444417417314,NA,"BOTH +/-12%, OXT/NAL +/-6%"
0.12,381,TRUE,TRUE,0.020222578329647047,0.6213408636436136,NA,"BOTH +/-12%, OXT/NAL +/-6%"
0.12,382,TRUE,TRUE,0.07841105065466257,0.9382198726716561,NA,"BOTH +/-12%, OXT/NAL +/-6%"
0.12,383,TRUE,TRUE,0.3428291282036045,0.231946952474466,NA,"BOTH +/-12%, OXT/NAL +/-6%"
0.12,384,TRUE,TRUE,0.010080256845293028,0.5866243608673839,NA,"BOTH +/-12%, OXT/NAL +/-6%"
0.12,385,TRUE,TRUE,0.002634158267774616,0.7638208067062344,NA,"BOTH +/-12%, OXT/NAL +/-6%"
0.12,386,TRUE,TRUE,0.021521818850693163,0.26763406359095226,NA,"BOTH +/-12%, OXT/NAL +/-6%"
0.12,387,TRUE,TRUE,0.5272693710494879,0.00881178756146993,NA,"BOTH +/-12%, OXT/NAL +/-6%"
0.12,388,TRUE,TRUE,0.010396323780136035,0.955084715279774,NA,"BOTH +/-12%, OXT/NAL +/-6%"
0.12,389,TRUE,TRUE,0.06355786463122688,0.6637806576209191,NA,"BOTH +/-12%, OXT/NAL +/-6%"
0.12,390,TRUE,TRUE,0.0017469185543200392,0.8104205798024827,NA,"BOTH +/-12%, OXT/NAL +/-6%"
0.12,391,TRUE,TRUE,0.5663667378447488,0.8534089342417666,NA,"BOTH +/-12%, OXT/NAL +/-6%"
0.12,392,TRUE,TRUE,0.015047523516956575,0.03499196420721147,NA,"BOTH +/-12%, OXT/NAL +/-6%"
0.12,393,TRUE,TRUE,0.008950162178069456,0.4309695482532972,NA,"BOTH +/-12%, OXT/NAL +/-6%"
0.12,394,TRUE,TRUE,0.010576699815087567,0.14335889627064693,NA,"BOTH +/-12%, OXT/NAL +/-6%"
0.12,395,TRUE,TRUE,0.0011194221324696502,0.14260041123340506,NA,"BOTH +/-12%, OXT/NAL +/-6%"
0.12,396,TRUE,TRUE,7.324477438664174e-4,0.04693061433791393,NA,"BOTH +/-12%, OXT/NAL +/-6%"
0.12,397,TRUE,TRUE,0.07624764185528331,0.28251674103997215,NA,"BOTH +/-12%, OXT/NAL +/-6%"
0.12,398,TRUE,TRUE,1.5004951626289904e-5,0.05666612351346659,NA,"BOTH +/-12%, OXT/NAL +/-6%"
0.12,399,TRUE,TRUE,0.12871769205399397,0.7714511716710915,NA,"BOTH +/-12%, OXT/NAL +/-6%"
0.12,400,TRUE,TRUE,0.10717377379118803,0.6276642086650582,NA,"BOTH +/-12%, OXT/NAL +/-6%"
0.12,401,TRUE,TRUE,0.08868353412422868,0.625521225238298,NA,"BOTH +/-12%, OXT/NAL +/-6%"
0.12,402,TRUE,TRUE,0.1561485916498153,0.5835586233539235,NA,"BOTH +/-12%, OXT/NAL +/-6%"
0.12,403,TRUE,TRUE,0.03536055437841577,0.3833606219722434,NA,"BOTH +/-12%, OXT/NAL +/-6%"
0.12,404,TRUE,TRUE,0.13647757395331833,0.021518589260388934,NA,"BOTH +/-12%, OXT/NAL +/-6%"
0.12,405,TRUE,TRUE,0.008388707015732296,0.24941409434918646,NA,"BOTH +/-12%, OXT/NAL +/-6%"
0.12,406,TRUE,TRUE,0.11080379519304424,0.45077787410909737,NA,"BOTH +/-12%, OXT/NAL +/-6%"
0.12,407,TRUE,TRUE,1.1233606338323782e-4,0.42782307032477757,NA,"BOTH +/-12%, OXT/NAL +/-6%"
0.12,408,TRUE,TRUE,0.005076862636249546,0.319439598460308,NA,"BOTH +/-12%, OXT/NAL +/-6%"
0.12,409,TRUE,TRUE,1.2424768795302077e-4,0.5266927277516993,NA,"BOTH +/-12%, OXT/NAL +/-6%"
0.12,410,TRUE,TRUE,0.01233278576425471,0.5652276852549283,NA,"BOTH +/-12%, OXT/NAL +/-6%"
0.12,411,TRUE,TRUE,0.008524184683387066,0.19629430454664015,NA,"BOTH +/-12%, OXT/NAL +/-6%"
0.12,412,TRUE,TRUE,0.0010438909104751256,0.6510200823484107,NA,"BOTH +/-12%, OXT/NAL +/-6%"
0.12,413,TRUE,TRUE,0.002669644396883788,0.14630241406962832,NA,"BOTH +/-12%, OXT/NAL +/-6%"
0.12,414,TRUE,TRUE,0.06807283601839621,0.8641947493043145,NA,"BOTH +/-12%, OXT/NAL +/-6%"
0.12,415,TRUE,TRUE,0.021456545337623537,0.3364122673096178,NA,"BOTH +/-12%, OXT/NAL +/-6%"
0.12,416,TRUE,TRUE,0.13336037205058815,0.8271942909827837,NA,"BOTH +/-12%, OXT/NAL +/-6%"
0.12,417,TRUE,TRUE,0.04393076698127785,0.79924217948865,NA,"BOTH +/-12%, OXT/NAL +/-6%"
0.12,418,TRUE,TRUE,0.0594429066783106,0.9449686655340982,NA,"BOTH +/-12%, OXT/NAL +/-6%"
0.12,419,TRUE,TRUE,0.0020196543241154806,0.4604490918398471,NA,"BOTH +/-12%, OXT/NAL +/-6%"
0.12,420,TRUE,TRUE,0.014099661082385613,0.23252550706438976,NA,"BOTH +/-12%, OXT/NAL +/-6%"
0.12,421,TRUE,TRUE,0.14088214630721785,0.4823275353534925,NA,"BOTH +/-12%, OXT/NAL +/-6%"
0.12,422,TRUE,TRUE,5.76176692279866e-7,0.04616565982465088,NA,"BOTH +/-12%, OXT/NAL +/-6%"
0.12,423,TRUE,TRUE,0.00097595523581010975,0.7080873599184592,NA,"BOTH +/-12%, OXT/NAL +/-6%"
0.12,424,TRUE,TRUE,0.1680522564637079,0.9105146850720185,NA,"BOTH +/-12%, OXT/NAL +/-6%"
0.12,425,TRUE,TRUE,0.018063336297145866,0.4974341706697447,NA,"BOTH +/-12%, OXT/NAL +/-6%"
0.12,426,TRUE,TRUE,0.007891098517831359,0.6046074783679541,NA,"BOTH +/-12%, OXT/NAL +/-6%"
0.12,427,TRUE,TRUE,0.00937144243667025,0.21092381690259612,NA,"BOTH +/-12%, OXT/NAL +/-6%"
0.12,428,TRUE,TRUE,4.5604368005776926e-4,0.6342535866444021,NA,"BOTH +/-12%, OXT/NAL +/-6%"
0.12,429,TRUE,TRUE,0.0025553125753966822,0.07797368095349495,NA,"BOTH +/-12%, OXT/NAL +/-6%"
0.12,430,TRUE,TRUE,0.5952761567026951,0.2742494926035397,NA,"BOTH +/-12%, OXT/NAL +/-6%"
0.12,431,TRUE,TRUE,5.928139911016825e-4,0.40952231488565705,NA,"BOTH +/-12%, OXT/NAL +/-6%"
0.12,432,TRUE,TRUE,0.0010187481554526983,0.3020177423725963,NA,"BOTH +/-12%, OXT/NAL +/-6%"
0.12,433,TRUE,TRUE,0.08764607587642771,0.6452827050877867,NA,"BOTH +/-12%, OXT/NAL +/-6%"
0.12,434,TRUE,TRUE,0.0033180080235314523,0.4641070472870605,NA,"BOTH +/-12%, OXT/NAL +/-6%"
0.12,435,TRUE,TRUE,3.0167212229333633e-5,0.03952838924568975,NA,"BOTH +/-12%, OXT/NAL +/-6%"
0.12,436,TRUE,TRUE,0.0016643318864163286,0.2073937700772224,NA,"BOTH +/-12%, OXT/NAL +/-6%"
0.12,437,TRUE,TRUE,0.021494571476835676,0.3287338361768458,NA,"BOTH +/-12%, OXT/NAL +/-6%"
0.12,438,TRUE,TRUE,0.016609554270370218,0.33138798210448567,NA,"BOTH +/-12%, OXT/NAL +/-6%"
0.12,439,TRUE,TRUE,0.02884801998256614,0.5224810416043684,NA,"BOTH +/-12%, OXT/NAL +/-6%"
0.12,440,TRUE,TRUE,9.508333080666819e-5,0.44018581796419864,NA,"BOTH +/-12%, OXT/NAL +/-6%"
0.12,441,TRUE,TRUE,1.1217622983638876e-4,0.5000311370203503,NA,"BOTH +/-12%, OXT/NAL +/-6%"
0.12,442,TRUE,TRUE,0.009985178955075872,0.5877356972046905,NA,"BOTH +/-12%, OXT/NAL +/-6%"
0.12,443,TRUE,TRUE,0.006078350513759698,0.35155251481628125,NA,"BOTH +/-12%, OXT/NAL +/-6%"
0.12,444,TRUE,TRUE,0.0094791669763713109,0.10765566173526699,NA,"BOTH +/-12%, OXT/NAL +/-6%"
0.12,445,TRUE,TRUE,0.005468758249291,0.29393339743820057,NA,"BOTH +/-12%, OXT/NAL +/-6%"
0.12,446,TRUE,TRUE,0.031084868464992026,0.8299259409830448,NA,"BOTH +/-12%, OXT/NAL +/-6%"
0.12,447,TRUE,TRUE,0.026903587831945207,0.6881976975021806,NA,"BOTH +/-12%, OXT/NAL +/-6%"
0.12,448,TRUE,TRUE,2.7783273166529627e-5,0.036974447509060995,NA,"BOTH +/-12%, OXT/NAL +/-6%"
0.12,449,TRUE,TRUE,0.10169007534382339,0.9190603929456123,NA,"BOTH +/-12%, OXT/NAL +/-6%"
0.12,450,TRUE,TRUE,3.800000477790567e-4,0.15454729267088493,NA,"BOTH +/-12%, OXT/NAL +/-6%"
0.12,451,TRUE,TRUE,0.32141261317747954,0.2489410647136426,NA,"BOTH +/-12%, OXT/NAL +/-6%"
0.12,452,TRUE,TRUE,0.006938913376681709,0.8252859697631971,NA,"BOTH +/-12%, OXT/NAL +/-6%"
0.12,453,TRUE,TRUE,0.418719396047848,0.8379066850341341,NA,"BOTH +/-12%, OXT/NAL +/-6%"
0.12,454,TRUE,TRUE,1.4666750149697457e-4,0.5587270688330883,NA,"BOTH +/-12%, OXT/NAL +/-6%"
0.12,455,TRUE,TRUE,0.00789917262030024,0.47904270098518875,NA,"BOTH +/-12%, OXT/NAL +/-6%"
0.12,456,TRUE,TRUE,0.023615973973637197,0.4479752745687414,NA,"BOTH +/-12%, OXT/NAL +/-6%"
0.12,457,TRUE,TRUE,0.14981318227390428,0.26956835425738324,NA,"BOTH +/-12%, OXT/NAL +/-6%"
0.12,458,TRUE,TRUE,0.3297762668455472,0.16153393221934995,NA,"BOTH +/-12%, OXT/NAL +/-6%"
0.12,459,TRUE,TRUE,5.263313689489535e-4,0.7501142041420878,NA,"BOTH +/-12%, OXT/NAL +/-6%"
0.12,460,TRUE,TRUE,4.5637810683918194e-4,0.16085516822158458,NA,"BOTH +/-12%, OXT/NAL +/-6%"
0.12,461,TRUE,TRUE,0.07737909338997863,0.8543945356082067,NA,"BOTH +/-12%, OXT/NAL +/-6%"
0.12,462,TRUE,TRUE,0.00302698029757837,0.6966683400463585,NA,"BOTH +/-12%, OXT/NAL +/-6%"
0.12,463,TRUE,TRUE,0.1748276080283831,0.16820546678261447,NA,"BOTH +/-12%, OXT/NAL +/-6%"
0.12,464,TRUE,TRUE,0.01101131052955206,0.4227429758968339,NA,"BOTH +/-12%, OXT/NAL +/-6%"
0.12,465,TRUE,TRUE,0.29898295200980607,0.30456510281600296,NA,"BOTH +/-12%, OXT/NAL +/-6%"
0.12,466,TRUE,TRUE,0.04601465628908355,0.6855189273120413,NA,"BOTH +/-12%, OXT/NAL +/-6%"
0.12,467,TRUE,TRUE,0.33740367075798594,0.4510385083605359,NA,"BOTH +/-12%, OXT/NAL +/-6%"
0.12,468,TRUE,TRUE,0.004775639560609743,0.9045926903737951,NA,"BOTH +/-12%, OXT/NAL +/-6%"
0.12,469,TRUE,TRUE,0.002239344344672294,0.617092766434345,NA,"BOTH +/-12%, OXT/NAL +/-6%"
0.12,470,TRUE,TRUE,0.35830506995625333,0.8512005844345594,NA,"BOTH +/-12%, OXT/NAL +/-6%"
0.12,471,TRUE,TRUE,0.011952351010408143,0.5360655588630766,NA,"BOTH +/-12%, OXT/NAL +/-6%"
0.12,472,TRUE,TRUE,0.44792230713411496,0.3629764712755609,NA,"BOTH +/-12%, OXT/NAL +/-6%"
0.12,473,TRUE,TRUE,0.11374137783613364,0.5695358027557192,NA,"BOTH +/-12%, OXT/NAL +/-6%"
0.12,474,TRUE,TRUE,0.008908917301623197,0.10774587729832807,NA,"BOTH +/-12%, OXT/NAL +/-6%"
0.12,475,TRUE,TRUE,3.1941482031572427e-4,0.9562020428657066,NA,"BOTH +/-12%, OXT/NAL +/-6%"
0.12,476,TRUE,TRUE,0.033819919654811015,0.3524391912621175,NA,"BOTH +/-12%, OXT/NAL +/-6%"
0.12,477,TRUE,TRUE,0.007141729116402766,0.08298423698847983,NA,"BOTH +/-12%, OXT/NAL +/-6%"
0.12,478,TRUE,TRUE,0.0010417314834346226,0.6305735548135659,NA,"BOTH +/-12%, OXT/NAL +/-6%"
0.12,479,TRUE,TRUE,0.00871837946232594,0.5435610912825087,NA,"BOTH +/-12%, OXT/NAL +/-6%"
0.12,480,TRUE,TRUE,0.41300112212709933,0.9628326469362136,NA,"BOTH +/-12%, OXT/NAL +/-6%"
0.12,481,TRUE,TRUE,0.0010769911143896067,0.3654094235434963,NA,"BOTH +/-12%, OXT/NAL +/-6%"
0.12,482,TRUE,TRUE,0.7317138567314636,0.7853409269616656,NA,"BOTH +/-12%, OXT/NAL +/-6%"
0.12,483,TRUE,TRUE,0.12921586032700158,0.12327554433271351,NA,"BOTH +/-12%, OXT/NAL +/-6%"
0.12,484,TRUE,TRUE,0.3812022117484585,0.745748608550082,NA,"BOTH +/-12%, OXT/NAL +/-6%"
0.12,485,TRUE,TRUE,0.0013096525131629092,0.05215376421119381,NA,"BOTH +/-12%, OXT/NAL +/-6%"
0.12,486,TRUE,TRUE,1.6170225290572347e-4,0.3445401237552948,NA,"BOTH +/-12%, OXT/NAL +/-6%"
0.12,487,TRUE,TRUE,0.014166080290435843,0.2561123876143109,NA,"BOTH +/-12%, OXT/NAL +/-6%"
0.12,488,TRUE,TRUE,0.17171619519760803,0.4782059608563749,NA,"BOTH +/-12%, OXT/NAL +/-6%"
0.12,489,TRUE,TRUE,0.026706651714533576,0.7229330801510707,NA,"BOTH +/-12%, OXT/NAL +/-6%"
0.12,490,TRUE,TRUE,8.960255156887465e-4,0.6810521952319251,NA,"BOTH +/-12%, OXT/NAL +/-6%"
0.12,491,TRUE,TRUE,2.5921512501587496e-4,0.5538973564300328,NA,"BOTH +/-12%, OXT/NAL +/-6%"
0.12,492,TRUE,TRUE,0.0011675121428625017,0.701056252914169,NA,"BOTH +/-12%, OXT/NAL +/-6%"
0.12,493,TRUE,TRUE,0.10439848118859724,0.8912248206857912,NA,"BOTH +/-12%, OXT/NAL +/-6%"
0.12,494,TRUE,TRUE,0.7272293856139882,0.35262633694105433,NA,"BOTH +/-12%, OXT/NAL +/-6%"
0.12,495,TRUE,TRUE,0.0021832876463136275,0.9695989173095017,NA,"BOTH +/-12%, OXT/NAL +/-6%"
0.12,496,TRUE,TRUE,0.0012466144760579644,0.37885599541932424,NA,"BOTH +/-12%, OXT/NAL +/-6%"
0.12,497,TRUE,TRUE,0.006741475361736131,0.46632295049626993,NA,"BOTH +/-12%, OXT/NAL +/-6%"
0.12,498,TRUE,TRUE,4.97862692915264e-7,0.047405814107874304,NA,"BOTH +/-12%, OXT/NAL +/-6%"
0.12,499,TRUE,TRUE,0.016211883581368734,0.8682784861044458,NA,"BOTH +/-12%, OXT/NAL +/-6%"
0.12,500,TRUE,TRUE,0.22665345656485944,0.7062178865075002,NA,"BOTH +/-12%, OXT/NAL +/-6%"
0.16,1,TRUE,TRUE,3.3260883387761987e-4,0.31204833251622677,NA,"BOTH +/-16%, OXT/NAL +/-8%"
0.16,2,TRUE,TRUE,0.056481167356123345,0.16142970356917652,NA,"BOTH +/-16%, OXT/NAL +/-8%"
0.16,3,TRUE,TRUE,0.011091651001042865,0.8084480123630393,NA,"BOTH +/-16%, OXT/NAL +/-8%"
0.16,4,TRUE,TRUE,0.012066139605965177,0.6361520269248786,NA,"BOTH +/-16%, OXT/NAL +/-8%"
0.16,5,TRUE,TRUE,0.0010940619131198561,0.529268904985042,NA,"BOTH +/-16%, OXT/NAL +/-8%"
0.16,6,TRUE,TRUE,1.1943252885689573e-5,0.21828139238754676,NA,"BOTH +/-16%, OXT/NAL +/-8%"
0.16,7,TRUE,TRUE,3.5196888709310235e-7,0.6792618127636594,NA,"BOTH +/-16%, OXT/NAL +/-8%"
0.16,8,TRUE,TRUE,8.228643011174472e-7,0.08340407301533898,NA,"BOTH +/-16%, OXT/NAL +/-8%"
0.16,9,TRUE,TRUE,3.3720451269771834e-4,0.5780656809877222,NA,"BOTH +/-16%, OXT/NAL +/-8%"
0.16,10,TRUE,TRUE,7.8685988499748e-4,0.3752658910297406,NA,"BOTH +/-16%, OXT/NAL +/-8%"
0.16,11,TRUE,TRUE,0.0018855385648023355,0.8580682053039379,NA,"BOTH +/-16%, OXT/NAL +/-8%"
0.16,12,TRUE,TRUE,1.710456372070521e-4,0.7504697530082705,NA,"BOTH +/-16%, OXT/NAL +/-8%"
0.16,13,TRUE,TRUE,1.105631190146448e-6,0.6317561926100012,NA,"BOTH +/-16%, OXT/NAL +/-8%"
0.16,14,TRUE,TRUE,7.466133814704487e-4,0.6647970503526844,NA,"BOTH +/-16%, OXT/NAL +/-8%"
0.16,15,TRUE,TRUE,6.955875282247001e-4,0.37709957036656633,NA,"BOTH +/-16%, OXT/NAL +/-8%"
0.16,16,TRUE,TRUE,1.5583073643002862e-4,0.46927630634470435,NA,"BOTH +/-16%, OXT/NAL +/-8%"
0.16,17,TRUE,TRUE,0.0015019925780584264,0.504727154422541,NA,"BOTH +/-16%, OXT/NAL +/-8%"
0.16,18,TRUE,TRUE,7.295495567512094e-5,0.1307547885901751,NA,"BOTH +/-16%, OXT/NAL +/-8%"
0.16,19,TRUE,TRUE,2.4615628124988758e-6,0.033455740576475254,NA,"BOTH +/-16%, OXT/NAL +/-8%"
0.16,20,TRUE,TRUE,0.018273141734362203,0.3220694869385625,NA,"BOTH +/-16%, OXT/NAL +/-8%"
0.16,21,TRUE,TRUE,0.0020916742034010794,0.8321254074227343,NA,"BOTH +/-16%, OXT/NAL +/-8%"
0.16,22,TRUE,TRUE,4.247258979679765e-6,0.46713930760445826,NA,"BOTH +/-16%, OXT/NAL +/-8%"
0.16,23,TRUE,TRUE,5.348797995900687e-4,0.5627566383619956,NA,"BOTH +/-16%, OXT/NAL +/-8%"
0.16,24,TRUE,TRUE,0.009550827748603538,0.9804434805777303,NA,"BOTH +/-16%, OXT/NAL +/-8%"
0.16,25,TRUE,TRUE,0.004597596980354926,0.44020678351115855,NA,"BOTH +/-16%, OXT/NAL +/-8%"
0.16,26,TRUE,TRUE,4.3785712006690526e-5,0.4416715007819466,NA,"BOTH +/-16%, OXT/NAL +/-8%"
0.16,27,TRUE,TRUE,1.3951296022513162e-5,0.8521158792973784,NA,"BOTH +/-16%, OXT/NAL +/-8%"
0.16,28,TRUE,TRUE,5.549601776142751e-7,0.5706353381486404,NA,"BOTH +/-16%, OXT/NAL +/-8%"
0.16,29,TRUE,TRUE,3.2682240205280253e-6,0.2314988902577243,NA,"BOTH +/-16%, OXT/NAL +/-8%"
0.16,30,TRUE,TRUE,0.17557738952777124,0.7028232738092135,NA,"BOTH +/-16%, OXT/NAL +/-8%"
0.16,31,TRUE,TRUE,2.113810825169081e-6,0.057148782954441035,NA,"BOTH +/-16%, OXT/NAL +/-8%"
0.16,32,TRUE,TRUE,2.9930136674373247e-4,0.8760704398248846,NA,"BOTH +/-16%, OXT/NAL +/-8%"
0.16,33,TRUE,TRUE,0.001489590009738216,0.3646226871691184,NA,"BOTH +/-16%, OXT/NAL +/-8%"
0.16,34,TRUE,TRUE,0.016247883512491824,0.8797074968252768,NA,"BOTH +/-16%, OXT/NAL +/-8%"
0.16,35,TRUE,TRUE,3.2932582804578244e-6,0.4685448548707157,NA,"BOTH +/-16%, OXT/NAL +/-8%"
0.16,36,TRUE,TRUE,3.1952583135353185e-6,0.976551713298766,NA,"BOTH +/-16%, OXT/NAL +/-8%"
0.16,37,TRUE,TRUE,0.002572395635732255,0.2593474280144667,NA,"BOTH +/-16%, OXT/NAL +/-8%"
0.16,38,TRUE,TRUE,0.014207781881650401,0.5483891596228193,NA,"BOTH +/-16%, OXT/NAL +/-8%"
0.16,39,TRUE,TRUE,8.13475126319888e-6,0.5450748254300369,NA,"BOTH +/-16%, OXT/NAL +/-8%"
0.16,40,TRUE,TRUE,0.07254866832743584,0.8292113355462444,NA,"BOTH +/-16%, OXT/NAL +/-8%"
0.16,41,TRUE,TRUE,0.021766857188481176,0.9050613423877255,NA,"BOTH +/-16%, OXT/NAL +/-8%"
0.16,42,TRUE,TRUE,0.0014692248689918649,0.13077196255355578,NA,"BOTH +/-16%, OXT/NAL +/-8%"
0.16,43,TRUE,TRUE,4.0356771379395815e-4,0.16884174551689762,NA,"BOTH +/-16%, OXT/NAL +/-8%"
0.16,44,TRUE,TRUE,0.03486999671376887,0.4093496538959122,NA,"BOTH +/-16%, OXT/NAL +/-8%"
0.16,45,TRUE,TRUE,0.0031191687456400474,0.14541092073747725,NA,"BOTH +/-16%, OXT/NAL +/-8%"
0.16,46,TRUE,TRUE,1.5024405577565914e-5,0.9097988510951417,NA,"BOTH +/-16%, OXT/NAL +/-8%"
0.16,47,TRUE,TRUE,3.316119185587723e-5,0.20658085743315532,NA,"BOTH +/-16%, OXT/NAL +/-8%"
0.16,48,TRUE,TRUE,0.002124871829537991,0.8330153747993083,NA,"BOTH +/-16%, OXT/NAL +/-8%"
0.16,49,TRUE,TRUE,0.002107736687957643,0.06289831277876083,NA,"BOTH +/-16%, OXT/NAL +/-8%"
0.16,50,TRUE,TRUE,2.2428976697438712e-5,0.3386362744265379,NA,"BOTH +/-16%, OXT/NAL +/-8%"
0.16,51,TRUE,TRUE,0.0035935716453812435,0.46883184736523426,NA,"BOTH +/-16%, OXT/NAL +/-8%"
0.16,52,TRUE,TRUE,6.422647445670673e-7,0.47554657797819433,NA,"BOTH +/-16%, OXT/NAL +/-8%"
0.16,53,TRUE,TRUE,2.4036445475460462e-8,0.0052132381191735714,NA,"BOTH +/-16%, OXT/NAL +/-8%"
0.16,54,TRUE,TRUE,1.0923841419262554e-7,0.6559221967398006,NA,"BOTH +/-16%, OXT/NAL +/-8%"
0.16,55,TRUE,TRUE,0.001310569962652097,0.25273240798539115,NA,"BOTH +/-16%, OXT/NAL +/-8%"
0.16,56,TRUE,TRUE,0.0036670621438290325,0.5375871858309408,NA,"BOTH +/-16%, OXT/NAL +/-8%"
0.16,57,TRUE,TRUE,9.898078599697654e-4,0.6918818318988187,NA,"BOTH +/-16%, OXT/NAL +/-8%"
0.16,58,TRUE,TRUE,0.012003709533808521,0.35551503674512586,NA,"BOTH +/-16%, OXT/NAL +/-8%"
0.16,59,TRUE,TRUE,4.6622569395385905e-5,0.5702565095897046,NA,"BOTH +/-16%, OXT/NAL +/-8%"
0.16,60,TRUE,TRUE,1.6008008263023353e-5,0.4919538169540572,NA,"BOTH +/-16%, OXT/NAL +/-8%"
0.16,61,TRUE,TRUE,9.60227814248866e-4,0.5882503688062132,NA,"BOTH +/-16%, OXT/NAL +/-8%"
0.16,62,TRUE,TRUE,3.590559011638094e-4,0.425586316488807,NA,"BOTH +/-16%, OXT/NAL +/-8%"
0.16,63,TRUE,TRUE,7.431910890977293e-6,0.06274573982568449,NA,"BOTH +/-16%, OXT/NAL +/-8%"
0.16,64,TRUE,TRUE,4.992801273185733e-4,0.6428278265505682,NA,"BOTH +/-16%, OXT/NAL +/-8%"
0.16,65,TRUE,TRUE,2.4178936446481863e-4,0.56654643778481,NA,"BOTH +/-16%, OXT/NAL +/-8%"
0.16,66,TRUE,TRUE,7.09351461014891e-8,0.2661139224608967,NA,"BOTH +/-16%, OXT/NAL +/-8%"
0.16,67,TRUE,TRUE,0.0011931081818054982,0.8110794830562191,NA,"BOTH +/-16%, OXT/NAL +/-8%"
0.16,68,TRUE,TRUE,6.1950312438404e-5,0.6052700151285441,NA,"BOTH +/-16%, OXT/NAL +/-8%"
0.16,69,TRUE,TRUE,0.020482130944018864,0.4421448766676125,NA,"BOTH +/-16%, OXT/NAL +/-8%"
0.16,70,TRUE,TRUE,1.1599131568725372e-4,0.2652804417425339,NA,"BOTH +/-16%, OXT/NAL +/-8%"
0.16,71,TRUE,TRUE,2.313892454717181e-5,0.918224526986075,NA,"BOTH +/-16%, OXT/NAL +/-8%"
0.16,72,TRUE,TRUE,0.006887840975650652,0.9043070042360731,NA,"BOTH +/-16%, OXT/NAL +/-8%"
0.16,73,TRUE,TRUE,2.523116225914811e-5,0.09115545348683747,NA,"BOTH +/-16%, OXT/NAL +/-8%"
0.16,74,TRUE,TRUE,0.0010199364194804737,0.828336771789019,NA,"BOTH +/-16%, OXT/NAL +/-8%"
0.16,75,TRUE,TRUE,0.0034494067259279435,0.5064631726540805,NA,"BOTH +/-16%, OXT/NAL +/-8%"
0.16,76,TRUE,TRUE,5.4175645650272676e-5,0.8553223638727147,NA,"BOTH +/-16%, OXT/NAL +/-8%"
0.16,77,TRUE,TRUE,9.543395397638549e-6,0.9865899886230581,NA,"BOTH +/-16%, OXT/NAL +/-8%"
0.16,78,TRUE,TRUE,2.0352522700927442e-4,0.2990520978976311,NA,"BOTH +/-16%, OXT/NAL +/-8%"
0.16,79,TRUE,TRUE,0.008462929382881767,0.4627182463850047,NA,"BOTH +/-16%, OXT/NAL +/-8%"
0.16,80,TRUE,TRUE,2.7400920730119597e-5,0.4702223203483935,NA,"BOTH +/-16%, OXT/NAL +/-8%"
0.16,81,TRUE,TRUE,1.965871826197006e-6,0.661669379712884,NA,"BOTH +/-16%, OXT/NAL +/-8%"
0.16,82,TRUE,TRUE,8.833509457166423e-6,0.39968638033904824,NA,"BOTH +/-16%, OXT/NAL +/-8%"
0.16,83,TRUE,TRUE,0.0030840613689103505,0.594510189757257,NA,"BOTH +/-16%, OXT/NAL +/-8%"
0.16,84,TRUE,TRUE,0.001328382727278094,0.8970118868172438,NA,"BOTH +/-16%, OXT/NAL +/-8%"
0.16,85,TRUE,TRUE,0.004544975804287834,0.6567522840610427,NA,"BOTH +/-16%, OXT/NAL +/-8%"
0.16,86,TRUE,TRUE,5.246362828467218e-4,0.17091782434132913,NA,"BOTH +/-16%, OXT/NAL +/-8%"
0.16,87,TRUE,TRUE,3.5418061288389405e-9,0.06501333312503174,NA,"BOTH +/-16%, OXT/NAL +/-8%"
0.16,88,TRUE,TRUE,0.0024467560180614924,0.18902759383079326,NA,"BOTH +/-16%, OXT/NAL +/-8%"
0.16,89,TRUE,TRUE,3.5002233852071755e-4,0.5033336844679542,NA,"BOTH +/-16%, OXT/NAL +/-8%"
0.16,90,TRUE,TRUE,5.123574823301876e-5,0.7557598474705995,NA,"BOTH +/-16%, OXT/NAL +/-8%"
0.16,91,TRUE,TRUE,2.2099353836763308e-06,0.9368185110439838,NA,"BOTH +/-16%, OXT/NAL +/-8%"
0.16,92,TRUE,TRUE,1.0200510878314254e-4,0.3366096209001131,NA,"BOTH +/-16%, OXT/NAL +/-8%"
0.16,93,TRUE,TRUE,1.3436548712382205e-9,0.007827615700746865,NA,"BOTH +/-16%, OXT/NAL +/-8%"
0.16,94,TRUE,TRUE,0.002838928344246073,0.7283478293371684,NA,"BOTH +/-16%, OXT/NAL +/-8%"
0.16,95,TRUE,TRUE,2.5405232586928857e-7,0.0681773038513727,NA,"BOTH +/-16%, OXT/NAL +/-8%"
0.16,96,TRUE,TRUE,1.9764346909354256e-6,0.022734014655558053,NA,"BOTH +/-16%, OXT/NAL +/-8%"
0.16,97,TRUE,TRUE,4.026159847289564e-6,0.023523248415190115,NA,"BOTH +/-16%, OXT/NAL +/-8%"
0.16,98,TRUE,TRUE,1.5038040323295173e-4,0.8809974426443321,NA,"BOTH +/-16%, OXT/NAL +/-8%"
0.16,99,TRUE,TRUE,1.0496711973351387e-10,0.005509234151809961,NA,"BOTH +/-16%, OXT/NAL +/-8%"
0.16,100,TRUE,TRUE,1.3051361237530852e-4,0.03479155397207278,NA,"BOTH +/-16%, OXT/NAL +/-8%"
0.16,101,TRUE,TRUE,0.002757415291331478,0.013168161530335128,NA,"BOTH +/-16%, OXT/NAL +/-8%"
0.16,102,TRUE,TRUE,2.7035246699699215e-4,0.6486135086686327,NA,"BOTH +/-16%, OXT/NAL +/-8%"
0.16,103,TRUE,TRUE,1.769746965074173e-8,0.35685855956391294,NA,"BOTH +/-16%, OXT/NAL +/-8%"
0.16,104,TRUE,TRUE,5.806582249493817e-4,0.80052495628555,NA,"BOTH +/-16%, OXT/NAL +/-8%"
0.16,105,TRUE,TRUE,5.847261700248143e-6,0.48585609371260924,NA,"BOTH +/-16%, OXT/NAL +/-8%"
0.16,106,TRUE,TRUE,0.019331083636653684,0.01444588990110292,NA,"BOTH +/-16%, OXT/NAL +/-8%"
0.16,107,TRUE,TRUE,1.564815141658621e-4,0.6068308685623265,NA,"BOTH +/-16%, OXT/NAL +/-8%"
0.16,108,TRUE,TRUE,1.58387064534024e-5,0.5522217111960136,NA,"BOTH +/-16%, OXT/NAL +/-8%"
0.16,109,TRUE,TRUE,1.4431540702462822e-8,0.5353396484818176,NA,"BOTH +/-16%, OXT/NAL +/-8%"
0.16,110,TRUE,TRUE,0.009483953987874145,0.2163751553550035,NA,"BOTH +/-16%, OXT/NAL +/-8%"
0.16,111,TRUE,TRUE,5.065084176503595e-4,0.9972230194143732,NA,"BOTH +/-16%, OXT/NAL +/-8%"
0.16,112,TRUE,TRUE,1.2787789479696032e-6,0.010493208170605282,NA,"BOTH +/-16%, OXT/NAL +/-8%"
0.16,113,TRUE,TRUE,9.33662986809302e-6,0.04357782297274571,NA,"BOTH +/-16%, OXT/NAL +/-8%"
0.16,114,TRUE,TRUE,0.33706426049355587,0.2071105546562444,NA,"BOTH +/-16%, OXT/NAL +/-8%"
0.16,115,TRUE,TRUE,5.6501761988897774e-5,0.9745349227178004,NA,"BOTH +/-16%, OXT/NAL +/-8%"
0.16,116,TRUE,TRUE,0.003289551865238025,0.9098199207070123,NA,"BOTH +/-16%, OXT/NAL +/-8%"
0.16,117,TRUE,TRUE,2.7024741216286476e-5,0.207320941039812,NA,"BOTH +/-16%, OXT/NAL +/-8%"
0.16,118,TRUE,TRUE,0.11465612055220586,0.8948593338374226,NA,"BOTH +/-16%, OXT/NAL +/-8%"
0.16,119,TRUE,TRUE,0.002387579320427579,0.8506732672951276,NA,"BOTH +/-16%, OXT/NAL +/-8%"
0.16,120,TRUE,TRUE,5.993546679086086e-6,0.07717221283370208,NA,"BOTH +/-16%, OXT/NAL +/-8%"
0.16,121,TRUE,TRUE,0.043501243226362944,0.4256387270471579,NA,"BOTH +/-16%, OXT/NAL +/-8%"
0.16,122,TRUE,TRUE,7.098324953420926e-5,0.44354768713914566,NA,"BOTH +/-16%, OXT/NAL +/-8%"
0.16,123,TRUE,TRUE,0.0017344235427243315,0.7828381892843855,NA,"BOTH +/-16%, OXT/NAL +/-8%"
0.16,124,TRUE,TRUE,2.3361127800263455e-7,0.534445842264085,NA,"BOTH +/-16%, OXT/NAL +/-8%"
0.16,125,TRUE,TRUE,1.2498038576060641e-4,0.9375501207203398,NA,"BOTH +/-16%, OXT/NAL +/-8%"
0.16,126,TRUE,TRUE,1.5515477183357725e-5,0.69756457381782,NA,"BOTH +/-16%, OXT/NAL +/-8%"
0.16,127,TRUE,TRUE,3.140416109816555e-4,0.8263039640819289,NA,"BOTH +/-16%, OXT/NAL +/-8%"
0.16,128,TRUE,TRUE,6.914425663191395e-4,0.24412440991784465,NA,"BOTH +/-16%, OXT/NAL +/-8%"
0.16,129,TRUE,TRUE,0.00412574854457422,0.46580573953778537,NA,"BOTH +/-16%, OXT/NAL +/-8%"
0.16,130,TRUE,TRUE,2.4435505076401704e-4,0.9169975455144164,NA,"BOTH +/-16%, OXT/NAL +/-8%"
0.16,131,TRUE,TRUE,0.13602102232085642,0.17098242220251894,NA,"BOTH +/-16%, OXT/NAL +/-8%"
0.16,132,TRUE,TRUE,1.998825347105574e-5,0.7163820066377089,NA,"BOTH +/-16%, OXT/NAL +/-8%"
0.16,133,TRUE,TRUE,0.4331223033469761,0.8574326311732497,NA,"BOTH +/-16%, OXT/NAL +/-8%"
0.16,134,TRUE,TRUE,0.0341032236056212,0.519934746976376,NA,"BOTH +/-16%, OXT/NAL +/-8%"
0.16,135,TRUE,TRUE,1.2101966712676285e-6,0.10861860945140586,NA,"BOTH +/-16%, OXT/NAL +/-8%"
0.16,136,TRUE,TRUE,0.0030221610372323077,0.28408734094894045,NA,"BOTH +/-16%, OXT/NAL +/-8%"
0.16,137,TRUE,TRUE,5.58978305416802e-5,0.07463894824061726,NA,"BOTH +/-16%, OXT/NAL +/-8%"
0.16,138,TRUE,TRUE,0.026734925506486235,0.060728726827091024,NA,"BOTH +/-16%, OXT/NAL +/-8%"
0.16,139,TRUE,TRUE,0.10921193017973856,0.7892956682429804,NA,"BOTH +/-16%, OXT/NAL +/-8%"
0.16,140,TRUE,TRUE,4.834444636308474e-7,0.8019702995366943,NA,"BOTH +/-16%, OXT/NAL +/-8%"
0.16,141,TRUE,TRUE,5.5121520380657534e-5,0.6052887307070315,NA,"BOTH +/-16%, OXT/NAL +/-8%"
0.16,142,TRUE,TRUE,0.0021645135039841264,0.19680116135450335,NA,"BOTH +/-16%, OXT/NAL +/-8%"
0.16,143,TRUE,TRUE,0.011783401558102948,0.9046739597981349,NA,"BOTH +/-16%, OXT/NAL +/-8%"
0.16,144,TRUE,TRUE,0.0012697638802202569,0.1771359185216533,NA,"BOTH +/-16%, OXT/NAL +/-8%"
0.16,145,TRUE,TRUE,7.905291620789938e-4,0.37075129701788984,NA,"BOTH +/-16%, OXT/NAL +/-8%"
0.16,146,TRUE,TRUE,3.552097122929194e-7,0.6049103524074836,NA,"BOTH +/-16%, OXT/NAL +/-8%"
0.16,147,TRUE,TRUE,4.007374779029994e-4,0.4337079067797953,NA,"BOTH +/-16%, OXT/NAL +/-8%"
0.16,148,TRUE,TRUE,2.2064645132253475e-6,0.265197269242886,NA,"BOTH +/-16%, OXT/NAL +/-8%"
0.16,149,TRUE,TRUE,3.282641286934408e-5,0.38153971390253616,NA,"BOTH +/-16%, OXT/NAL +/-8%"
0.16,150,TRUE,TRUE,0.04686912466697988,0.5885925926557052,NA,"BOTH +/-16%, OXT/NAL +/-8%"
0.16,151,TRUE,TRUE,0.002626509002995567,0.9202477015732333,NA,"BOTH +/-16%, OXT/NAL +/-8%"
0.16,152,TRUE,TRUE,5.517453009536051e-6,0.48019686960648345,NA,"BOTH +/-16%, OXT/NAL +/-8%"
0.16,153,TRUE,TRUE,4.128493180534222e-6,0.5300525894456231,NA,"BOTH +/-16%, OXT/NAL +/-8%"
0.16,154,TRUE,TRUE,2.126972976861496e-4,0.2737573938664153,NA,"BOTH +/-16%, OXT/NAL +/-8%"
0.16,155,TRUE,TRUE,0.029501575526336848,0.4740008081913017,NA,"BOTH +/-16%, OXT/NAL +/-8%"
0.16,156,TRUE,TRUE,1.2589121092962683e-9,0.04518375750485594,NA,"BOTH +/-16%, OXT/NAL +/-8%"
0.16,157,TRUE,TRUE,1.8913439521306726e-6,0.26348853858536825,NA,"BOTH +/-16%, OXT/NAL +/-8%"
0.16,158,TRUE,TRUE,6.020634342023518e-5,0.4736103063028047,NA,"BOTH +/-16%, OXT/NAL +/-8%"
0.16,159,TRUE,TRUE,0.06658755095708789,0.9712000037739308,NA,"BOTH +/-16%, OXT/NAL +/-8%"
0.16,160,TRUE,TRUE,2.850384682376398e-4,0.4799127812629774,NA,"BOTH +/-16%, OXT/NAL +/-8%"
0.16,161,TRUE,TRUE,4.069748025349026e-5,0.7258279633708007,NA,"BOTH +/-16%, OXT/NAL +/-8%"
0.16,162,TRUE,TRUE,0.0010984146622559858,0.43151213036227004,NA,"BOTH +/-16%, OXT/NAL +/-8%"
0.16,163,TRUE,TRUE,0.04077777142470357,0.1291904815143883,NA,"BOTH +/-16%, OXT/NAL +/-8%"
0.16,164,TRUE,TRUE,1.8935303763892191e-4,0.4129922209477136,NA,"BOTH +/-16%, OXT/NAL +/-8%"
0.16,165,TRUE,TRUE,3.434085215110132e-4,0.5280283782572606,NA,"BOTH +/-16%, OXT/NAL +/-8%"
0.16,166,TRUE,TRUE,8.962632094771073e-7,0.37851081583214047,NA,"BOTH +/-16%, OXT/NAL +/-8%"
0.16,167,TRUE,TRUE,0.0028700433957685885,0.7692422911353527,NA,"BOTH +/-16%, OXT/NAL +/-8%"
0.16,168,TRUE,TRUE,2.9931314314504656e-6,0.8564557457181083,NA,"BOTH +/-16%, OXT/NAL +/-8%"
0.16,169,TRUE,TRUE,0.0018155474919874872,0.781552161209778,NA,"BOTH +/-16%, OXT/NAL +/-8%"
0.16,170,TRUE,TRUE,7.127303238095533e-5,0.8702775886690883,NA,"BOTH +/-16%, OXT/NAL +/-8%"
0.16,171,TRUE,TRUE,0.004239835229087539,0.41772176779197473,NA,"BOTH +/-16%, OXT/NAL +/-8%"
0.16,172,TRUE,TRUE,0.023481830497347016,0.6480529878851065,NA,"BOTH +/-16%, OXT/NAL +/-8%"
0.16,173,TRUE,TRUE,3.989762937676112e-4,0.8628005873964617,NA,"BOTH +/-16%, OXT/NAL +/-8%"
0.16,174,TRUE,TRUE,0.001089728597575868,0.5366704472406575,NA,"BOTH +/-16%, OXT/NAL +/-8%"
0.16,175,TRUE,TRUE,0.011221969659851054,0.395460137596822,NA,"BOTH +/-16%, OXT/NAL +/-8%"
0.16,176,TRUE,TRUE,8.173570654726587e-7,0.5807377029154642,NA,"BOTH +/-16%, OXT/NAL +/-8%"
0.16,177,TRUE,TRUE,1.7950876044496893e-7,0.47147109694649575,NA,"BOTH +/-16%, OXT/NAL +/-8%"
0.16,178,TRUE,TRUE,3.8756777458052034e-4,0.8196005783512741,NA,"BOTH +/-16%, OXT/NAL +/-8%"
0.16,179,TRUE,TRUE,0.0025166655331028687,0.7586121817122076,NA,"BOTH +/-16%, OXT/NAL +/-8%"
0.16,180,TRUE,TRUE,6.268315936355177e-4,0.18378808352655437,NA,"BOTH +/-16%, OXT/NAL +/-8%"
0.16,181,TRUE,TRUE,0.013063132003579826,0.2265791484998491,NA,"BOTH +/-16%, OXT/NAL +/-8%"
0.16,182,TRUE,TRUE,3.113436432985348e-5,0.3672315789086717,NA,"BOTH +/-16%, OXT/NAL +/-8%"
0.16,183,TRUE,TRUE,0.002203537645105976,0.4905249055996039,NA,"BOTH +/-16%, OXT/NAL +/-8%"
0.16,184,TRUE,TRUE,1.9446240606076885e-5,0.14329447960744687,NA,"BOTH +/-16%, OXT/NAL +/-8%"
0.16,185,TRUE,TRUE,0.005345007487951636,0.9596138874726239,NA,"BOTH +/-16%, OXT/NAL +/-8%"
0.16,186,TRUE,TRUE,1.0184774064887837e-4,0.12712883266640312,NA,"BOTH +/-16%, OXT/NAL +/-8%"
0.16,187,TRUE,TRUE,5.971533243294509e-4,0.90139468884615,NA,"BOTH +/-16%, OXT/NAL +/-8%"
0.16,188,TRUE,TRUE,0.12070646965343279,0.9513611348778707,NA,"BOTH +/-16%, OXT/NAL +/-8%"
0.16,189,TRUE,TRUE,3.824601919540207e-6,0.5377218854036363,NA,"BOTH +/-16%, OXT/NAL +/-8%"
0.16,190,TRUE,TRUE,1.566585871637506e-5,0.11340193134108231,NA,"BOTH +/-16%, OXT/NAL +/-8%"
0.16,191,TRUE,TRUE,7.942956964899277e-5,0.44433885394011596,NA,"BOTH +/-16%, OXT/NAL +/-8%"
0.16,192,TRUE,TRUE,1.215670683522351e-5,0.991366210441453,NA,"BOTH +/-16%, OXT/NAL +/-8%"
0.16,193,TRUE,TRUE,1.0392792265732248e-5,0.6136946742743087,NA,"BOTH +/-16%, OXT/NAL +/-8%"
0.16,194,TRUE,TRUE,1.3219249082907349e-6,0.7060240042454237,NA,"BOTH +/-16%, OXT/NAL +/-8%"
0.16,195,TRUE,TRUE,0.0728809482858328,0.6704668288991859,NA,"BOTH +/-16%, OXT/NAL +/-8%"
0.16,196,TRUE,TRUE,6.697073195407551e-7,0.7896347416270382,NA,"BOTH +/-16%, OXT/NAL +/-8%"
0.16,197,TRUE,TRUE,0.45457076095430576,0.749691923790387,NA,"BOTH +/-16%, OXT/NAL +/-8%"
0.16,198,TRUE,TRUE,3.783876470295158e-5,0.16000182116628872,NA,"BOTH +/-16%, OXT/NAL +/-8%"
0.16,199,TRUE,TRUE,7.733188880700125e-4,0.16852388854539607,NA,"BOTH +/-16%, OXT/NAL +/-8%"
0.16,200,TRUE,TRUE,2.417181527189556e-5,0.2952731141948054,NA,"BOTH +/-16%, OXT/NAL +/-8%"
0.16,201,TRUE,TRUE,2.097211207602959e-4,0.5606354889697102,NA,"BOTH +/-16%, OXT/NAL +/-8%"
0.16,202,TRUE,TRUE,0.01690447829943376,0.8533136364796869,NA,"BOTH +/-16%, OXT/NAL +/-8%"
0.16,203,TRUE,TRUE,0.034342408951358906,0.4311816570321087,NA,"BOTH +/-16%, OXT/NAL +/-8%"
0.16,204,TRUE,TRUE,2.0272221516620563e-5,0.390474604218355,NA,"BOTH +/-16%, OXT/NAL +/-8%"
0.16,205,TRUE,TRUE,8.42642571037208e-4,0.47437986406689775,NA,"BOTH +/-16%, OXT/NAL +/-8%"
0.16,206,TRUE,TRUE,0.00981025421350625,0.5266464442682081,NA,"BOTH +/-16%, OXT/NAL +/-8%"
0.16,207,TRUE,TRUE,8.891675637038064e-6,0.541373682190002,NA,"BOTH +/-16%, OXT/NAL +/-8%"
0.16,208,TRUE,TRUE,0.031197538647341864,0.9528451854660885,NA,"BOTH +/-16%, OXT/NAL +/-8%"
0.16,209,TRUE,TRUE,2.6612145432917695e-4,0.7619483074607849,NA,"BOTH +/-16%, OXT/NAL +/-8%"
0.16,210,TRUE,TRUE,0.08175161739519976,0.14935448499484066,NA,"BOTH +/-16%, OXT/NAL +/-8%"
0.16,211,TRUE,TRUE,0.004715596007767744,0.24361983609050544,NA,"BOTH +/-16%, OXT/NAL +/-8%"
0.16,212,TRUE,TRUE,0.0037085501791362784,0.5815307842259572,NA,"BOTH +/-16%, OXT/NAL +/-8%"
0.16,213,TRUE,TRUE,2.2167837573133303e-5,0.5895849442759422,NA,"BOTH +/-16%, OXT/NAL +/-8%"
0.16,214,TRUE,TRUE,2.0220335423770966e-5,0.008801248101795505,NA,"BOTH +/-16%, OXT/NAL +/-8%"
0.16,215,TRUE,TRUE,5.253582714552947e-5,0.8053720092358643,NA,"BOTH +/-16%, OXT/NAL +/-8%"
0.16,216,TRUE,TRUE,0.0010672361692810012,0.9601034984324148,NA,"BOTH +/-16%, OXT/NAL +/-8%"
0.16,217,TRUE,TRUE,0.026882281306056997,0.9955961759687391,NA,"BOTH +/-16%, OXT/NAL +/-8%"
0.16,218,TRUE,TRUE,4.828180396622312e-4,0.3872464889594496,NA,"BOTH +/-16%, OXT/NAL +/-8%"
0.16,219,TRUE,TRUE,3.9755866053049355e-8,0.12704222220378475,NA,"BOTH +/-16%, OXT/NAL +/-8%"
0.16,220,TRUE,TRUE,3.2706843978500576e-6,0.3340212570462852,NA,"BOTH +/-16%, OXT/NAL +/-8%"
0.16,221,TRUE,TRUE,0.1432661632405232,0.7048612159935741,NA,"BOTH +/-16%, OXT/NAL +/-8%"
0.16,222,TRUE,TRUE,3.968291990907242e-7,0.7586722182562609,NA,"BOTH +/-16%, OXT/NAL +/-8%"
0.16,223,TRUE,TRUE,4.101898597845425e-6,0.06335323668434296,NA,"BOTH +/-16%, OXT/NAL +/-8%"
0.16,224,TRUE,TRUE,4.349894585673099e-4,0.9695929800075134,NA,"BOTH +/-16%, OXT/NAL +/-8%"
0.16,225,TRUE,TRUE,0.0039003371934344553,0.2069660310156651,NA,"BOTH +/-16%, OXT/NAL +/-8%"
0.16,226,TRUE,TRUE,3.474482895769562e-5,0.7145488424090278,NA,"BOTH +/-16%, OXT/NAL +/-8%"
0.16,227,TRUE,TRUE,8.636262141063647e-4,0.005664473830648032,NA,"BOTH +/-16%, OXT/NAL +/-8%"
0.16,228,TRUE,TRUE,6.348746733506771e-7,0.1417336770050783,NA,"BOTH +/-16%, OXT/NAL +/-8%"
0.16,229,TRUE,TRUE,4.561409852760365e-4,0.4196671286612199,NA,"BOTH +/-16%, OXT/NAL +/-8%"
0.16,230,TRUE,TRUE,0.003877629963269711,0.8232149566315432,NA,"BOTH +/-16%, OXT/NAL +/-8%"
0.16,231,TRUE,TRUE,4.139768984748745e-4,0.5018577028637325,NA,"BOTH +/-16%, OXT/NAL +/-8%"
0.16,232,TRUE,TRUE,0.2474213925506742,0.011766074979073435,NA,"BOTH +/-16%, OXT/NAL +/-8%"
0.16,233,TRUE,TRUE,2.1930548398066472e-4,0.23809350201912574,NA,"BOTH +/-16%, OXT/NAL +/-8%"
0.16,234,TRUE,TRUE,0.01825916204588853,0.7258663767465108,NA,"BOTH +/-16%, OXT/NAL +/-8%"
0.16,235,TRUE,TRUE,1.3868974841537025e-9,0.10505886851557647,NA,"BOTH +/-16%, OXT/NAL +/-8%"
0.16,236,TRUE,TRUE,3.334278109210875e-8,0.10318915047624574,NA,"BOTH +/-16%, OXT/NAL +/-8%"
0.16,237,TRUE,TRUE,6.090076526462303e-4,0.32158129608954855,NA,"BOTH +/-16%, OXT/NAL +/-8%"
0.16,238,TRUE,TRUE,9.039621420568633e-4,0.37038610701365704,NA,"BOTH +/-16%, OXT/NAL +/-8%"
0.16,239,TRUE,TRUE,6.154089404995614e-5,0.4879248163866757,NA,"BOTH +/-16%, OXT/NAL +/-8%"
0.16,240,TRUE,TRUE,1.6667069104964537e-5,0.7212639218799701,NA,"BOTH +/-16%, OXT/NAL +/-8%"
0.16,241,TRUE,TRUE,1.2635984244674396e-6,0.5369461840171067,NA,"BOTH +/-16%, OXT/NAL +/-8%"
0.16,242,TRUE,TRUE,1.53074425101432e-4,0.6883679511648925,NA,"BOTH +/-16%, OXT/NAL +/-8%"
0.16,243,TRUE,TRUE,9.354600017514046e-8,0.196209565673694,NA,"BOTH +/-16%, OXT/NAL +/-8%"
0.16,244,TRUE,TRUE,0.0121971798341519,0.9041315037356107,NA,"BOTH +/-16%, OXT/NAL +/-8%"
0.16,245,TRUE,TRUE,0.15775122890115884,0.41955954227727654,NA,"BOTH +/-16%, OXT/NAL +/-8%"
0.16,246,TRUE,TRUE,3.447823124499859e-5,0.719605643871587,NA,"BOTH +/-16%, OXT/NAL +/-8%"
0.16,247,TRUE,TRUE,0.009243142209249051,0.3948337023630296,NA,"BOTH +/-16%, OXT/NAL +/-8%"
0.16,248,TRUE,TRUE,2.500137098507845e-5,0.2917980015013652,NA,"BOTH +/-16%, OXT/NAL +/-8%"
0.16,249,TRUE,TRUE,2.1678197583375793e-7,0.14691637696424367,NA,"BOTH +/-16%, OXT/NAL +/-8%"
0.16,250,TRUE,TRUE,0.006459185356630705,0.5725253313075513,NA,"BOTH +/-16%, OXT/NAL +/-8%"
0.16,251,TRUE,TRUE,0.0015431739797272597,0.7613709215649009,NA,"BOTH +/-16%, OXT/NAL +/-8%"
0.16,252,TRUE,TRUE,3.8712283024651303e-4,0.38823258267796273,NA,"BOTH +/-16%, OXT/NAL +/-8%"
0.16,253,TRUE,TRUE,0.008695648890132352,0.9751758248935375,NA,"BOTH +/-16%, OXT/NAL +/-8%"
0.16,254,TRUE,TRUE,1.770141543378953e-5,0.20632735567981805,NA,"BOTH +/-16%, OXT/NAL +/-8%"
0.16,255,TRUE,TRUE,4.665440273151892e-6,0.04282207934006227,NA,"BOTH +/-16%, OXT/NAL +/-8%"
0.16,256,TRUE,TRUE,0.03262245232951931,0.8640745574101039,NA,"BOTH +/-16%, OXT/NAL +/-8%"
0.16,257,TRUE,TRUE,5.530296617789056e-4,0.2992233826672458,NA,"BOTH +/-16%, OXT/NAL +/-8%"
0.16,258,TRUE,TRUE,0.0065895077099589125,0.27157249885390894,NA,"BOTH +/-16%, OXT/NAL +/-8%"
0.16,259,TRUE,TRUE,0.0014994118699060545,0.3404605857864223,NA,"BOTH +/-16%, OXT/NAL +/-8%"
0.16,260,TRUE,TRUE,1.3624516081357397e-4,0.46385570358308303,NA,"BOTH +/-16%, OXT/NAL +/-8%"
0.16,261,TRUE,TRUE,0.16520731826466117,0.9451635551688342,NA,"BOTH +/-16%, OXT/NAL +/-8%"
0.16,262,TRUE,TRUE,5.603773999221326e-7,0.0327770453563867,NA,"BOTH +/-16%, OXT/NAL +/-8%"
0.16,263,TRUE,TRUE,0.004919426772738689,0.9750181866549442,NA,"BOTH +/-16%, OXT/NAL +/-8%"
0.16,264,TRUE,TRUE,0.0011786267091492325,0.18891846929940215,NA,"BOTH +/-16%, OXT/NAL +/-8%"
0.16,265,TRUE,TRUE,1.4257620101996044e-7,0.8059200038730974,NA,"BOTH +/-16%, OXT/NAL +/-8%"
0.16,266,TRUE,TRUE,0.0010578776817844714,0.7755953526063413,NA,"BOTH +/-16%, OXT/NAL +/-8%"
0.16,267,TRUE,TRUE,3.8139967979116345e-4,0.744591800983232,NA,"BOTH +/-16%, OXT/NAL +/-8%"
0.16,268,TRUE,TRUE,3.117436668135444e-4,0.06531099853044046,NA,"BOTH +/-16%, OXT/NAL +/-8%"
0.16,269,TRUE,TRUE,2.723729377475195e-7,0.2639156656799063,NA,"BOTH +/-16%, OXT/NAL +/-8%"
0.16,270,TRUE,TRUE,2.613110141662393e-5,0.6496797008457924,NA,"BOTH +/-16%, OXT/NAL +/-8%"
0.16,271,TRUE,TRUE,1.7883904770339234e-6,0.8640835889222267,NA,"BOTH +/-16%, OXT/NAL +/-8%"
0.16,272,TRUE,TRUE,0.07703839418722377,0.22135642026720004,NA,"BOTH +/-16%, OXT/NAL +/-8%"
0.16,273,TRUE,TRUE,2.1785147620812572e-11,0.0396015242685145,NA,"BOTH +/-16%, OXT/NAL +/-8%"
0.16,274,TRUE,TRUE,0.0010632303005872511,0.4643849195606693,NA,"BOTH +/-16%, OXT/NAL +/-8%"
0.16,275,TRUE,TRUE,0.0037284531638183357,0.7006516947658021,NA,"BOTH +/-16%, OXT/NAL +/-8%"
0.16,276,TRUE,TRUE,2.5793111776471665e-7,0.08796592306937687,NA,"BOTH +/-16%, OXT/NAL +/-8%"
0.16,277,TRUE,TRUE,0.006530147622448849,0.892394799363822,NA,"BOTH +/-16%, OXT/NAL +/-8%"
0.16,278,TRUE,TRUE,5.682323547476382e-4,0.8053970921341446,NA,"BOTH +/-16%, OXT/NAL +/-8%"
0.16,279,TRUE,TRUE,1.969939218024997e-5,0.20589442576706068,NA,"BOTH +/-16%, OXT/NAL +/-8%"
0.16,280,TRUE,TRUE,5.797084940103897e-4,0.6329340432086643,NA,"BOTH +/-16%, OXT/NAL +/-8%"
0.16,281,TRUE,TRUE,0.037946659837293645,0.1553397001799673,NA,"BOTH +/-16%, OXT/NAL +/-8%"
0.16,282,TRUE,TRUE,1.612037806082197e-4,0.5234570086249479,NA,"BOTH +/-16%, OXT/NAL +/-8%"
0.16,283,TRUE,TRUE,7.094953262507652e-6,0.5955621495274757,NA,"BOTH +/-16%, OXT/NAL +/-8%"
0.16,284,TRUE,TRUE,1.2919031366357783e-4,0.1467850094193683,NA,"BOTH +/-16%, OXT/NAL +/-8%"
0.16,285,TRUE,TRUE,0.33875923941286257,0.34185858303952105,NA,"BOTH +/-16%, OXT/NAL +/-8%"
0.16,286,TRUE,TRUE,2.660581819794634e-4,0.7896698083578816,NA,"BOTH +/-16%, OXT/NAL +/-8%"
0.16,287,TRUE,TRUE,1.3982234488059266e-6,0.6824696156263901,NA,"BOTH +/-16%, OXT/NAL +/-8%"
0.16,288,TRUE,TRUE,2.5929680335609524e-7,0.37400834161709157,NA,"BOTH +/-16%, OXT/NAL +/-8%"
0.16,289,TRUE,TRUE,4.417017994189118e-5,0.3068155594818621,NA,"BOTH +/-16%, OXT/NAL +/-8%"
0.16,290,TRUE,TRUE,1.345646644968971e-5,0.5298178903523644,NA,"BOTH +/-16%, OXT/NAL +/-8%"
0.16,291,TRUE,TRUE,1.0475497084612756e-4,0.7490897012278441,NA,"BOTH +/-16%, OXT/NAL +/-8%"
0.16,292,TRUE,TRUE,8.644443162138149e-4,0.15536272678282637,NA,"BOTH +/-16%, OXT/NAL +/-8%"
0.16,293,TRUE,TRUE,0.006305508776053712,0.030567783932556585,NA,"BOTH +/-16%, OXT/NAL +/-8%"
0.16,294,TRUE,TRUE,2.7222434315138932e-8,0.017860365417133484,NA,"BOTH +/-16%, OXT/NAL +/-8%"
0.16,295,TRUE,TRUE,1.2618097727207554e-7,0.1810555791645297,NA,"BOTH +/-16%, OXT/NAL +/-8%"
0.16,296,TRUE,TRUE,1.251956123080327e-4,0.29912637659952357,NA,"BOTH +/-16%, OXT/NAL +/-8%"
0.16,297,TRUE,TRUE,9.001784732629612e-7,0.6126367754409967,NA,"BOTH +/-16%, OXT/NAL +/-8%"
0.16,298,TRUE,TRUE,6.522221697746421e-6,0.43011102402260704,NA,"BOTH +/-16%, OXT/NAL +/-8%"
0.16,299,TRUE,TRUE,0.02768127900120909,0.6554273695660708,NA,"BOTH +/-16%, OXT/NAL +/-8%"
0.16,300,TRUE,TRUE,8.455890592975892e-5,0.5010530435885631,NA,"BOTH +/-16%, OXT/NAL +/-8%"
0.16,301,TRUE,TRUE,1.3956631022472794e-4,0.7218863842595984,NA,"BOTH +/-16%, OXT/NAL +/-8%"
0.16,302,TRUE,TRUE,0.002214262176104829,0.5446512976013397,NA,"BOTH +/-16%, OXT/NAL +/-8%"
0.16,303,TRUE,TRUE,4.8678522345703537e-4,0.8839846443056928,NA,"BOTH +/-16%, OXT/NAL +/-8%"
0.16,304,TRUE,TRUE,4.3589071493078447e-4,0.3501984765139759,NA,"BOTH +/-16%, OXT/NAL +/-8%"
0.16,305,TRUE,TRUE,0.1900563650042831,0.24747788987247424,NA,"BOTH +/-16%, OXT/NAL +/-8%"
0.16,306,TRUE,TRUE,0.002203707827204236,0.13837681957162062,NA,"BOTH +/-16%, OXT/NAL +/-8%"
0.16,307,TRUE,TRUE,0.004482930567756431,0.8726712978342274,NA,"BOTH +/-16%, OXT/NAL +/-8%"
0.16,308,TRUE,TRUE,0.005582170147960542,0.3299015502402128,NA,"BOTH +/-16%, OXT/NAL +/-8%"
0.16,309,TRUE,TRUE,9.336188066567582e-5,0.20317843885635414,NA,"BOTH +/-16%, OXT/NAL +/-8%"
0.16,310,TRUE,TRUE,2.7836213752541565e-5,0.17298813811810798,NA,"BOTH +/-16%, OXT/NAL +/-8%"
0.16,311,TRUE,TRUE,0.021982404712995816,0.14363055745202413,NA,"BOTH +/-16%, OXT/NAL +/-8%"
0.16,312,TRUE,TRUE,4.232008510891996e-6,0.4601140510024946,NA,"BOTH +/-16%, OXT/NAL +/-8%"
0.16,313,TRUE,TRUE,6.458770598733228e-4,0.9846942591336408,NA,"BOTH +/-16%, OXT/NAL +/-8%"
0.16,314,TRUE,TRUE,7.515693682797887e-6,0.47062643476212773,NA,"BOTH +/-16%, OXT/NAL +/-8%"
0.16,315,TRUE,TRUE,5.632104868304873e-9,0.37053710965865333,NA,"BOTH +/-16%, OXT/NAL +/-8%"
0.16,316,TRUE,TRUE,1.0228146331574683e-4,0.8801771277793377,NA,"BOTH +/-16%, OXT/NAL +/-8%"
0.16,317,TRUE,TRUE,4.407819953255998e-5,0.3420393461573923,NA,"BOTH +/-16%, OXT/NAL +/-8%"
0.16,318,TRUE,TRUE,5.362955703315883e-4,0.9448089390079655,NA,"BOTH +/-16%, OXT/NAL +/-8%"
0.16,319,TRUE,TRUE,0.006485487049738834,0.8153793533640419,NA,"BOTH +/-16%, OXT/NAL +/-8%"
0.16,320,TRUE,TRUE,0.004109617908301614,0.8223674126646046,NA,"BOTH +/-16%, OXT/NAL +/-8%"
0.16,321,TRUE,TRUE,0.009352590576035475,0.11408531328347,NA,"BOTH +/-16%, OXT/NAL +/-8%"
0.16,322,TRUE,TRUE,0.006472893473545612,0.3829916447875047,NA,"BOTH +/-16%, OXT/NAL +/-8%"
0.16,323,TRUE,TRUE,0.0048765220339044785,0.43790533376343016,NA,"BOTH +/-16%, OXT/NAL +/-8%"
0.16,324,TRUE,TRUE,7.664663914311666e-8,0.5105956202742837,NA,"BOTH +/-16%, OXT/NAL +/-8%"
0.16,325,TRUE,TRUE,0.003213457178550107,0.8530543655393332,NA,"BOTH +/-16%, OXT/NAL +/-8%"
0.16,326,TRUE,TRUE,6.161711924417045e-7,0.6791878843422341,NA,"BOTH +/-16%, OXT/NAL +/-8%"
0.16,327,TRUE,TRUE,0.0692889447949398,0.7830248582373295,NA,"BOTH +/-16%, OXT/NAL +/-8%"
0.16,328,TRUE,TRUE,0.003976248019063079,0.8848081557054072,NA,"BOTH +/-16%, OXT/NAL +/-8%"
0.16,329,TRUE,TRUE,0.00283577422581414,0.5981062710028577,NA,"BOTH +/-16%, OXT/NAL +/-8%"
0.16,330,TRUE,TRUE,2.053814829675113e-6,0.7375749518499337,NA,"BOTH +/-16%, OXT/NAL +/-8%"
0.16,331,TRUE,TRUE,0.13495866454067584,0.16358847932040532,NA,"BOTH +/-16%, OXT/NAL +/-8%"
0.16,332,TRUE,TRUE,0.01435602318907744,0.22040534841823267,NA,"BOTH +/-16%, OXT/NAL +/-8%"
0.16,333,TRUE,TRUE,2.677267360498544e-4,0.8592539327753819,NA,"BOTH +/-16%, OXT/NAL +/-8%"
0.16,334,TRUE,TRUE,3.9879116762558226e-6,0.2947024537130524,NA,"BOTH +/-16%, OXT/NAL +/-8%"
0.16,335,TRUE,TRUE,1.7948761072823774e-4,0.23610638566275155,NA,"BOTH +/-16%, OXT/NAL +/-8%"
0.16,336,TRUE,TRUE,2.223956002642032e-4,0.2967251785956076,NA,"BOTH +/-16%, OXT/NAL +/-8%"
0.16,337,TRUE,TRUE,8.350068342008752e-4,0.1236408813741018,NA,"BOTH +/-16%, OXT/NAL +/-8%"
0.16,338,TRUE,TRUE,4.3839386668723795e-6,0.3402343095146954,NA,"BOTH +/-16%, OXT/NAL +/-8%"
0.16,339,TRUE,TRUE,2.5066133690290355e-5,0.26316133410778453,NA,"BOTH +/-16%, OXT/NAL +/-8%"
0.16,340,TRUE,TRUE,0.006128428966379112,0.8163048145416171,NA,"BOTH +/-16%, OXT/NAL +/-8%"
0.16,341,TRUE,TRUE,7.896987109550325e-11,0.017561578247567974,NA,"BOTH +/-16%, OXT/NAL +/-8%"
0.16,342,TRUE,TRUE,9.491619651719717e-5,0.17079034235356455,NA,"BOTH +/-16%, OXT/NAL +/-8%"
0.16,343,TRUE,TRUE,5.667109453349114e-4,0.1178411044956855,NA,"BOTH +/-16%, OXT/NAL +/-8%"
0.16,344,TRUE,TRUE,2.6721756736278303e-6,0.8656674628938574,NA,"BOTH +/-16%, OXT/NAL +/-8%"
0.16,345,TRUE,TRUE,5.401447460942842e-7,0.8970065876018309,NA,"BOTH +/-16%, OXT/NAL +/-8%"
0.16,346,TRUE,TRUE,0.005335997345648673,0.8492588114197703,NA,"BOTH +/-16%, OXT/NAL +/-8%"
0.16,347,TRUE,TRUE,0.16504257841533404,0.37195303818105047,NA,"BOTH +/-16%, OXT/NAL +/-8%"
0.16,348,TRUE,TRUE,0.052870148199272195,0.5752258415612651,NA,"BOTH +/-16%, OXT/NAL +/-8%"
0.16,349,TRUE,TRUE,0.002136364365764833,0.8222747800762257,NA,"BOTH +/-16%, OXT/NAL +/-8%"
0.16,350,TRUE,TRUE,2.428807317599531e-6,0.27103093082532376,NA,"BOTH +/-16%, OXT/NAL +/-8%"
0.16,351,TRUE,TRUE,8.345900216563559e-8,0.05399725911509167,NA,"BOTH +/-16%, OXT/NAL +/-8%"
0.16,352,TRUE,TRUE,0.015661456859666346,0.025739650589021175,NA,"BOTH +/-16%, OXT/NAL +/-8%"
0.16,353,TRUE,TRUE,0.03627054164040343,0.4146150985508054,NA,"BOTH +/-16%, OXT/NAL +/-8%"
0.16,354,TRUE,TRUE,0.4137003424761866,0.6860921821757904,NA,"BOTH +/-16%, OXT/NAL +/-8%"
0.16,355,TRUE,TRUE,0.014711828997025703,0.5338524187070446,NA,"BOTH +/-16%, OXT/NAL +/-8%"
0.16,356,TRUE,TRUE,5.281827727640284e-4,0.6180107174385548,NA,"BOTH +/-16%, OXT/NAL +/-8%"
0.16,357,TRUE,TRUE,4.102107075853014e-4,0.16285936791517916,NA,"BOTH +/-16%, OXT/NAL +/-8%"
0.16,358,TRUE,TRUE,0.004209479390645911,0.28135905947416484,NA,"BOTH +/-16%, OXT/NAL +/-8%"
0.16,359,TRUE,TRUE,0.0101588342713613,0.40213673141926193,NA,"BOTH +/-16%, OXT/NAL +/-8%"
0.16,360,TRUE,TRUE,0.007563243508580107,0.4725483648120042,NA,"BOTH +/-16%, OXT/NAL +/-8%"
0.16,361,TRUE,TRUE,7.109321476235057e-4,0.7475339499165843,NA,"BOTH +/-16%, OXT/NAL +/-8%"
0.16,362,TRUE,TRUE,0.003700839978740036,0.7242641312770957,NA,"BOTH +/-16%, OXT/NAL +/-8%"
0.16,363,TRUE,TRUE,1.5528753361032223e-4,0.37421572553038845,NA,"BOTH +/-16%, OXT/NAL +/-8%"
0.16,364,TRUE,TRUE,5.907151866171704e-4,0.993441970986183,NA,"BOTH +/-16%, OXT/NAL +/-8%"
0.16,365,TRUE,TRUE,4.615088282305535e-9,1.8908995213037506e-4,NA,"BOTH +/-16%, OXT/NAL +/-8%"
0.16,366,TRUE,TRUE,1.4620878414120587e-4,0.9114325627866997,NA,"BOTH +/-16%, OXT/NAL +/-8%"
0.16,367,TRUE,TRUE,2.797248839132079e-4,0.08463806140188201,NA,"BOTH +/-16%, OXT/NAL +/-8%"
0.16,368,TRUE,TRUE,3.053180150455344e-4,0.3023375921320285,NA,"BOTH +/-16%, OXT/NAL +/-8%"
0.16,369,TRUE,TRUE,2.715128626033281e-4,0.19037365556067642,NA,"BOTH +/-16%, OXT/NAL +/-8%"
0.16,370,TRUE,TRUE,9.04791780137061e-4,0.332044755307742,NA,"BOTH +/-16%, OXT/NAL +/-8%"
0.16,371,TRUE,TRUE,4.567882818163853e-4,0.6598916778901566,NA,"BOTH +/-16%, OXT/NAL +/-8%"
0.16,372,TRUE,TRUE,0.24283172337076547,0.07809398794159939,NA,"BOTH +/-16%, OXT/NAL +/-8%"
0.16,373,TRUE,TRUE,0.004641240593399389,0.6478951449180936,NA,"BOTH +/-16%, OXT/NAL +/-8%"
0.16,374,TRUE,TRUE,0.013051540742334541,0.4565326076426917,NA,"BOTH +/-16%, OXT/NAL +/-8%"
0.16,375,TRUE,TRUE,0.0014417847786657469,0.2647287935897859,NA,"BOTH +/-16%, OXT/NAL +/-8%"
0.16,376,TRUE,TRUE,1.2576856895192646e-4,0.7683191240735159,NA,"BOTH +/-16%, OXT/NAL +/-8%"
0.16,377,TRUE,TRUE,2.2147507429999054e-5,0.2641068601719229,NA,"BOTH +/-16%, OXT/NAL +/-8%"
0.16,378,TRUE,TRUE,2.416066716066377e-4,0.5255850124151952,NA,"BOTH +/-16%, OXT/NAL +/-8%"
0.16,379,TRUE,TRUE,1.284272997680041e-9,0.07545603672431087,NA,"BOTH +/-16%, OXT/NAL +/-8%"
0.16,380,TRUE,TRUE,2.2925493046398047e-4,0.8106639675255034,NA,"BOTH +/-16%, OXT/NAL +/-8%"
0.16,381,TRUE,TRUE,8.918013103569605e-7,0.1947117563607334,NA,"BOTH +/-16%, OXT/NAL +/-8%"
0.16,382,TRUE,TRUE,5.370114117209901e-6,0.31876624911573714,NA,"BOTH +/-16%, OXT/NAL +/-8%"
0.16,383,TRUE,TRUE,0.08049993908781664,0.047275181449315216,NA,"BOTH +/-16%, OXT/NAL +/-8%"
0.16,384,TRUE,TRUE,7.152314355830668e-5,0.35494651347279127,NA,"BOTH +/-16%, OXT/NAL +/-8%"
0.16,385,TRUE,TRUE,3.5593837409222224e-6,0.28323710493996557,NA,"BOTH +/-16%, OXT/NAL +/-8%"
0.16,386,TRUE,TRUE,0.0013307422738824872,0.1426219364933111,NA,"BOTH +/-16%, OXT/NAL +/-8%"
0.16,387,TRUE,TRUE,5.96539258699773e-5,0.6960994102833671,NA,"BOTH +/-16%, OXT/NAL +/-8%"
0.16,388,TRUE,TRUE,0.0022993564948213105,0.18702871844918947,NA,"BOTH +/-16%, OXT/NAL +/-8%"
0.16,389,TRUE,TRUE,2.576895303320212e-4,0.34340139515747115,NA,"BOTH +/-16%, OXT/NAL +/-8%"
0.16,390,TRUE,TRUE,1.5777127123483863e-7,0.2265952843147581,NA,"BOTH +/-16%, OXT/NAL +/-8%"
0.16,391,TRUE,TRUE,2.00356659440218e-5,0.2200757838323593,NA,"BOTH +/-16%, OXT/NAL +/-8%"
0.16,392,TRUE,TRUE,1.0059109611499815e-5,0.5645703245019211,NA,"BOTH +/-16%, OXT/NAL +/-8%"
0.16,393,TRUE,TRUE,0.008263776053565335,0.9072247071556558,NA,"BOTH +/-16%, OXT/NAL +/-8%"
0.16,394,TRUE,TRUE,0.0030583231704779026,0.9489025342293805,NA,"BOTH +/-16%, OXT/NAL +/-8%"
0.16,395,TRUE,TRUE,3.443691957982147e-4,0.394664706879915,NA,"BOTH +/-16%, OXT/NAL +/-8%"
0.16,396,TRUE,TRUE,0.001113366112153678,0.22453573339529997,NA,"BOTH +/-16%, OXT/NAL +/-8%"
0.16,397,TRUE,TRUE,1.4635459796632733e-7,0.574453713148143,NA,"BOTH +/-16%, OXT/NAL +/-8%"
0.16,398,TRUE,TRUE,5.647533074867363e-10,0.631394847274038,NA,"BOTH +/-16%, OXT/NAL +/-8%"
0.16,399,TRUE,TRUE,0.017776776658767687,0.8374671086155197,NA,"BOTH +/-16%, OXT/NAL +/-8%"
0.16,400,TRUE,TRUE,8.944972843922871e-4,0.527615512522938,NA,"BOTH +/-16%, OXT/NAL +/-8%"
0.16,401,TRUE,TRUE,2.7710998867608326e-7,0.6044188159912014,NA,"BOTH +/-16%, OXT/NAL +/-8%"
0.16,402,TRUE,TRUE,3.6251834823176413e-7,0.5969346760514403,NA,"BOTH +/-16%, OXT/NAL +/-8%"
0.16,403,TRUE,TRUE,2.0334689763733176e-4,0.5147254651636732,NA,"BOTH +/-16%, OXT/NAL +/-8%"
0.16,404,TRUE,TRUE,1.0372734195354313e-5,0.5191429921711037,NA,"BOTH +/-16%, OXT/NAL +/-8%"
0.16,405,TRUE,TRUE,1.759855943779442e-6,0.32465920832080003,NA,"BOTH +/-16%, OXT/NAL +/-8%"
0.16,406,TRUE,TRUE,9.690102565931342e-4,0.9995864886063199,NA,"BOTH +/-16%, OXT/NAL +/-8%"
0.16,407,TRUE,TRUE,4.912741588669877e-4,0.5062401304990809,NA,"BOTH +/-16%, OXT/NAL +/-8%"
0.16,408,TRUE,TRUE,0.0014845340356212696,0.01555555602621144,NA,"BOTH +/-16%, OXT/NAL +/-8%"
0.16,409,TRUE,TRUE,3.560117383203165e-5,0.24381806427582745,NA,"BOTH +/-16%, OXT/NAL +/-8%"
0.16,410,TRUE,TRUE,0.0015448757665622803,0.5310881996798691,NA,"BOTH +/-16%, OXT/NAL +/-8%"
0.16,411,TRUE,TRUE,2.3121621162541884e-7,0.10844065121294391,NA,"BOTH +/-16%, OXT/NAL +/-8%"
0.16,412,TRUE,TRUE,0.0010588311540534652,0.8834233848667206,NA,"BOTH +/-16%, OXT/NAL +/-8%"
0.16,413,TRUE,TRUE,2.3302930650709777e-5,0.5585177029843397,NA,"BOTH +/-16%, OXT/NAL +/-8%"
0.16,414,TRUE,TRUE,0.0036508758987406696,0.26826324081829606,NA,"BOTH +/-16%, OXT/NAL +/-8%"
0.16,415,TRUE,TRUE,0.0040957800664806025,0.034096382157924314,NA,"BOTH +/-16%, OXT/NAL +/-8%"
0.16,416,TRUE,TRUE,3.458472696183002e-5,0.5341671068399853,NA,"BOTH +/-16%, OXT/NAL +/-8%"
0.16,417,TRUE,TRUE,2.490454148426117e-4,0.24797996867769762,NA,"BOTH +/-16%, OXT/NAL +/-8%"
0.16,418,TRUE,TRUE,3.5840745342612905e-9,0.9120634785001178,NA,"BOTH +/-16%, OXT/NAL +/-8%"
0.16,419,TRUE,TRUE,0.0062452100290693105,0.1218907027609288,NA,"BOTH +/-16%, OXT/NAL +/-8%"
0.16,420,TRUE,TRUE,1.0397168886217788e-4,0.2776929027010112,NA,"BOTH +/-16%, OXT/NAL +/-8%"
0.16,421,TRUE,TRUE,3.865794115667046e-6,0.08728451524218252,NA,"BOTH +/-16%, OXT/NAL +/-8%"
0.16,422,TRUE,TRUE,5.179141035700708e-4,0.19125056874348956,NA,"BOTH +/-16%, OXT/NAL +/-8%"
0.16,423,TRUE,TRUE,1.4390320174678797e-4,0.553918395403516,NA,"BOTH +/-16%, OXT/NAL +/-8%"
0.16,424,TRUE,TRUE,9.170649678509549e-5,0.3002464066054434,NA,"BOTH +/-16%, OXT/NAL +/-8%"
0.16,425,TRUE,TRUE,1.9942295681238694e-7,0.20665814161560886,NA,"BOTH +/-16%, OXT/NAL +/-8%"
0.16,426,TRUE,TRUE,4.404151081057828e-6,0.17115226488278762,NA,"BOTH +/-16%, OXT/NAL +/-8%"
0.16,427,TRUE,TRUE,6.983995055982492e-4,0.8789550877863027,NA,"BOTH +/-16%, OXT/NAL +/-8%"
0.16,428,TRUE,TRUE,0.01590875372998014,0.9122744921210497,NA,"BOTH +/-16%, OXT/NAL +/-8%"
0.16,429,TRUE,TRUE,0.022002237530936247,0.09010148415482626,NA,"BOTH +/-16%, OXT/NAL +/-8%"
0.16,430,TRUE,TRUE,1.0386950726550494e-5,0.6561079675545536,NA,"BOTH +/-16%, OXT/NAL +/-8%"
0.16,431,TRUE,TRUE,0.2576843608307077,0.06764954153378828,NA,"BOTH +/-16%, OXT/NAL +/-8%"
0.16,432,TRUE,TRUE,2.381253878893064e-5,0.42978456855710706,NA,"BOTH +/-16%, OXT/NAL +/-8%"
0.16,433,TRUE,TRUE,2.930677394872504e-6,2.638790373549936e-4,NA,"BOTH +/-16%, OXT/NAL +/-8%"
0.16,434,TRUE,TRUE,5.711072436055212e-4,0.2191231899673298,NA,"BOTH +/-16%, OXT/NAL +/-8%"
0.16,435,TRUE,TRUE,0.006381850606709939,0.11668374669276413,NA,"BOTH +/-16%, OXT/NAL +/-8%"
0.16,436,TRUE,TRUE,0.001862511545406677,0.6372215187554346,NA,"BOTH +/-16%, OXT/NAL +/-8%"
0.16,437,TRUE,TRUE,0.0016577076451139761,0.9625900162314871,NA,"BOTH +/-16%, OXT/NAL +/-8%"
0.16,438,TRUE,TRUE,0.10907042944856268,0.6001222443865871,NA,"BOTH +/-16%, OXT/NAL +/-8%"
0.16,439,TRUE,TRUE,3.1190758448477535e-4,0.16612292070103593,NA,"BOTH +/-16%, OXT/NAL +/-8%"
0.16,440,TRUE,TRUE,1.4216284388883255e-4,0.9456965695111046,NA,"BOTH +/-16%, OXT/NAL +/-8%"
0.16,441,TRUE,TRUE,4.0247969958059085e-8,0.3622048906969187,NA,"BOTH +/-16%, OXT/NAL +/-8%"
0.16,442,TRUE,TRUE,4.221455138030022e-7,0.09795137775460445,NA,"BOTH +/-16%, OXT/NAL +/-8%"
0.16,443,TRUE,TRUE,1.2241486758849893e-7,0.18515854119878333,NA,"BOTH +/-16%, OXT/NAL +/-8%"
0.16,444,TRUE,TRUE,2.4398889306008378e-4,0.8849347173319773,NA,"BOTH +/-16%, OXT/NAL +/-8%"
0.16,445,TRUE,TRUE,2.7621273679756383e-9,0.09031179128549846,NA,"BOTH +/-16%, OXT/NAL +/-8%"
0.16,446,TRUE,TRUE,3.511037315769573e-5,0.9944504223280002,NA,"BOTH +/-16%, OXT/NAL +/-8%"
0.16,447,TRUE,TRUE,0.031419349339358665,0.6705329676814771,NA,"BOTH +/-16%, OXT/NAL +/-8%"
0.16,448,TRUE,TRUE,0.0069984464267810196,0.5842588448388498,NA,"BOTH +/-16%, OXT/NAL +/-8%"
0.16,449,TRUE,TRUE,0.2314812596008913,0.7680958685863963,NA,"BOTH +/-16%, OXT/NAL +/-8%"
0.16,450,TRUE,TRUE,0.3324427176427726,0.025750879170935787,NA,"BOTH +/-16%, OXT/NAL +/-8%"
0.16,451,TRUE,TRUE,7.835699358499551e-4,0.5861350267018612,NA,"BOTH +/-16%, OXT/NAL +/-8%"
0.16,452,TRUE,TRUE,1.0852940071804116e-4,0.5979765252512385,NA,"BOTH +/-16%, OXT/NAL +/-8%"
0.16,453,TRUE,TRUE,5.847661838806666e-5,0.09718697287215493,NA,"BOTH +/-16%, OXT/NAL +/-8%"
0.16,454,TRUE,TRUE,0.001279830709529134,0.5768741451931418,NA,"BOTH +/-16%, OXT/NAL +/-8%"
0.16,455,TRUE,TRUE,0.028492251556323924,0.5903436893011118,NA,"BOTH +/-16%, OXT/NAL +/-8%"
0.16,456,TRUE,TRUE,0.002630181912199328,0.9683227337287351,NA,"BOTH +/-16%, OXT/NAL +/-8%"
0.16,457,TRUE,TRUE,4.710818652308157e-4,0.37161351196455433,NA,"BOTH +/-16%, OXT/NAL +/-8%"
0.16,458,TRUE,TRUE,1.6988786871796269e-4,0.5483578150420627,NA,"BOTH +/-16%, OXT/NAL +/-8%"
0.16,459,TRUE,TRUE,0.009621326894687109,0.3524949866520982,NA,"BOTH +/-16%, OXT/NAL +/-8%"
0.16,460,TRUE,TRUE,1.1610190981524413e-4,0.5761569726097614,NA,"BOTH +/-16%, OXT/NAL +/-8%"
0.16,461,TRUE,TRUE,1.5741933156502452e-5,0.12757300521620282,NA,"BOTH +/-16%, OXT/NAL +/-8%"
0.16,462,TRUE,TRUE,5.897618297551774e-8,0.8304909247936789,NA,"BOTH +/-16%, OXT/NAL +/-8%"
0.16,463,TRUE,TRUE,0.001863855153465435,0.5784145495053314,NA,"BOTH +/-16%, OXT/NAL +/-8%"
0.16,464,TRUE,TRUE,0.04830324114083994,0.9944509248983091,NA,"BOTH +/-16%, OXT/NAL +/-8%"
0.16,465,TRUE,TRUE,7.852846277292318e-4,0.3192448515655527,NA,"BOTH +/-16%, OXT/NAL +/-8%"
0.16,466,TRUE,TRUE,2.2197112250968881e-4,0.846179596368747,NA,"BOTH +/-16%, OXT/NAL +/-8%"
0.16,467,TRUE,TRUE,0.27791985205118935,0.03166823563911959,NA,"BOTH +/-16%, OXT/NAL +/-8%"
0.16,468,TRUE,TRUE,1.4263123290028049e-5,0.14051303258087608,NA,"BOTH +/-16%, OXT/NAL +/-8%"
0.16,469,TRUE,TRUE,6.071439867964739e-4,0.8324454698427759,NA,"BOTH +/-16%, OXT/NAL +/-8%"
0.16,470,TRUE,TRUE,5.394571686751381e-5,0.2675491835295468,NA,"BOTH +/-16%, OXT/NAL +/-8%"
0.16,471,TRUE,TRUE,0.02205000471973834,0.3853177488953662,NA,"BOTH +/-16%, OXT/NAL +/-8%"
0.16,472,TRUE,TRUE,0.001535402938790554,0.4988575232539372,NA,"BOTH +/-16%, OXT/NAL +/-8%"
0.16,473,TRUE,TRUE,2.3008763199324668e-4,0.5619297797135331,NA,"BOTH +/-16%, OXT/NAL +/-8%"
0.16,474,TRUE,TRUE,1.0291206124397598e-4,0.12182152789444736,NA,"BOTH +/-16%, OXT/NAL +/-8%"
0.16,475,TRUE,TRUE,0.05559445842331638,0.9735518976208317,NA,"BOTH +/-16%, OXT/NAL +/-8%"
0.16,476,TRUE,TRUE,1.3787185824163188e-5,0.8727506967149953,NA,"BOTH +/-16%, OXT/NAL +/-8%"
0.16,477,TRUE,TRUE,1.262089313979749e-5,0.22043399170671696,NA,"BOTH +/-16%, OXT/NAL +/-8%"
0.16,478,TRUE,TRUE,0.008937586945657643,0.44769391095008537,NA,"BOTH +/-16%, OXT/NAL +/-8%"
0.16,479,TRUE,TRUE,0.0023803462151529395,0.17475030584371695,NA,"BOTH +/-16%, OXT/NAL +/-8%"
0.16,480,TRUE,TRUE,2.0185700039542442e-4,0.2985124206003291,NA,"BOTH +/-16%, OXT/NAL +/-8%"
0.16,481,TRUE,TRUE,3.3576719041572206e-5,0.09695245985153712,NA,"BOTH +/-16%, OXT/NAL +/-8%"
0.16,482,TRUE,TRUE,0.009181691776857449,0.6634866741653276,NA,"BOTH +/-16%, OXT/NAL +/-8%"
0.16,483,TRUE,TRUE,0.060637951152019136,0.7020505695575159,NA,"BOTH +/-16%, OXT/NAL +/-8%"
0.16,484,TRUE,TRUE,0.004110666805462083,0.2402788466956088,NA,"BOTH +/-16%, OXT/NAL +/-8%"
0.16,485,TRUE,TRUE,0.0030822820061598365,0.992440172033709,NA,"BOTH +/-16%, OXT/NAL +/-8%"
0.16,486,TRUE,TRUE,0.010089148996718129,0.1134928494655186,NA,"BOTH +/-16%, OXT/NAL +/-8%"
0.16,487,TRUE,TRUE,3.065179479203545e-8,0.21828999884276504,NA,"BOTH +/-16%, OXT/NAL +/-8%"
0.16,488,TRUE,TRUE,1.2750687739800975e-7,0.47136492860568996,NA,"BOTH +/-16%, OXT/NAL +/-8%"
0.16,489,TRUE,TRUE,0.01818753637659372,0.4174074497141585,NA,"BOTH +/-16%, OXT/NAL +/-8%"
0.16,490,TRUE,TRUE,0.005287973836553501,0.7328041829560492,NA,"BOTH +/-16%, OXT/NAL +/-8%"
0.16,491,TRUE,TRUE,0.025160242510523005,0.8483891096209344,NA,"BOTH +/-16%, OXT/NAL +/-8%"
0.16,492,TRUE,TRUE,1.0500398795592289e-4,0.6458091717320344,NA,"BOTH +/-16%, OXT/NAL +/-8%"
0.16,493,TRUE,TRUE,0.018172277191531243,0.7884485787877492,NA,"BOTH +/-16%, OXT/NAL +/-8%"
0.16,494,TRUE,TRUE,4.593690136164471e-6,0.05942987455624,NA,"BOTH +/-16%, OXT/NAL +/-8%"
0.16,495,TRUE,TRUE,0.009978079777783696,0.9259167553011507,NA,"BOTH +/-16%, OXT/NAL +/-8%"
0.16,496,TRUE,TRUE,1.1775020016477138e-4,0.8580497884483439,NA,"BOTH +/-16%, OXT/NAL +/-8%"
0.16,497,TRUE,TRUE,0.0020394029036759193,0.6544995900272619,NA,"BOTH +/-16%, OXT/NAL +/-8%"
0.16,498,TRUE,TRUE,0.06472386791067768,0.384646534495092,NA,"BOTH +/-16%, OXT/NAL +/-8%"
0.16,499,TRUE,TRUE,6.95368094466972e-7,0.1426440844064449,NA,"BOTH +/-16%, OXT/NAL +/-8%"
0.16,500,TRUE,TRUE,7.975047356774881e-4,0.48530626941871413,NA,"BOTH +/-16%, OXT/NAL +/-8%"
